[2026-09-25T20:20:11Z] Building NixOS Minimal ISO
Configuration: /mnt/d/customnixosiso/iso-minimal.nix
Output directory: /mnt/d/customnixosiso
Log: /mnt/d/customnixosiso/build-logs/nixos-minimal-20260925T202011Z.log
unpacking 'https://nixos.org/channels/nixos-26.05/nixexprs.tar.xz' into the Git cache...
these 146 derivations will be built:
  /nix/store/0d3sn6z1lrfknv7b9zzrgn6zqhjzk6d7-initrd-hostname.drv
  /nix/store/7d954f6fqbi5haqzmrwaph6zlqz6m4ks-system-path.drv
  /nix/store/6j9nyxp39rnwcr0fij8a5syamwd7fz83-dbus-1.drv
  /nix/store/0dhm5frdkj8zcbf9nn9w6dpv8naz28d9-X-Restart-Triggers-dbus-broker.drv
  /nix/store/5wwzcda7ln2fk7zy1957ad4jrspwhamv-unit-dbus-broker.service.drv
  /nix/store/0q0clb9ky06dkqgvk4zd7lczsly4dcw4-user-units.drv
  /nix/store/1fja68ff0apkj79vc2y49n4cc9s23w2f-initrd-shadow.drv
  /nix/store/7xbrzbskmdwa1spv7jfcv3jxgb37yahg-offline-installed-profile.drv
  /nix/store/xs1qmpb3xv8y9wvbjjqikc6svf766vsj-calamares-nixos-extensions-0.3.23.drv
  /nix/store/qy71i18lq069ch2h54vrwzgd0wahhc5m-calamares-3.4.2.drv
  /nix/store/2v5c3iyqy1v18bbcfgd5pj0fpdyajp13-autostart-calamares.drv
  /nix/store/5i9r0rkkifhm5nj5y7s9n03rpgjjzimf-calamares-offline.drv
  /nix/store/5vlcivhr6kn8qrcnicc1bvmd7chncq3r-install-nixos.desktop.drv
  /nix/store/h1c1jhrbhia7jfywg6j4880yv5fb60y5-system-path.drv
  /nix/store/d0jlgwww04aw9nzcr5m2jysd0gmljndb-dbus-1.drv
  /nix/store/y9jm23as0s2i9vwvrkrsh3a5qk3q2hl0-X-Restart-Triggers-dbus-broker.drv
  /nix/store/33msd0kimqh7vilgsgkvwh3qb3xw31gs-unit-dbus-broker.service.drv
  /nix/store/q4x5c10qkf04xzf71990k4ppy7fs41s4-nix.conf.drv
  /nix/store/39v0zh1w3ymswpwc397fmqpql1jv85p8-X-Restart-Triggers-nix-daemon.drv
  /nix/store/4qyl3pxxvz9la827yvjiyk1gznzf0js4-etc-sysctl.d-60-nixos.conf.drv
  /nix/store/yqgxdhzp6l0mkkphnsxh8yfrcg4ra077-extra-udev-rules.drv
  /nix/store/m03bbiw9d9xz252v4dmmcplh27sy0yn9-udev-rules.drv
  /nix/store/pr0mha2wl1d0aphzsg9hz9166p3nadmj-X-Restart-Triggers-systemd-udevd.drv
  /nix/store/4g0l70kmh0krnrpxfjhk3zlkch4b75fw-unit-systemd-udevd.service.drv
  /nix/store/4jqq1b8lyjgi7cy1940l9456m63fyvxh-unit-systemd-fsck-.service.drv
  /nix/store/nc00j4fy3ghh297lc39rhyj75ck4ypq7-system-path.drv
  /nix/store/dbvmgnykwcmp8kbbm69wm7njak18b0gk-X-Restart-Triggers-polkit.drv
  /nix/store/4mfgl8lw44llckrm8xdm40axbgxr2wy8-unit-polkit.service.drv
  /nix/store/5x7qy6zkaa5sndkrkaxxj3gaxbkk8bs4-unit-serial-getty-.service.drv
  /nix/store/cn2msppx3jqa5absd3v7m5br644lx23v-nixos.conf.drv
  /nix/store/5439w2z3md6b0xw6jx8ls8gp63k3gr5f-X-Restart-Triggers-systemd-modules-load.drv
  /nix/store/6693givn0riyai9mdznz2ycypg7hwddp-unit-systemd-modules-load.service.drv
  /nix/store/pjsjfjm07cqf0x7rv0kgr69sfpzbmnz9-etc-wpa_supplicant-nixos.conf.drv
  /nix/store/z2ffwj33kwf6wjk82p7ijkjh9sc1q4q5-X-Restart-Triggers-wpa_supplicant.drv
  /nix/store/ah9p2xplzbr111yq4w69v8sn4grd843h-unit-wpa_supplicant.service.drv
  /nix/store/88zqvs9774dvxmvbqy6bk9m61060gv07-etc-os-release.drv
  /nix/store/64jkfskk961zbvdv4r2q2rb5w7rlnmac-shutdown-ramfs-contents.json.drv
  /nix/store/da6613a0f40nrrjy6i9i1s4gb5dl839d-unit-generate-shutdown-ramfs.service.drv
  /nix/store/h4dhph5zrhcirlk1nb2bfsyh8l3n5833-unit-container-getty-.service.drv
  /nix/store/gvdkaq6mwxzbs0zfzzm1h0n8lpn17zv0-nixos-tmpfiles.d.drv
  /nix/store/qj9skgrhr5czxpg9pp2zksfx3j5kaq2c-tmpfiles.d.drv
  /nix/store/s32yfc48czwr27bq7bpyhqmgb67wrmcm-X-Restart-Triggers-systemd-tmpfiles-resetup.drv
  /nix/store/i044nmhi1j36zw0nns0jjzj91xwhkkrp-unit-systemd-tmpfiles-resetup.service.drv
  /nix/store/lz93lmjza9ildl1hzhn9nyb41ix0wwqj-unit-accounts-daemon.service.drv
  /nix/store/mb4cms45jmvbn2xnw5qqjf8jicqpcd8q-unit-logrotate-checkconf.service.drv
  /nix/store/d50ghnvlr8imyv9jyphj5dq6nh5vq0ah-X-Restart-Triggers-systemd-sysctl.drv
  /nix/store/pnrk29s0xb0frx8x3wa30crq2q7bymcs-unit-systemd-sysctl.service.drv
  /nix/store/6q4g80b6na3myysh15v67i4pl6bwzanr-getty.drv
  /nix/store/m035z32r87rx1wih4dl13g1h0bbjn7kc-getty.drv
  /nix/store/slvp2j8djsdh6f1jhkzqs014ff1sh0nn-unit-getty-.service.drv
  /nix/store/l5rk9185a8lvcnsl1jy90sa7h6ss6fj2-nix.conf.drv
  /nix/store/yh3g1dryn79l8n1swxfzg91kah852j8n-X-Restart-Triggers-nix-daemon.drv
  /nix/store/vql9axil2v3wif9dyq8agpzjyzm539hv-unit-nix-daemon.service.drv
  /nix/store/kzk1cy5ippmq2gpm52q329b1xp7b87y2-dbus-1.drv
  /nix/store/5rnmvc49m4cxm29ypzgmbvgzm7mkcg0x-X-Restart-Triggers-dbus-broker.drv
  /nix/store/x8pawy2py6a1jjyqsbbf5wk4cv0pmv0r-unit-dbus-broker.service.drv
  /nix/store/rxipdbl6r9bild4z02wx0fqmrlqx5sga-sshd.conf-settings.drv
  /nix/store/wr49xwiavbllqqpyrn9s0mw5xzv44aia-sshd.conf-final.drv
  /nix/store/ayyq1iw80xvim9l2hamnnalar10nfivq-X-Restart-Triggers-sshd.drv
  /nix/store/y26mkz0bq35r4nk37bn0h7ic6ay2vha1-unit-sshd.service.drv
  /nix/store/z68i939hpmszjxlndcw1aa39h9mb1qkb-unit-systemd-makefs-.service.drv
  /nix/store/gyfqhkdghr9gybzvn85gmfrr66xjgwrj-console-env.drv
  /nix/store/vs56vlrmcbxaw1falgh9mvz1kcfhlw5y-X-Restart-Triggers-reload-systemd-vconsole-setup.drv
  /nix/store/zb49wkl4kbl6g7dxjh2wa85vvsdp45z8-unit-reload-systemd-vconsole-setup.service.drv
  /nix/store/zmyg4qq2k8sv39ifb517ymbzw66anxx8-unit-logrotate.service.drv
  /nix/store/5l62sfq161in69y9pmaidkz4xkqh9z58-system-units.drv
  /nix/store/63mllc57kdyb66ra8yd896b0494h3644-user-generators.drv
  /nix/store/4m3smvd5yjqjp8h3kcyr545ndhx0b871-string-hosts.drv
  /nix/store/adckvvxw6a249bn898wdv1kyl5cqcn3f-hosts.drv
  /nix/store/afy2ld79ndy837vpficqrk9g56mlrlxj-etc-systemd-system.conf.drv
  /nix/store/q5jnb0v67vjy6mr8k1y0cfxrhlwyzi4s-set-environment.drv
  /nix/store/bx8687lg254vwqpb90l8pyir4vsv89xb-etc-profile.drv
  /nix/store/kx8cnilw40vrv600n3cw5qmf615n1js0-firmware.drv
  /nix/store/h5pmfa67biibn09pqrznc17a6qj1dgda-etc-modprobe.d-firmware.conf.drv
  /nix/store/h762j4qx7fcxx50fxn2jf6akdg8xhv3s-etc-fstab.drv
  /nix/store/rihdjg3cw4v4af7fqafrnsvqfr2d2754-unit-dbus-broker.service.drv
  /nix/store/h7drfjp62k305vq6phyj4dbbak1hqjww-user-units.drv
  /nix/store/iwx5c0aixi20j1hhddmc2mbn48dl9w7k-etc-hostname.drv
  /nix/store/k0wjzq47ckrarl3fybzfl888mmnpinmg-hwdb.bin.drv
  /nix/store/m6plxiaf5k6hrpn6sy4ipv1zkyj8a6ch-issue.drv
  /nix/store/n6x8n2zqdr28vf2nhbmnnp2r1a6jaymz-etc-nix-registry.json.drv
  /nix/store/n9yhalk04x5awij3nknpy0mlkxr42blq-system-shutdown.drv
  /nix/store/v3nqjxihxmrxiwcsgvj3bgh432mfi8z5-system-generators.drv
  /nix/store/437mixglpkf1sp1x4584sx79pgxdrq48-etc.drv
  /nix/store/ry77ki2b2xhqqyz1fhf1bmc1q347f33v-users-groups.json.drv
  /nix/store/4bbcfcpk8a9i8195ivkzka99w2w3rcg4-dry-activate.drv
  /nix/store/d3jjkv7hcbayalgyp9pcm1dfbw4gygrz-nuke-refs.drv
  /nix/store/x14vj83pwiyjx0y0khh87g15kv0q5q8h-linux-6.18.53-modules.drv
  /nix/store/55cn52ml43jicb8yyc661n41jl8mh92f-linux-6.18.53-modules-shrunk.drv
  /nix/store/5j5n5qa2w9pfmsw4qvh75ysm3cgnaam4-etc-dconf-profile-user.drv
  /nix/store/dawplpicsr65cm64dd72g6h7q9yqibb7-X-Restart-Triggers-polkit.drv
  /nix/store/5wdvia4m4cy08gbkdzxyybwqzx6p1gms-unit-polkit.service.drv
  /nix/store/86lw8ix65yfn4458wcs62d9lly3qv8rk-initrd-unit-env.drv
  /nix/store/r5sp51j6cp743gxk999glvkjw98n7lld-initrd-bin-env.drv
  /nix/store/8c119cxz8jqnzb4zmdb05r91w8rfvsd5-initrd-udev-rules.drv
  /nix/store/spwv6mgfs14s4nb444ng0bm0bblrcs0y-initrd-fstab.drv
  /nix/store/fg8nd8r32fq5rj8zkpfla5v3mmg1jrhp-initrd-system.conf.drv
  /nix/store/jl7zy18jixyz7axx61132yj9ivhzdhc4-initrd-nixos.conf.drv
  /nix/store/pvdvjrsdd93sjdvfigssf5cq4s4v64z9-initrd-release.drv
  /nix/store/xa4zvz3gsgsghvkyphlrzdx7paqf6fs1-unit-initrd-parse-etc.service.drv
  /nix/store/vahav6l9kb8lfk9z2sd863v7gcn95cai-initrd-units.drv
  /nix/store/x7nmaxycxk7ybxhxbp0skrph1g7xx9nh-initrd-hostname.drv
  /nix/store/ayyqi699wzgiscphf7mik5b4vabdc8w7-initrd-linux-6.18.53.drv
  /nix/store/agbfi43kmcvim2hjz9nphyhs8agak86x-boot.json.drv
  /nix/store/dbf5b3gny7w1q1982vbvaxl0yxg5n224-check-sshd-config.drv
  /nix/store/kcsj3ailw6j87akdxwwrl8q7zqi19pyh-activate.drv
  /nix/store/c4y64bnzwk5ngmn739wdyb2xfdx7nnqz-local-cmds.drv
  /nix/store/sqrc7hgwms7p4b4ydqm4y0lx23ppcrvv-stage-2-init.sh.drv
  /nix/store/l3g5hdiw5005bmwkql08iznjk15rlygh-check-mountpoints.drv
  /nix/store/p5xxf1g6iayb9f1k0753w9q01c0g0iaj-copy-extra-files.drv
  /nix/store/hysh5qirj7ap7ngg9gssdfha1adl9r90-systemd-boot.drv
  /nix/store/z0z9xhj1md4l0ckknak35ml484nsxbvl-install-systemd-boot.sh.drv
  /nix/store/8lpf2hddbmsircpaf2fw6xzkq10hfp2l-nixos-system-offline-install-seed-26.05.10529.c508844df6c2.drv
  /nix/store/icnccgy6mghyywrh9zr0jllx3mk10mr8-initrd-linux-6.18.53.drv
  /nix/store/avq5wdm48b18dczzqmnqxn8wbfk78y0p-boot.json.drv
  /nix/store/ahiwd393nvrcf2vb2zixm0sp5cwmxl4l-boot.json.drv
  /nix/store/9f6ba8qp4p18c2kyy2klnp48lnlc4j0z-unit-dbus-broker.service.drv
  /nix/store/wv51vrk3s1kgfbz5wn61sk9m96qliqq1-unit-accounts-daemon.service.drv
  /nix/store/bkdmmxyf5pcqli8rrfldhgr9piqilgls-system-units.drv
  /nix/store/k9rxh9drrjqlpdz55pfxp56zciblrfdm-etc.drv
  /nix/store/adn4i74mk8pi1yhbimxxdnas7yvcwrrq-grub-config.xml.drv
  /nix/store/r8rs7vxh4akqafg4kvzcbykws2b88mxf-perl-5.42.0-env.drv
  /nix/store/xkqza10mr86162z7a2ykzc7yx5y7ibjf-install-grub.pl.drv
  /nix/store/l7g61qq3dkps6wapjrnazdi6ifik8p8b-install-grub.sh.drv
  /nix/store/pv22lmsbwg28312qyjqk7pxhdidl1ksn-activate.drv
  /nix/store/gzx6jr1165zwsy56qmivz18kx5rjnirs-nixos-system-offline-install-seed-26.05.10529.c508844df6c2.drv
  /nix/store/6fg92l9d7p90gggvry8iaq364nh822jj-etc-hostname.drv
  /nix/store/8gw8ilwi8njbw0w21zixmncixnx8p3ik-etc-dconf-db-nixos.d-00-branding.drv
  /nix/store/8wj834g5bhkh5vmrg00pjn2l7s84hvgl-user-units.drv
  /nix/store/dbcwv7b3c1dhfmrd22cb8dx8lninkfyw-etc-nixos-release.drv
  /nix/store/q42sg6hi1b5kgxw095n8ckxnfnmnbj4h-unit-accounts-daemon.service.drv
  /nix/store/sfagh6f9zmzzgc5bbh181d73avwc6cxg-X-Restart-Triggers-polkit.drv
  /nix/store/qawfx95pcaqam4x546ryw0clmycc368p-unit-polkit.service.drv
  /nix/store/vl9j129jj5z8lg16pbyzi4qsl3ns0zfz-unit-nix-daemon.service.drv
  /nix/store/wzkyc3438xyjp3rl5qaj4fnddxdf34a9-unit-dbus-broker.service.drv
  /nix/store/wdfghlb9d8vi80g28qpq4s186q5l6mhk-system-units.drv
  /nix/store/skc8j7zgy6apbkg6wlb64syzxpb2i01q-string-hosts.drv
  /nix/store/wjgahf8fj9ars0l3balp1ppgqfk61nfg-hosts.drv
  /nix/store/jdf64nhld4xclgzqh6awrwpcb2la6whp-etc.drv
  /nix/store/zkhjgrjiqvc7k69wd8y4q936y9d7pbv0-activate.drv
  /nix/store/9adg7cr4g0lqjj3b3s5i8h00nk93r6f7-nixos-system-nixos-minimal-26.05.10529.c508844df6c2.drv
  /nix/store/62mnnxlqbvf8x970mybvgngpz7kz3v8v-isolinux.cfg.drv
  /nix/store/hd849xwdwv4l5cf833wi6vjzcl9dmr72-closure-info.drv
  /nix/store/w09rfpfd7nkvbp15wy1k1qqzlfy14pbk-efi-directory.drv
  /nix/store/zh2marii37snrpnk7jqg33dbvkamc63j-efi-image_eltorito.drv
  /nix/store/abcm90h8imbfb5wnymw52fg4g5y6f2na-nixos-26.05.10529.c508844df6c2-x86_64-linux.iso.drv
these 117 paths will be fetched (602.58 MiB download, 853.70 MiB unpacked):
  /nix/store/780712rji4sqxwikh3sjwk7flxfs7lpq-bootspec-2.0.0
  /nix/store/r6fvab9lw2x0s3vx4ipdvkdp6k5qziq6-breeze-icons-6.26.0-dev
  /nix/store/hkldf6z3rlgdrkza4avb5r4hplr4kfa0-cmake-4.1.6
  /nix/store/1nm6iqhjqf7mgbs4jfsdyzmpy2wkanb2-curl-8.22.0
  /nix/store/xl49c2p144x32nzbm3gqsavw5mkqdjyf-double-conversion-3.3.1-dev
  /nix/store/crgihy5wmdgxr1j4qwhn9r80cqj399b3-espeak-ng-1.52.0.1-unstable-2025-09-09
  /nix/store/dw4fnvkahpz1dnw2yssnfw6plknapcm2-extra-cmake-modules-6.26.0
  /nix/store/ch3f2jpc29xv1x19lzdg91xcyap20kdi-icu4c-76.1-dev
  /nix/store/s5h21p73pxa9cw62qfiwkk9sgsmg184c-karchive-6.26.0-dev
  /nix/store/v2d5m0gqkl57id64kvrhcv5pi7l2y90a-kbookmarks-6.26.0-dev
  /nix/store/k624xmn554b5di1rwhxh2hcp2nkayz49-kcodecs-6.26.0-dev
  /nix/store/z1z7maap1hrb8n4m683p64zhcv5rp10s-kcolorscheme-6.26.0-dev
  /nix/store/xl3zqkb22v71sparfnwyfk6vbqbdj0ab-kcompletion-6.26.0-dev
  /nix/store/5izplnvfpcflfc0yn5mb39zq62hc33zh-kconfig-6.26.0-dev
  /nix/store/g3m1yk5ny8q40xrshbszmf2r2yy57p7s-kconfigwidgets-6.26.0-dev
  /nix/store/g8hrjarczwdw2p6b87fl14nf6c9qarg7-kcoreaddons-6.26.0-dev
  /nix/store/j6vafrl22ahfjf3jh9k3bv1wwfy13dgg-kcrash-6.26.0-dev
  /nix/store/dr7v15f1mqfiw2faaxyva936y9756xms-kdbusaddons-6.26.0-dev
  /nix/store/n5r9n1j5fs17m66ql5igqjg0rk4c45zw-kdoctools-6.26.0-dev
  /nix/store/07s8qw3066vq1pjbs04ph8qn891zj7wc-kglobalaccel-6.26.0-dev
  /nix/store/p0g8aylqyjdhjsqdsd3032wamgxdvnpr-kguiaddons-6.26.0-dev
  /nix/store/qmzr9yb127zdlzy2wxr8ycc4q3rvqhif-ki18n-6.26.0-dev
  /nix/store/s9f37p0prsd471x3a6nvvj3dzk0qdaq8-kiconthemes-6.26.0-dev
  /nix/store/ryhqpg45r31f5byyk9l4kv121vciqp9s-kio-6.26.0-dev
  /nix/store/3p0k4h04f05hmf503lkc53v1575vclqi-kirigami-6.26.0-dev
  /nix/store/mprvzaaqbzvfzjnqw56fn1wa84c1rh1f-kirigami-wrapped-6.26.0
  /nix/store/nn0z3jcqw3mznl33g6rpd8kz49g13fy5-kitemviews-6.26.0-dev
  /nix/store/pdfkwqs0wygyxa4rmdzlwa8qw220hi2i-kjobwidgets-6.26.0-dev
  /nix/store/gyfs78g6kaag8dp4186bh7nldrrmji85-kmod-31-dev
  /nix/store/7v2m3ypav0m3y3bbkxslqf2clamsv4im-knotifications-6.26.0-dev
  /nix/store/0wav0yw45cnlisgxdqv7bv7dnj6y1drz-kpackage-6.26.0-dev
  /nix/store/mn0zh389d1h6rk2hb3wrwqfhcn0q2x92-kparts-6.26.0-dev
  /nix/store/vkgdz3xrm9amlbkhf6xqj6n6nl9spcpm-kpmcore-26.04.3-dev
  /nix/store/4f4wcm49d1lmgv3jcqa99ajbw3gzh7ip-kservice-6.26.0-dev
  /nix/store/30pbrmir6bhm79kwrnz34rnfnm7s83cb-ksvg-6.26.0-dev
  /nix/store/6qrjz89hdnja51jvnc356606vi4cd5vw-ktextwidgets-6.26.0-dev
  /nix/store/pjqwsz039bgdqawr9cckcr4vqcahqa9s-kwallet-6.26.0-dev
  /nix/store/l9pi2pzk882lcwan42n26ar21j9ck4dr-kwidgetsaddons-6.26.0-dev
  /nix/store/0sf2i0ab9db16fik0cqyk2m99k0rf91w-kwindowsystem-6.26.0-dev
  /nix/store/3hwfmczaq9b7y4zjqi3iiflirycvyhzv-kxmlgui-6.26.0-dev
  /nix/store/rmplbhg1i8dhdqri51h92wzphh7c86ch-libdatrie-2019-12-20
  /nix/store/scknx14fmqb6gysb3xjg96mqjv8lk9w3-libdatrie-2019-12-20-bin
  /nix/store/jdnvj8bwna2qx9av03wc8r0f1pb15gg2-libdatrie-2019-12-20-dev
  /nix/store/k4x5qncz2z0hwlim04lxahrcz8ypj3kh-libepoxy-1.5.10-dev
  /nix/store/0wrhqkxcfbamsqy00n4xvvjig7gp0vya-libplasma-6.6.6-dev
  /nix/store/gj6slswdava901z545457bc4vrmm0l67-libproxy-0.5.12-dev
  /nix/store/8kf0sipjn6wgab983c9l6lk0l3xymwyw-libpwquality-1.4.5
  /nix/store/qafl8pf8m2qk5ipq5cr81bmvprs5fz9a-libpwquality-1.4.5-dev
  /nix/store/p26d57jkbqld6za803ghxg0i32xqhjkz-libselinux-3.10-bin
  /nix/store/g8qrrzzyi9dzldx572cf1m5i5y4zpbi8-libselinux-3.10-dev
  /nix/store/pmnk257zkmdd44s5h82g4izlynwh4nn4-libsepol-3.10-bin
  /nix/store/a88k2lw63bmpy0zhizqkhm1523a5qw3q-libsepol-3.10-dev
  /nix/store/2zsc93rdfyzr11h2la2hyysxdcrhv4n4-libthai-0.1.30-dev
  /nix/store/a48cly3yqxwnk2bnq06qp566m8hqpqa6-liburcu-0.15.6-dev
  /nix/store/rv5nc2h2l6az8hh2b1mjm9bhzasi2iil-libxcb-cursor-0.1.6-dev
  /nix/store/mp0cafd0lpnc15na21jxxrf55132vk3b-libxcb-image-0.4.1-dev
  /nix/store/x1hq3yjg1v2r1klhm6vsvhxfiw9hr6fx-libxcb-keysyms-0.4.1-dev
  /nix/store/kg4z89w8am3pgvvnwag2rv8rax7277zc-libxcb-render-util-0.3.10-dev
  /nix/store/jqi4cz768xqgxs0q6rfr4v36y69q9813-libxcb-util-0.4.1-dev
  /nix/store/0kk49lbr9ljig5s9yhlpy6jskz3har07-libxcb-wm-0.4.2-dev
  /nix/store/i8j1arbrkx2l7q5s9p6kmjjnqrcih4as-libxdmcp-1.1.5-dev
  /nix/store/pp7mfy4pj0297q6x4zl0ry0sks0xs7cb-libxslt-1.1.45-dev
  /nix/store/yd63k0jz19hkv13nxfhhmhmz2ayfn1xm-lksctp-tools-1.0.21
  /nix/store/idplxvvxmxyqsqxkgr1hdmcglwd6qgs2-lttng-ust-2.14.0-bin
  /nix/store/acgx6vwiyzknzm3vpp0nbvr7v4i8hvg7-lttng-ust-2.14.0-dev
  /nix/store/ahi05dw04na67bcxvb8qkviqwm2s97xk-mariadb-connector-odbc-3.2.6
  /nix/store/l8sk7h1vqza1hqap49gm73ibfhqkyb87-mbrola-3.3-unstable-2024-01-29
  /nix/store/h5dv87p03wnxwgih9s1l9mykhibjvkfc-mbrola-voices-0-unstable-2020-03-30
  /nix/store/6vv8j2kp1p3i10wsaf9qmlrapzrjw4qg-md4c-0.5.2
  /nix/store/dvzpkwz6iwkdjywxs0jl6sj79mzffnxr-md4c-0.5.2-dev
  /nix/store/rzj6b0b2hfv41a08228l49afxcny6msv-ninja-1.13.2
  /nix/store/xvdf2dnj66vyyi0jjwxr17qjk0v3w8fp-nix-wallpaper-simple-dark-gray_bootloader.png
  /nix/store/37nlf3rw0hvi0v67wf39zy55pxnacr27-parted-3.7-dev
  /nix/store/q7x003kccv0my03bmgf677lxya3xkgw1-pcre2-10.48-bin
  /nix/store/l3yxvwihgb82zwybbkc3q67pjgk2qgq4-pcre2-10.48-dev
  /nix/store/6ddv2df599kdzw0hs7d84sm6p2lb6bs5-perl5.42.0-File-Copy-Recursive-0.45
  /nix/store/2h8rcbdij1hj9wa4f1papr8q1vqfkxvl-perl5.42.0-List-Compare-0.55
  /nix/store/4nz4vcfdf54nd2s38ccrjixmakg4f166-perl5.42.0-XML-LibXML-2.0210
  /nix/store/1a3mdz18a9hs2z5ny8pnkqpidl56qsqn-perl5.42.0-XML-NamespaceSupport-1.12
  /nix/store/cxdsam6aj7r5mlfxpn9mby4qgjrli292-perl5.42.0-XML-SAX-1.02
  /nix/store/g574z78j4j3fcq0iz1drw2642rfpw609-perl5.42.0-XML-SAX-Base-1.09
  /nix/store/6243iqbzw17gkkjlxsd4l7rzjsa361ak-plasma-activities-6.6.6-dev
  /nix/store/kpcn2svd9vizahkw1zimyd7j22ij1lx4-plasma-wayland-protocols-1.21.0
  /nix/store/l4vvacazf3v3hfbsv29pll67ligj7q7g-plasma-wayland-protocols-1.21.0-dev
  /nix/store/yfls3fwd1xd95lzc4wys0xsbnnwn20ba-polkit-qt-1-0.201.1-dev
  /nix/store/777gzd5dm1fxhxfhnnnjj7d26vyq02wr-psqlodbc-18.00.0001
  /nix/store/1w61dyrdx3m1j1asb0anvqfm51ypfcbd-qqc2-desktop-style-6.26.0-dev
  /nix/store/kdang07055ca5vzkz17lc2m7d8z1bfmx-qt5compat-6.11.2-dev
  /nix/store/fsp40zchdgjy4ix95mdyyapmwy7wg7l3-qtbase-6.11.2-dev
  /nix/store/cayfzbbznqzwbbh5gh6rj9nv2xdx08dx-qtdeclarative-6.11.2-dev
  /nix/store/laifpkm575l1wnwkdz0lyl2wz8mrkhfl-qtlanguageserver-6.11.2
  /nix/store/h9d4x640z6yi45c0n24i3sn3v5cpni7r-qtlanguageserver-6.11.2-dev
  /nix/store/plgavg2aj3fr8cyg501ifh07x6m3gs8x-qtshadertools-6.11.2-dev
  /nix/store/aaqg3h4mbfq54z0iwpa2wm65r49wcmni-qtsvg-6.11.2-dev
  /nix/store/mzxm17i3f07hxpn9nv97709pqs05n7i3-qttools-6.11.2-dev
  /nix/store/8bdgr9m6vkwc9n0aph2nxdfknaysbn2f-rhash-1.4.6
  /nix/store/r6cnl6xlm8a38qv4wkq9335k13jsasd3-simple-dark-gray-bootloader-2018-08-28
  /nix/store/k31v1155vp35mm1w811wk8m3snzqkg8r-solid-6.26.0-dev
  /nix/store/8siyyqzzjd7aikpy0b97x7w62x9qi1zb-sonnet-6.26.0-dev
  /nix/store/0y94dh014s9c53z323r6xwzvn1ay8anc-source
  /nix/store/b7gd2f8rgg3jwxlzdxlr5qvl9hss2cph-speech-dispatcher-0.12.1
  /nix/store/xgfz9p8zlidr67cpavsny252s5fmk4jh-sqlite-connector-odbc-0.99991
  /nix/store/088p1bsyjryahsfq6rac8cbgpfxn202j-strace-7.2
  /nix/store/wxn9g8gc3pz4kr0nsv96idj3pjccjzyg-strace-7.2-man
  /nix/store/8cb9g6lwnk0kz0q3wyykdidw9czgrzs7-sudoers
  /nix/store/n93yssr2zk80l2xq0l19js2s9nkmjzmz-systemd-260.4-dev
  /nix/store/4p5idml74680s3lagqglr0sim6gnj9n4-systemd-boot
  /nix/store/7vv0k56w54wrm5wlpbyiwq2zh08yfz7w-systemd-generator-environment.json
  /nix/store/3zfp2fqzvjx1hjsvgx2xklmychc2iyma-unit-script-wpa_supplicant-start
  /nix/store/syzz1s2n546ygb46iw64qnr9f8j19jvf-util-linux-2.42.3
  /nix/store/1xqi639qvj5kvil170h0js19nagp3mch-util-linux-2.42.3-dev
  /nix/store/y5cj46l7dvhhz63rwgqd71h723i3q8c0-vulkan-headers-1.4.341.0
  /nix/store/bvsiqv4ij1b0kfz3mch0ccdc7chzw2b1-vulkan-loader-1.4.341.0-dev
  /nix/store/2538xjxnxbnmgbq2cnz51d0da86p1k73-wayland-scanner-1.25.0-bin
  /nix/store/pvxjck6vzh4gk3k0mwp57pfyacj1cn87-wayland-scanner-1.25.0-dev
  /nix/store/iq38ick3a95q96ak57bkxl1x51fk99qn-wpa_supplicant-2.11
  /nix/store/jjdywvallvp23kv6m64hmxlq5d6izkhp-wrap-qt6-apps-hook
copying path '/nix/store/8cb9g6lwnk0kz0q3wyykdidw9czgrzs7-sudoers' from 'https://cache.nixos.org'...
copying path '/nix/store/wxn9g8gc3pz4kr0nsv96idj3pjccjzyg-strace-7.2-man' from 'https://cache.nixos.org'...
copying path '/nix/store/6ddv2df599kdzw0hs7d84sm6p2lb6bs5-perl5.42.0-File-Copy-Recursive-0.45' from 'https://cache.nixos.org'...
copying path '/nix/store/1a3mdz18a9hs2z5ny8pnkqpidl56qsqn-perl5.42.0-XML-NamespaceSupport-1.12' from 'https://cache.nixos.org'...
copying path '/nix/store/2h8rcbdij1hj9wa4f1papr8q1vqfkxvl-perl5.42.0-List-Compare-0.55' from 'https://cache.nixos.org'...
copying path '/nix/store/4p5idml74680s3lagqglr0sim6gnj9n4-systemd-boot' from 'https://cache.nixos.org'...
building '/nix/store/8gw8ilwi8njbw0w21zixmncixnx8p3ik-etc-dconf-db-nixos.d-00-branding.drv'...
copying path '/nix/store/780712rji4sqxwikh3sjwk7flxfs7lpq-bootspec-2.0.0' from 'https://cache.nixos.org'...
copying path '/nix/store/h5dv87p03wnxwgih9s1l9mykhibjvkfc-mbrola-voices-0-unstable-2020-03-30' from 'https://cache.nixos.org'...
copying path '/nix/store/xvdf2dnj66vyyi0jjwxr17qjk0v3w8fp-nix-wallpaper-simple-dark-gray_bootloader.png' from 'https://cache.nixos.org'...
copying path '/nix/store/0y94dh014s9c53z323r6xwzvn1ay8anc-source' from 'https://cache.nixos.org'...
copying path '/nix/store/088p1bsyjryahsfq6rac8cbgpfxn202j-strace-7.2' from 'https://cache.nixos.org'...
copying path '/nix/store/7vv0k56w54wrm5wlpbyiwq2zh08yfz7w-systemd-generator-environment.json' from 'https://cache.nixos.org'...
copying path '/nix/store/iq38ick3a95q96ak57bkxl1x51fk99qn-wpa_supplicant-2.11' from 'https://cache.nixos.org'...
copying path '/nix/store/g574z78j4j3fcq0iz1drw2642rfpw609-perl5.42.0-XML-SAX-Base-1.09' from 'https://cache.nixos.org'...
copying path '/nix/store/y5cj46l7dvhhz63rwgqd71h723i3q8c0-vulkan-headers-1.4.341.0' from 'https://cache.nixos.org'...
copying path '/nix/store/dw4fnvkahpz1dnw2yssnfw6plknapcm2-extra-cmake-modules-6.26.0' from 'https://cache.nixos.org'...
copying path '/nix/store/1nm6iqhjqf7mgbs4jfsdyzmpy2wkanb2-curl-8.22.0' from 'https://cache.nixos.org'...
building '/nix/store/l3g5hdiw5005bmwkql08iznjk15rlygh-check-mountpoints.drv'...
building '/nix/store/gyfqhkdghr9gybzvn85gmfrr66xjgwrj-console-env.drv'...
structuredAttrs is enabled
copying path '/nix/store/xl49c2p144x32nzbm3gqsavw5mkqdjyf-double-conversion-3.3.1-dev' from 'https://cache.nixos.org'...
created 331 symlinks in user environment
building '/nix/store/p5xxf1g6iayb9f1k0753w9q01c0g0iaj-copy-extra-files.drv'...
copying path '/nix/store/ch3f2jpc29xv1x19lzdg91xcyap20kdi-icu4c-76.1-dev' from 'https://cache.nixos.org'...
building '/nix/store/vs56vlrmcbxaw1falgh9mvz1kcfhlw5y-X-Restart-Triggers-reload-systemd-vconsole-setup.drv'...
building '/nix/store/5j5n5qa2w9pfmsw4qvh75ysm3cgnaam4-etc-dconf-profile-user.drv'...
copying path '/nix/store/gyfs78g6kaag8dp4186bh7nldrrmji85-kmod-31-dev' from 'https://cache.nixos.org'...
copying path '/nix/store/rmplbhg1i8dhdqri51h92wzphh7c86ch-libdatrie-2019-12-20' from 'https://cache.nixos.org'...
building '/nix/store/h762j4qx7fcxx50fxn2jf6akdg8xhv3s-etc-fstab.drv'...
copying path '/nix/store/scknx14fmqb6gysb3xjg96mqjv8lk9w3-libdatrie-2019-12-20-bin' from 'https://cache.nixos.org'...
building '/nix/store/6fg92l9d7p90gggvry8iaq364nh822jj-etc-hostname.drv'...
copying path '/nix/store/k4x5qncz2z0hwlim04lxahrcz8ypj3kh-libepoxy-1.5.10-dev' from 'https://cache.nixos.org'...
copying path '/nix/store/gj6slswdava901z545457bc4vrmm0l67-libproxy-0.5.12-dev' from 'https://cache.nixos.org'...
building '/nix/store/iwx5c0aixi20j1hhddmc2mbn48dl9w7k-etc-hostname.drv'...
copying path '/nix/store/8kf0sipjn6wgab983c9l6lk0l3xymwyw-libpwquality-1.4.5' from 'https://cache.nixos.org'...
building '/nix/store/n6x8n2zqdr28vf2nhbmnnp2r1a6jaymz-etc-nix-registry.json.drv'...
building '/nix/store/dbcwv7b3c1dhfmrd22cb8dx8lninkfyw-etc-nixos-release.drv'...
building '/nix/store/88zqvs9774dvxmvbqy6bk9m61060gv07-etc-os-release.drv'...
copying path '/nix/store/p26d57jkbqld6za803ghxg0i32xqhjkz-libselinux-3.10-bin' from 'https://cache.nixos.org'...
building '/nix/store/4qyl3pxxvz9la827yvjiyk1gznzf0js4-etc-sysctl.d-60-nixos.conf.drv'...
copying path '/nix/store/pmnk257zkmdd44s5h82g4izlynwh4nn4-libsepol-3.10-bin' from 'https://cache.nixos.org'...
building '/nix/store/afy2ld79ndy837vpficqrk9g56mlrlxj-etc-systemd-system.conf.drv'...
building '/nix/store/d50ghnvlr8imyv9jyphj5dq6nh5vq0ah-X-Restart-Triggers-systemd-sysctl.drv'...
copying path '/nix/store/2zsc93rdfyzr11h2la2hyysxdcrhv4n4-libthai-0.1.30-dev' from 'https://cache.nixos.org'...
building '/nix/store/pjsjfjm07cqf0x7rv0kgr69sfpzbmnz9-etc-wpa_supplicant-nixos.conf.drv'...
building '/nix/store/yqgxdhzp6l0mkkphnsxh8yfrcg4ra077-extra-udev-rules.drv'...
copying path '/nix/store/a48cly3yqxwnk2bnq06qp566m8hqpqa6-liburcu-0.15.6-dev' from 'https://cache.nixos.org'...
building '/nix/store/z2ffwj33kwf6wjk82p7ijkjh9sc1q4q5-X-Restart-Triggers-wpa_supplicant.drv'...
building '/nix/store/kx8cnilw40vrv600n3cw5qmf615n1js0-firmware.drv'...
structuredAttrs is enabled
copying path '/nix/store/jdnvj8bwna2qx9av03wc8r0f1pb15gg2-libdatrie-2019-12-20-dev' from 'https://cache.nixos.org'...
copying path '/nix/store/qafl8pf8m2qk5ipq5cr81bmvprs5fz9a-libpwquality-1.4.5-dev' from 'https://cache.nixos.org'...
created 2 symlinks in user environment
building '/nix/store/6q4g80b6na3myysh15v67i4pl6bwzanr-getty.drv'...
building '/nix/store/h5pmfa67biibn09pqrznc17a6qj1dgda-etc-modprobe.d-firmware.conf.drv'...
building '/nix/store/m035z32r87rx1wih4dl13g1h0bbjn7kc-getty.drv'...
building '/nix/store/k0wjzq47ckrarl3fybzfl888mmnpinmg-hwdb.bin.drv'...
Adding hwdb files for package /nix/store/b4b1x5fhxpc78qlclj3kdbl9dd49g917-systemd-260.4
copying path '/nix/store/rv5nc2h2l6az8hh2b1mjm9bhzasi2iil-libxcb-cursor-0.1.6-dev' from 'https://cache.nixos.org'...
Adding hwdb files for package /nix/store/x4szrxwmr1k2b8ijyccxy2wf2mpxkzlp-ipv6-privacy-extensions.rules
Adding hwdb files for package /nix/store/4ks41hg0mckfwyfwlds0b3jwhyjdwwzk-ipv6-privacy-extensions.rules
Adding hwdb files for package /nix/store/mmmjwk8iaj5mm09ay8zwg9z7mr5rk6zk-lvm2-2.03.39
Adding hwdb files for package /nix/store/vqka54r2mwrdzixmr5k02w1b347jkhan-bcache-tools-1.1
Adding hwdb files for package /nix/store/xc6p6ila89bfp9jwskzhzcrwih7l8n02-colord-1.4.8
Adding hwdb files for package /nix/store/wb35bfr1w9qypgf6rjkrwmmljh6q9nqy-networkmanager-1.56.0
Adding hwdb files for package /nix/store/55lvl6m9jvylg1731p0brwps2ld922vk-modemmanager-1.24.2
Adding hwdb files for package /nix/store/ccad1x1j9r6xqcj8mmfwbbqkd0hhbkh3-upower-1.91.4
Adding hwdb files for package /nix/store/7662vji8320ai31xdaq013kq8ra2r9nd-udisks-2.11.2
Adding hwdb files for package /nix/store/8fqzjfbx64ihd82dfysymcmf5s0cyi8c-extra-udev-rules
Adding hwdb files for package /nix/store/lp3s0rnxqk1fbnad9qv9ki9hqf6sccyv-extra-hwdb-file
Adding hwdb files for package /nix/store/cwy3ra1q060m3symc8a5m7w2jb16jxd3-sane-backends-1.4.0
Adding hwdb files for package /nix/store/ba2ibsgwf3s3h94qn0ay7w506k44bxhk-net.conf
Adding hwdb files for package /nix/store/fwnp5rzb0lba9hf8gbmyby933960h1cn-power-profiles-daemon-0.30
Adding hwdb files for package /nix/store/905zcpp69xpx0n7psaqlqrbyf8fr1kyh-libinput-1.31.3
Adding hwdb files for package /nix/store/ibvav4a29lrkpsiwqa6s66q385zp00vh-bolt-0.9.8
Adding hwdb files for package /nix/store/prf1csgf68z9230bqzn611zx06xgpdcy-bluez-5.86
Adding hwdb files for package /nix/store/jinj0z7yrazh0wr7falg4bjpmp6px80f-system-config-printer-1.5.18
Adding hwdb files for package /nix/store/h6y56zyixbr4ncvnbdkq56j5w062qhij-pipewire-1.6.6
Adding hwdb files for package /nix/store/9y7ia2yp423aa4rn7gh32y8ncrg9w8g2-libmtp-1.1.23
Generating hwdb database...
copying path '/nix/store/a88k2lw63bmpy0zhizqkhm1523a5qw3q-libsepol-3.10-dev' from 'https://cache.nixos.org'...
copying path '/nix/store/mp0cafd0lpnc15na21jxxrf55132vk3b-libxcb-image-0.4.1-dev' from 'https://cache.nixos.org'...

building '/nix/store/r5sp51j6cp743gxk999glvkjw98n7lld-initrd-bin-env.drv'...
structuredAttrs is enabled
created 362 symlinks in user environment
copying path '/nix/store/x1hq3yjg1v2r1klhm6vsvhxfiw9hr6fx-libxcb-keysyms-0.4.1-dev' from 'https://cache.nixos.org'...
building '/nix/store/spwv6mgfs14s4nb444ng0bm0bblrcs0y-initrd-fstab.drv'...
building '/nix/store/0d3sn6z1lrfknv7b9zzrgn6zqhjzk6d7-initrd-hostname.drv'...
building '/nix/store/x7nmaxycxk7ybxhxbp0skrph1g7xx9nh-initrd-hostname.drv'...
building '/nix/store/icnccgy6mghyywrh9zr0jllx3mk10mr8-initrd-linux-6.18.53.drv'...
structuredAttrs is enabled
/bin -> /nix/store/60g4bydddr3w5scvhi75mdf6xm587il0-initrd-bin-env/bin
/etc/dbus-1 -> /nix/store/ssrqbhrwn4g2zrhh7i7xwkf6rp8dfn8j-dbus-1
/etc/fonts/fonts.conf -> /nix/store/061f0sq3a0f75havmrx5qbysqjq8m64v-initrd-fonts.conf
/etc/group -> /nix/store/paifapz49qcxbzkmkhrcvzdfpkikz8pf-initrd-group
/etc/hostid -> /nix/store/q7a2zv422pklzlzvl4s2lq77vy25cv8q-gen-hostid
/etc/hostname -> /nix/store/ixm99vah2g9w3a4f16qgdx8sg56g0r77-initrd-hostname
/etc/initrd-release -> /nix/store/h3kbapgrgb9r8v7mv9x3jlajrwrq5xiq-initrd-release
/etc/kbd/keymaps -> /nix/store/a6w4gsrjwzpjn4pdzc3sg20ljarad2p2-console-env/share/keymaps
/etc/mdadm.conf -> /nix/store/qrvjd1hi6gna4ag7a0zdkg9h7c7pbnph-initrd-mdadm.conf
/etc/modprobe.d/debian.conf -> /nix/store/11i63hjwbylp9ivwa4ylk9cx2kdczl0c-kmod-debian-aliases.conf-30+20230601-2
/etc/modprobe.d/nixos.conf -> /nix/store/s90j4c2ifcnghm3azmb0850g36aaiqv2-etc-modprobe.d-nixos.conf
/etc/modprobe.d/systemd.conf -> /nix/store/b4b1x5fhxpc78qlclj3kdbl9dd49g917-systemd-260.4/lib/modprobe.d/systemd.conf
/etc/modprobe.d/ubuntu.conf -> /nix/store/fci0ml2wnyi96yf9q0vqy50rma0ccx4d-kmod-blacklist-31+20240202-2ubuntu8/modprobe.conf
/etc/modules-load.d/nixos.conf -> /nix/store/7g61x1fsx1ci5rvcblfnymvmn9q1r3zz-initrd-nixos.conf
/etc/os-release -> /nix/store/h3kbapgrgb9r8v7mv9x3jlajrwrq5xiq-initrd-release
/etc/passwd -> /nix/store/plxkxgr908zq7vmr5ln4006wcqapmcdj-initrd-passwd
/etc/plymouth/fonts -> /nix/store/b8qingl92zdarl6jlymvmwmghx97ad0b-plymouth-initrd-fonts
/etc/plymouth/logo.png -> /nix/store/v9l2xhbcl5f0gc1npcvv3gi6bz9616vk-nixos-icons-0-unstable-2025-06-28/share/icons/hicolor/48x48/apps/nix-snowflake-white.png
/etc/plymouth/plugins -> /nix/store/knhhkh7lfqvx63nahwzahvm0bhwqh5da-plymouth-initrd-plugins
/etc/plymouth/plymouthd.conf -> /nix/store/fz2mf45fzky07jzdkxv2nf2pix2j26br-plymouthd.conf
/etc/plymouth/plymouthd.defaults -> /nix/store/3dhnbjdckvh1yx9qjbrdja5j1zp5vklq-plymouth-26.134.222/share/plymouth/plymouthd.defaults
/etc/plymouth/themes -> /nix/store/rpvv19pgk24qdqg3kvd89kvrhf192m24-plymouth-initrd-themes
/etc/shadow -> /nix/store/hfa0nrs108lm948jcv2d7drssxafpvwh-initrd-shadow
/etc/shells -> /nix/store/f87kp62m93ffp5x1pzmcw3cfg1cbkcwn-initrd-shells
/etc/sysctl.d/nixos.conf -> /nix/store/zy0qq3hql582spw68x2fwpc1f0hyw0yd-initrd-nixos.conf
/etc/systemd/system -> /nix/store/j42c2cdxr3ncyvf76347r36476z7mz6z-initrd-units
/etc/systemd/system.conf -> /nix/store/ck05gfs4vnq95jhm99f3sqjz8l3lhfdv-initrd-system.conf
/etc/terminfo/l/linux -> /nix/store/97xgq8dwpmcadv42038lkkrnrjfy180a-ncurses-6.6/share/terminfo/l/linux
/etc/terminfo/v/vt100 -> /nix/store/97xgq8dwpmcadv42038lkkrnrjfy180a-ncurses-6.6/share/terminfo/v/vt100
/etc/terminfo/v/vt102 -> /nix/store/97xgq8dwpmcadv42038lkkrnrjfy180a-ncurses-6.6/share/terminfo/v/vt102
/etc/terminfo/v/vt220 -> /nix/store/97xgq8dwpmcadv42038lkkrnrjfy180a-ncurses-6.6/share/terminfo/v/vt220
/etc/udev/rules.d -> /nix/store/nrr8w3z3g1iwqrzh81lxd2xcp0sla4gy-initrd-udev-rules
/etc/vconsole.conf -> /nix/store/51b4vdqrwjh5b0i78kbxgl32jnf2zsin-vconsole.conf
/init -> /nix/store/b4b1x5fhxpc78qlclj3kdbl9dd49g917-systemd-260.4/lib/systemd/systemd
/lib -> /nix/store/md87wm8zpmzflqv1hpyri3sqliclqb1g-linux-6.18.53-modules-shrunk/lib
/sbin -> /nix/store/60g4bydddr3w5scvhi75mdf6xm587il0-initrd-bin-env/sbin
/usr/bin -> /nix/store/60g4bydddr3w5scvhi75mdf6xm587il0-initrd-bin-env/bin
/usr/sbin -> /nix/store/60g4bydddr3w5scvhi75mdf6xm587il0-initrd-bin-env/sbin
copying path '/nix/store/kg4z89w8am3pgvvnwag2rv8rax7277zc-libxcb-render-util-0.3.10-dev' from 'https://cache.nixos.org'...
Warning: Couldn't satisfy dependency libcrypt.so.1 for "/nix/store/b4b1x5fhxpc78qlclj3kdbl9dd49g917-systemd-260.4/lib/systemd/libsystemd-shared-260.so"
Warning: Couldn't satisfy dependency libcrypt.so.1.1 for "/nix/store/b4b1x5fhxpc78qlclj3kdbl9dd49g917-systemd-260.4/lib/systemd/libsystemd-shared-260.so"
copying path '/nix/store/jqi4cz768xqgxs0q6rfr4v36y69q9813-libxcb-util-0.4.1-dev' from 'https://cache.nixos.org'...
copying path '/nix/store/s5h21p73pxa9cw62qfiwkk9sgsmg184c-karchive-6.26.0-dev' from 'https://cache.nixos.org'...
copying path '/nix/store/k624xmn554b5di1rwhxh2hcp2nkayz49-kcodecs-6.26.0-dev' from 'https://cache.nixos.org'...
copying path '/nix/store/g8hrjarczwdw2p6b87fl14nf6c9qarg7-kcoreaddons-6.26.0-dev' from 'https://cache.nixos.org'...
copying path '/nix/store/dr7v15f1mqfiw2faaxyva936y9756xms-kdbusaddons-6.26.0-dev' from 'https://cache.nixos.org'...
copying path '/nix/store/07s8qw3066vq1pjbs04ph8qn891zj7wc-kglobalaccel-6.26.0-dev' from 'https://cache.nixos.org'...
copying path '/nix/store/qmzr9yb127zdlzy2wxr8ycc4q3rvqhif-ki18n-6.26.0-dev' from 'https://cache.nixos.org'...
copying path '/nix/store/nn0z3jcqw3mznl33g6rpd8kz49g13fy5-kitemviews-6.26.0-dev' from 'https://cache.nixos.org'...
copying path '/nix/store/l9pi2pzk882lcwan42n26ar21j9ck4dr-kwidgetsaddons-6.26.0-dev' from 'https://cache.nixos.org'...
copying path '/nix/store/g8qrrzzyi9dzldx572cf1m5i5y4zpbi8-libselinux-3.10-dev' from 'https://cache.nixos.org'...
copying path '/nix/store/0kk49lbr9ljig5s9yhlpy6jskz3har07-libxcb-wm-0.4.2-dev' from 'https://cache.nixos.org'...
copying path '/nix/store/i8j1arbrkx2l7q5s9p6kmjjnqrcih4as-libxdmcp-1.1.5-dev' from 'https://cache.nixos.org'...
copying path '/nix/store/pp7mfy4pj0297q6x4zl0ry0sks0xs7cb-libxslt-1.1.45-dev' from 'https://cache.nixos.org'...
copying path '/nix/store/yd63k0jz19hkv13nxfhhmhmz2ayfn1xm-lksctp-tools-1.0.21' from 'https://cache.nixos.org'...
copying path '/nix/store/idplxvvxmxyqsqxkgr1hdmcglwd6qgs2-lttng-ust-2.14.0-bin' from 'https://cache.nixos.org'...
copying path '/nix/store/ahi05dw04na67bcxvb8qkviqwm2s97xk-mariadb-connector-odbc-3.2.6' from 'https://cache.nixos.org'...
copying path '/nix/store/n5r9n1j5fs17m66ql5igqjg0rk4c45zw-kdoctools-6.26.0-dev' from 'https://cache.nixos.org'...
copying path '/nix/store/6vv8j2kp1p3i10wsaf9qmlrapzrjw4qg-md4c-0.5.2' from 'https://cache.nixos.org'...
copying path '/nix/store/rzj6b0b2hfv41a08228l49afxcny6msv-ninja-1.13.2' from 'https://cache.nixos.org'...
copying path '/nix/store/j6vafrl22ahfjf3jh9k3bv1wwfy13dgg-kcrash-6.26.0-dev' from 'https://cache.nixos.org'...
copying path '/nix/store/37nlf3rw0hvi0v67wf39zy55pxnacr27-parted-3.7-dev' from 'https://cache.nixos.org'...
copying path '/nix/store/q7x003kccv0my03bmgf677lxya3xkgw1-pcre2-10.48-bin' from 'https://cache.nixos.org'...
copying path '/nix/store/acgx6vwiyzknzm3vpp0nbvr7v4i8hvg7-lttng-ust-2.14.0-dev' from 'https://cache.nixos.org'...
copying path '/nix/store/0wav0yw45cnlisgxdqv7bv7dnj6y1drz-kpackage-6.26.0-dev' from 'https://cache.nixos.org'...
copying path '/nix/store/cxdsam6aj7r5mlfxpn9mby4qgjrli292-perl5.42.0-XML-SAX-1.02' from 'https://cache.nixos.org'...
copying path '/nix/store/dvzpkwz6iwkdjywxs0jl6sj79mzffnxr-md4c-0.5.2-dev' from 'https://cache.nixos.org'...
copying path '/nix/store/kpcn2svd9vizahkw1zimyd7j22ij1lx4-plasma-wayland-protocols-1.21.0' from 'https://cache.nixos.org'...
copying path '/nix/store/yfls3fwd1xd95lzc4wys0xsbnnwn20ba-polkit-qt-1-0.201.1-dev' from 'https://cache.nixos.org'...
copying path '/nix/store/777gzd5dm1fxhxfhnnnjj7d26vyq02wr-psqlodbc-18.00.0001' from 'https://cache.nixos.org'...
copying path '/nix/store/laifpkm575l1wnwkdz0lyl2wz8mrkhfl-qtlanguageserver-6.11.2' from 'https://cache.nixos.org'...
copying path '/nix/store/8bdgr9m6vkwc9n0aph2nxdfknaysbn2f-rhash-1.4.6' from 'https://cache.nixos.org'...
copying path '/nix/store/r6cnl6xlm8a38qv4wkq9335k13jsasd3-simple-dark-gray-bootloader-2018-08-28' from 'https://cache.nixos.org'...
copying path '/nix/store/4nz4vcfdf54nd2s38ccrjixmakg4f166-perl5.42.0-XML-LibXML-2.0210' from 'https://cache.nixos.org'...
building '/nix/store/jl7zy18jixyz7axx61132yj9ivhzdhc4-initrd-nixos.conf.drv'...
copying path '/nix/store/l4vvacazf3v3hfbsv29pll67ligj7q7g-plasma-wayland-protocols-1.21.0-dev' from 'https://cache.nixos.org'...
building '/nix/store/avq5wdm48b18dczzqmnqxn8wbfk78y0p-boot.json.drv'...
copying path '/nix/store/vkgdz3xrm9amlbkhf6xqj6n6nl9spcpm-kpmcore-26.04.3-dev' from 'https://cache.nixos.org'...
building '/nix/store/adn4i74mk8pi1yhbimxxdnas7yvcwrrq-grub-config.xml.drv'...
building '/nix/store/pvdvjrsdd93sjdvfigssf5cq4s4v64z9-initrd-release.drv'...
building '/nix/store/1fja68ff0apkj79vc2y49n4cc9s23w2f-initrd-shadow.drv'...
building '/nix/store/fg8nd8r32fq5rj8zkpfla5v3mmg1jrhp-initrd-system.conf.drv'...
building '/nix/store/8c119cxz8jqnzb4zmdb05r91w8rfvsd5-initrd-udev-rules.drv'...
Adding rules for package /nix/store/mmmjwk8iaj5mm09ay8zwg9z7mr5rk6zk-lvm2-2.03.39
Copying /nix/store/mmmjwk8iaj5mm09ay8zwg9z7mr5rk6zk-lvm2-2.03.39/lib/udev/rules.d/10-dm.rules to /nix/store/lhx0n845i0fafwv88ncmjj168psnnxkk-initrd-udev-rules/10-dm.rules
Copying /nix/store/mmmjwk8iaj5mm09ay8zwg9z7mr5rk6zk-lvm2-2.03.39/lib/udev/rules.d/11-dm-lvm.rules to /nix/store/lhx0n845i0fafwv88ncmjj168psnnxkk-initrd-udev-rules/11-dm-lvm.rules
Copying /nix/store/mmmjwk8iaj5mm09ay8zwg9z7mr5rk6zk-lvm2-2.03.39/lib/udev/rules.d/13-dm-disk.rules to /nix/store/lhx0n845i0fafwv88ncmjj168psnnxkk-initrd-udev-rules/13-dm-disk.rules
Copying /nix/store/mmmjwk8iaj5mm09ay8zwg9z7mr5rk6zk-lvm2-2.03.39/lib/udev/rules.d/69-dm-lvm.rules to /nix/store/lhx0n845i0fafwv88ncmjj168psnnxkk-initrd-udev-rules/69-dm-lvm.rules
Copying /nix/store/mmmjwk8iaj5mm09ay8zwg9z7mr5rk6zk-lvm2-2.03.39/lib/udev/rules.d/95-dm-notify.rules to /nix/store/lhx0n845i0fafwv88ncmjj168psnnxkk-initrd-udev-rules/95-dm-notify.rules
Adding rules for package /nix/store/vqka54r2mwrdzixmr5k02w1b347jkhan-bcache-tools-1.1
Copying /nix/store/vqka54r2mwrdzixmr5k02w1b347jkhan-bcache-tools-1.1/lib/udev/rules.d/69-bcache.rules to /nix/store/lhx0n845i0fafwv88ncmjj168psnnxkk-initrd-udev-rules/69-bcache.rules
Adding rules for package /nix/store/2lmc5jl570i09ax4sgcfi7fi5wyz9qrz-udev-fido2
Copying /nix/store/2lmc5jl570i09ax4sgcfi7fi5wyz9qrz-udev-fido2/lib/udev/rules.d/60-fido-id.rules to /nix/store/lhx0n845i0fafwv88ncmjj168psnnxkk-initrd-udev-rules/60-fido-id.rules
Adding rules for package /nix/store/hsx1pd00vc6k0qbyp1w2641a37q1dxsz-initrd-udev-rules
Copying /nix/store/hsx1pd00vc6k0qbyp1w2641a37q1dxsz-initrd-udev-rules/etc/udev/rules.d/60-cdrom_id.rules to /nix/store/lhx0n845i0fafwv88ncmjj168psnnxkk-initrd-udev-rules/60-cdrom_id.rules
Copying /nix/store/hsx1pd00vc6k0qbyp1w2641a37q1dxsz-initrd-udev-rules/etc/udev/rules.d/60-persistent-storage.rules to /nix/store/lhx0n845i0fafwv88ncmjj168psnnxkk-initrd-udev-rules/60-persistent-storage.rules
Copying /nix/store/hsx1pd00vc6k0qbyp1w2641a37q1dxsz-initrd-udev-rules/etc/udev/rules.d/75-net-description.rules to /nix/store/lhx0n845i0fafwv88ncmjj168psnnxkk-initrd-udev-rules/75-net-description.rules
Copying /nix/store/hsx1pd00vc6k0qbyp1w2641a37q1dxsz-initrd-udev-rules/etc/udev/rules.d/80-drivers.rules to /nix/store/lhx0n845i0fafwv88ncmjj168psnnxkk-initrd-udev-rules/80-drivers.rules
Copying /nix/store/hsx1pd00vc6k0qbyp1w2641a37q1dxsz-initrd-udev-rules/etc/udev/rules.d/80-net-setup-link.rules to /nix/store/lhx0n845i0fafwv88ncmjj168psnnxkk-initrd-udev-rules/80-net-setup-link.rules
Adding rules for package /nix/store/9m7f4933mxs9jwrakxckm75dra4h1lwa-initrd-udev-rules
Copying /nix/store/9m7f4933mxs9jwrakxckm75dra4h1lwa-initrd-udev-rules/etc/udev/rules.d/99-local.rules to /nix/store/lhx0n845i0fafwv88ncmjj168psnnxkk-initrd-udev-rules/99-local.rules
Checking that all programs called by relative paths in udev rules exist in /nix/store/b4b1x5fhxpc78qlclj3kdbl9dd49g917-systemd-260.4/lib/udev... OK
Checking that all programs called by absolute paths in udev rules exist... OK
Verifying udev rules using udevadm verify...

14 udev rules files have been checked.
  Success: 14
  Fail:    0
OK
building '/nix/store/86lw8ix65yfn4458wcs62d9lly3qv8rk-initrd-unit-env.drv'...
structuredAttrs is enabled
created 0 symlinks in user environment
building '/nix/store/xkqza10mr86162z7a2ykzc7yx5y7ibjf-install-grub.pl.drv'...
Running phase: patchPhase
Running phase: updateAutotoolsGnuConfigScriptsPhase
Running phase: configurePhase
no configure script, doing nothing
Running phase: buildPhase
Running phase: checkPhase
Running phase: installPhase
no Makefile or custom installPhase, doing nothing
Running phase: fixupPhase
shrinking RPATHs of ELF executables and libraries in /nix/store/b4yk07xyiw1fnxkck7m2m1dim7s8plf6-install-grub.pl
checking for references to /build/ in /nix/store/b4yk07xyiw1fnxkck7m2m1dim7s8plf6-install-grub.pl...
patching script interpreter paths in /nix/store/b4yk07xyiw1fnxkck7m2m1dim7s8plf6-install-grub.pl
building '/nix/store/m6plxiaf5k6hrpn6sy4ipv1zkyj8a6ch-issue.drv'...
building '/nix/store/x14vj83pwiyjx0y0khh87g15kv0q5q8h-linux-6.18.53-modules.drv'...
structuredAttrs is enabled
created 1 symlinks in user environment
structuredAttrs is enabled
kernel version is 6.18.53
building '/nix/store/c4y64bnzwk5ngmn739wdyb2xfdx7nnqz-local-cmds.drv'...
building '/nix/store/l5rk9185a8lvcnsl1jy90sa7h6ss6fj2-nix.conf.drv'...
copying path '/nix/store/k31v1155vp35mm1w811wk8m3snzqkg8r-solid-6.26.0-dev' from 'https://cache.nixos.org'...
Validating generated nix.conf
copying path '/nix/store/p0g8aylqyjdhjsqdsd3032wamgxdvnpr-kguiaddons-6.26.0-dev' from 'https://cache.nixos.org'...
building '/nix/store/q4x5c10qkf04xzf71990k4ppy7fs41s4-nix.conf.drv'...
Validating generated nix.conf
building '/nix/store/yh3g1dryn79l8n1swxfzg91kah852j8n-X-Restart-Triggers-nix-daemon.drv'...
building '/nix/store/39v0zh1w3ymswpwc397fmqpql1jv85p8-X-Restart-Triggers-nix-daemon.drv'...
building '/nix/store/gvdkaq6mwxzbs0zfzzm1h0n8lpn17zv0-nixos-tmpfiles.d.drv'...
building '/nix/store/cn2msppx3jqa5absd3v7m5br644lx23v-nixos.conf.drv'...
copying path '/nix/store/0sf2i0ab9db16fik0cqyk2m99k0rf91w-kwindowsystem-6.26.0-dev' from 'https://cache.nixos.org'...
building '/nix/store/d3jjkv7hcbayalgyp9pcm1dfbw4gygrz-nuke-refs.drv'...
Running phase: patchPhase
Running phase: updateAutotoolsGnuConfigScriptsPhase
Running phase: configurePhase
no configure script, doing nothing
Running phase: buildPhase
Running phase: checkPhase
Running phase: installPhase
no Makefile or custom installPhase, doing nothing
Running phase: fixupPhase
copying path '/nix/store/l3yxvwihgb82zwybbkc3q67pjgk2qgq4-pcre2-10.48-dev' from 'https://cache.nixos.org'...
shrinking RPATHs of ELF executables and libraries in /nix/store/gmzc068y0y0xp1dy9bz196idgkh929z9-nuke-refs
checking for references to /build/ in /nix/store/gmzc068y0y0xp1dy9bz196idgkh929z9-nuke-refs...
patching script interpreter paths in /nix/store/gmzc068y0y0xp1dy9bz196idgkh929z9-nuke-refs
building '/nix/store/5439w2z3md6b0xw6jx8ls8gp63k3gr5f-X-Restart-Triggers-systemd-modules-load.drv'...
building '/nix/store/55cn52ml43jicb8yyc661n41jl8mh92f-linux-6.18.53-modules-shrunk.drv'...
kernel version is 6.18.53
root module: ahci
  copying dependency: /nix/store/0sc6nkhh1kga21q6zv3qdamlrgf4vyk0-linux-6.18.53-modules/lib/modules/6.18.53/kernel/drivers/scsi/scsi_common.ko.xz
  copying dependency: /nix/store/0sc6nkhh1kga21q6zv3qdamlrgf4vyk0-linux-6.18.53-modules/lib/modules/6.18.53/kernel/drivers/scsi/scsi_mod.ko.xz
  copying dependency: /nix/store/0sc6nkhh1kga21q6zv3qdamlrgf4vyk0-linux-6.18.53-modules/lib/modules/6.18.53/kernel/drivers/ata/libata.ko.xz
  copying dependency: /nix/store/0sc6nkhh1kga21q6zv3qdamlrgf4vyk0-linux-6.18.53-modules/lib/modules/6.18.53/kernel/drivers/ata/libahci.ko.xz
copying path '/nix/store/8siyyqzzjd7aikpy0b97x7w62x9qi1zb-sonnet-6.26.0-dev' from 'https://cache.nixos.org'...
  copying dependency: /nix/store/0sc6nkhh1kga21q6zv3qdamlrgf4vyk0-linux-6.18.53-modules/lib/modules/6.18.53/kernel/drivers/ata/ahci.ko.xz
root module: ata_piix
  dependency already copied: /nix/store/0sc6nkhh1kga21q6zv3qdamlrgf4vyk0-linux-6.18.53-modules/lib/modules/6.18.53/kernel/drivers/scsi/scsi_common.ko.xz
  dependency already copied: /nix/store/0sc6nkhh1kga21q6zv3qdamlrgf4vyk0-linux-6.18.53-modules/lib/modules/6.18.53/kernel/drivers/scsi/scsi_mod.ko.xz
  dependency already copied: /nix/store/0sc6nkhh1kga21q6zv3qdamlrgf4vyk0-linux-6.18.53-modules/lib/modules/6.18.53/kernel/drivers/ata/libata.ko.xz
  copying dependency: /nix/store/0sc6nkhh1kga21q6zv3qdamlrgf4vyk0-linux-6.18.53-modules/lib/modules/6.18.53/kernel/drivers/ata/ata_piix.ko.xz
root module: atkbd
  copying dependency: /nix/store/0sc6nkhh1kga21q6zv3qdamlrgf4vyk0-linux-6.18.53-modules/lib/modules/6.18.53/kernel/drivers/input/vivaldi-fmap.ko.xz
  copying dependency: /nix/store/0sc6nkhh1kga21q6zv3qdamlrgf4vyk0-linux-6.18.53-modules/lib/modules/6.18.53/kernel/drivers/input/serio/serio.ko.xz
  copying dependency: /nix/store/0sc6nkhh1kga21q6zv3qdamlrgf4vyk0-linux-6.18.53-modules/lib/modules/6.18.53/kernel/drivers/input/serio/libps2.ko.xz
  copying dependency: /nix/store/0sc6nkhh1kga21q6zv3qdamlrgf4vyk0-linux-6.18.53-modules/lib/modules/6.18.53/kernel/drivers/input/keyboard/atkbd.ko.xz
root module: autofs
  copying dependency: /nix/store/0sc6nkhh1kga21q6zv3qdamlrgf4vyk0-linux-6.18.53-modules/lib/modules/6.18.53/kernel/fs/autofs/autofs4.ko.xz
root module: efivarfs
  copying dependency: /nix/store/0sc6nkhh1kga21q6zv3qdamlrgf4vyk0-linux-6.18.53-modules/lib/modules/6.18.53/kernel/fs/efivarfs/efivarfs.ko.xz
root module: ehci_hcd
  copying dependency: /nix/store/0sc6nkhh1kga21q6zv3qdamlrgf4vyk0-linux-6.18.53-modules/lib/modules/6.18.53/kernel/drivers/usb/host/ehci-hcd.ko.xz
root module: ehci_pci
  dependency already copied: /nix/store/0sc6nkhh1kga21q6zv3qdamlrgf4vyk0-linux-6.18.53-modules/lib/modules/6.18.53/kernel/drivers/usb/host/ehci-hcd.ko.xz
copying path '/nix/store/xgfz9p8zlidr67cpavsny252s5fmk4jh-sqlite-connector-odbc-0.99991' from 'https://cache.nixos.org'...
  copying dependency: /nix/store/0sc6nkhh1kga21q6zv3qdamlrgf4vyk0-linux-6.18.53-modules/lib/modules/6.18.53/kernel/drivers/usb/host/ehci-pci.ko.xz
root module: ext2
  copying dependency: /nix/store/0sc6nkhh1kga21q6zv3qdamlrgf4vyk0-linux-6.18.53-modules/lib/modules/6.18.53/kernel/fs/mbcache.ko.xz
  copying dependency: /nix/store/0sc6nkhh1kga21q6zv3qdamlrgf4vyk0-linux-6.18.53-modules/lib/modules/6.18.53/kernel/fs/ext2/ext2.ko.xz
root module: ext4
  copying dependency: /nix/store/0sc6nkhh1kga21q6zv3qdamlrgf4vyk0-linux-6.18.53-modules/lib/modules/6.18.53/kernel/fs/jbd2/jbd2.ko.xz
  dependency already copied: /nix/store/0sc6nkhh1kga21q6zv3qdamlrgf4vyk0-linux-6.18.53-modules/lib/modules/6.18.53/kernel/fs/mbcache.ko.xz
  copying dependency: /nix/store/0sc6nkhh1kga21q6zv3qdamlrgf4vyk0-linux-6.18.53-modules/lib/modules/6.18.53/kernel/lib/crc/crc16.ko.xz
  copying dependency: /nix/store/0sc6nkhh1kga21q6zv3qdamlrgf4vyk0-linux-6.18.53-modules/lib/modules/6.18.53/kernel/fs/ext4/ext4.ko.xz
root module: hid_apple
  copying dependency: /nix/store/0sc6nkhh1kga21q6zv3qdamlrgf4vyk0-linux-6.18.53-modules/lib/modules/6.18.53/kernel/drivers/leds/led-class.ko.xz
  copying dependency: /nix/store/0sc6nkhh1kga21q6zv3qdamlrgf4vyk0-linux-6.18.53-modules/lib/modules/6.18.53/kernel/drivers/hid/hid.ko.xz
  copying dependency: /nix/store/0sc6nkhh1kga21q6zv3qdamlrgf4vyk0-linux-6.18.53-modules/lib/modules/6.18.53/kernel/drivers/hid/hid-apple.ko.xz
root module: hid_cherry
  dependency already copied: /nix/store/0sc6nkhh1kga21q6zv3qdamlrgf4vyk0-linux-6.18.53-modules/lib/modules/6.18.53/kernel/drivers/hid/hid.ko.xz
  copying dependency: /nix/store/0sc6nkhh1kga21q6zv3qdamlrgf4vyk0-linux-6.18.53-modules/lib/modules/6.18.53/kernel/drivers/hid/hid-cherry.ko.xz
root module: hid_corsair
  dependency already copied: /nix/store/0sc6nkhh1kga21q6zv3qdamlrgf4vyk0-linux-6.18.53-modules/lib/modules/6.18.53/kernel/drivers/leds/led-class.ko.xz
  dependency already copied: /nix/store/0sc6nkhh1kga21q6zv3qdamlrgf4vyk0-linux-6.18.53-modules/lib/modules/6.18.53/kernel/drivers/hid/hid.ko.xz
  copying dependency: /nix/store/0sc6nkhh1kga21q6zv3qdamlrgf4vyk0-linux-6.18.53-modules/lib/modules/6.18.53/kernel/drivers/hid/usbhid/usbhid.ko.xz
  copying dependency: /nix/store/0sc6nkhh1kga21q6zv3qdamlrgf4vyk0-linux-6.18.53-modules/lib/modules/6.18.53/kernel/drivers/hid/hid-corsair.ko.xz
root module: hid_generic
  dependency already copied: /nix/store/0sc6nkhh1kga21q6zv3qdamlrgf4vyk0-linux-6.18.53-modules/lib/modules/6.18.53/kernel/drivers/hid/hid.ko.xz
  copying dependency: /nix/store/0sc6nkhh1kga21q6zv3qdamlrgf4vyk0-linux-6.18.53-modules/lib/modules/6.18.53/kernel/drivers/hid/hid-generic.ko.xz
root module: hid_lenovo
  dependency already copied: /nix/store/0sc6nkhh1kga21q6zv3qdamlrgf4vyk0-linux-6.18.53-modules/lib/modules/6.18.53/kernel/drivers/leds/led-class.ko.xz
  dependency already copied: /nix/store/0sc6nkhh1kga21q6zv3qdamlrgf4vyk0-linux-6.18.53-modules/lib/modules/6.18.53/kernel/drivers/hid/hid.ko.xz
  copying dependency: /nix/store/0sc6nkhh1kga21q6zv3qdamlrgf4vyk0-linux-6.18.53-modules/lib/modules/6.18.53/kernel/drivers/hid/hid-lenovo.ko.xz
root module: hid_logitech_dj
  dependency already copied: /nix/store/0sc6nkhh1kga21q6zv3qdamlrgf4vyk0-linux-6.18.53-modules/lib/modules/6.18.53/kernel/drivers/hid/hid.ko.xz
  dependency already copied: /nix/store/0sc6nkhh1kga21q6zv3qdamlrgf4vyk0-linux-6.18.53-modules/lib/modules/6.18.53/kernel/drivers/hid/usbhid/usbhid.ko.xz
  copying dependency: /nix/store/0sc6nkhh1kga21q6zv3qdamlrgf4vyk0-linux-6.18.53-modules/lib/modules/6.18.53/kernel/drivers/hid/hid-logitech-dj.ko.xz
copying path '/nix/store/n93yssr2zk80l2xq0l19js2s9nkmjzmz-systemd-260.4-dev' from 'https://cache.nixos.org'...
root module: hid_logitech_hidpp
  dependency already copied: /nix/store/0sc6nkhh1kga21q6zv3qdamlrgf4vyk0-linux-6.18.53-modules/lib/modules/6.18.53/kernel/drivers/hid/hid.ko.xz
  dependency already copied: /nix/store/0sc6nkhh1kga21q6zv3qdamlrgf4vyk0-linux-6.18.53-modules/lib/modules/6.18.53/kernel/drivers/hid/usbhid/usbhid.ko.xz
  copying dependency: /nix/store/0sc6nkhh1kga21q6zv3qdamlrgf4vyk0-linux-6.18.53-modules/lib/modules/6.18.53/kernel/drivers/hid/hid-logitech-hidpp.ko.xz
root module: hid_microsoft
  dependency already copied: /nix/store/0sc6nkhh1kga21q6zv3qdamlrgf4vyk0-linux-6.18.53-modules/lib/modules/6.18.53/kernel/drivers/hid/hid.ko.xz
  copying dependency: /nix/store/0sc6nkhh1kga21q6zv3qdamlrgf4vyk0-linux-6.18.53-modules/lib/modules/6.18.53/kernel/drivers/input/ff-memless.ko.xz
  copying dependency: /nix/store/0sc6nkhh1kga21q6zv3qdamlrgf4vyk0-linux-6.18.53-modules/lib/modules/6.18.53/kernel/drivers/hid/hid-microsoft.ko.xz
root module: hid_roccat
  dependency already copied: /nix/store/0sc6nkhh1kga21q6zv3qdamlrgf4vyk0-linux-6.18.53-modules/lib/modules/6.18.53/kernel/drivers/hid/hid.ko.xz
  copying dependency: /nix/store/0sc6nkhh1kga21q6zv3qdamlrgf4vyk0-linux-6.18.53-modules/lib/modules/6.18.53/kernel/drivers/hid/hid-roccat.ko.xz
root module: i8042
  dependency already copied: /nix/store/0sc6nkhh1kga21q6zv3qdamlrgf4vyk0-linux-6.18.53-modules/lib/modules/6.18.53/kernel/drivers/input/serio/serio.ko.xz
  copying dependency: /nix/store/0sc6nkhh1kga21q6zv3qdamlrgf4vyk0-linux-6.18.53-modules/lib/modules/6.18.53/kernel/drivers/input/serio/i8042.ko.xz
root module: mmc_block
  copying dependency: /nix/store/0sc6nkhh1kga21q6zv3qdamlrgf4vyk0-linux-6.18.53-modules/lib/modules/6.18.53/kernel/drivers/mmc/core/mmc_core.ko.xz
  copying dependency: /nix/store/0sc6nkhh1kga21q6zv3qdamlrgf4vyk0-linux-6.18.53-modules/lib/modules/6.18.53/kernel/drivers/misc/rpmb-core.ko.xz
  copying dependency: /nix/store/0sc6nkhh1kga21q6zv3qdamlrgf4vyk0-linux-6.18.53-modules/lib/modules/6.18.53/kernel/drivers/mmc/core/mmc_block.ko.xz
root module: nvme
  copying dependency: /nix/store/0sc6nkhh1kga21q6zv3qdamlrgf4vyk0-linux-6.18.53-modules/lib/modules/6.18.53/kernel/crypto/hkdf.ko.xz
  copying dependency: /nix/store/0sc6nkhh1kga21q6zv3qdamlrgf4vyk0-linux-6.18.53-modules/lib/modules/6.18.53/kernel/drivers/nvme/common/nvme-auth.ko.xz
  copying dependency: /nix/store/0sc6nkhh1kga21q6zv3qdamlrgf4vyk0-linux-6.18.53-modules/lib/modules/6.18.53/kernel/drivers/nvme/common/nvme-keyring.ko.xz
copying path '/nix/store/3zfp2fqzvjx1hjsvgx2xklmychc2iyma-unit-script-wpa_supplicant-start' from 'https://cache.nixos.org'...
  copying dependency: /nix/store/0sc6nkhh1kga21q6zv3qdamlrgf4vyk0-linux-6.18.53-modules/lib/modules/6.18.53/kernel/drivers/nvme/host/nvme-core.ko.xz
  copying dependency: /nix/store/0sc6nkhh1kga21q6zv3qdamlrgf4vyk0-linux-6.18.53-modules/lib/modules/6.18.53/kernel/drivers/nvme/host/nvme.ko.xz
root module: ohci_hcd
  copying dependency: /nix/store/0sc6nkhh1kga21q6zv3qdamlrgf4vyk0-linux-6.18.53-modules/lib/modules/6.18.53/kernel/drivers/usb/host/ohci-hcd.ko.xz
root module: ohci_pci
  dependency already copied: /nix/store/0sc6nkhh1kga21q6zv3qdamlrgf4vyk0-linux-6.18.53-modules/lib/modules/6.18.53/kernel/drivers/usb/host/ohci-hcd.ko.xz
  dependency already copied: /nix/store/0sc6nkhh1kga21q6zv3qdamlrgf4vyk0-linux-6.18.53-modules/lib/modules/6.18.53/kernel/drivers/usb/host/ehci-hcd.ko.xz
  dependency already copied: /nix/store/0sc6nkhh1kga21q6zv3qdamlrgf4vyk0-linux-6.18.53-modules/lib/modules/6.18.53/kernel/drivers/usb/host/ehci-pci.ko.xz
  copying dependency: /nix/store/0sc6nkhh1kga21q6zv3qdamlrgf4vyk0-linux-6.18.53-modules/lib/modules/6.18.53/kernel/drivers/usb/host/ohci-pci.ko.xz
root module: pata_marvell
  dependency already copied: /nix/store/0sc6nkhh1kga21q6zv3qdamlrgf4vyk0-linux-6.18.53-modules/lib/modules/6.18.53/kernel/drivers/scsi/scsi_common.ko.xz
  dependency already copied: /nix/store/0sc6nkhh1kga21q6zv3qdamlrgf4vyk0-linux-6.18.53-modules/lib/modules/6.18.53/kernel/drivers/scsi/scsi_mod.ko.xz
  dependency already copied: /nix/store/0sc6nkhh1kga21q6zv3qdamlrgf4vyk0-linux-6.18.53-modules/lib/modules/6.18.53/kernel/drivers/ata/libata.ko.xz
  copying dependency: /nix/store/0sc6nkhh1kga21q6zv3qdamlrgf4vyk0-linux-6.18.53-modules/lib/modules/6.18.53/kernel/drivers/ata/pata_marvell.ko.xz
root module: pcips2
  dependency already copied: /nix/store/0sc6nkhh1kga21q6zv3qdamlrgf4vyk0-linux-6.18.53-modules/lib/modules/6.18.53/kernel/drivers/input/serio/serio.ko.xz
  copying dependency: /nix/store/0sc6nkhh1kga21q6zv3qdamlrgf4vyk0-linux-6.18.53-modules/lib/modules/6.18.53/kernel/drivers/input/serio/pcips2.ko.xz
root module: sata_nv
  dependency already copied: /nix/store/0sc6nkhh1kga21q6zv3qdamlrgf4vyk0-linux-6.18.53-modules/lib/modules/6.18.53/kernel/drivers/scsi/scsi_common.ko.xz
  dependency already copied: /nix/store/0sc6nkhh1kga21q6zv3qdamlrgf4vyk0-linux-6.18.53-modules/lib/modules/6.18.53/kernel/drivers/scsi/scsi_mod.ko.xz
  dependency already copied: /nix/store/0sc6nkhh1kga21q6zv3qdamlrgf4vyk0-linux-6.18.53-modules/lib/modules/6.18.53/kernel/drivers/ata/libata.ko.xz
  copying dependency: /nix/store/0sc6nkhh1kga21q6zv3qdamlrgf4vyk0-linux-6.18.53-modules/lib/modules/6.18.53/kernel/drivers/ata/sata_nv.ko.xz
root module: sata_sis
  dependency already copied: /nix/store/0sc6nkhh1kga21q6zv3qdamlrgf4vyk0-linux-6.18.53-modules/lib/modules/6.18.53/kernel/drivers/scsi/scsi_common.ko.xz
  dependency already copied: /nix/store/0sc6nkhh1kga21q6zv3qdamlrgf4vyk0-linux-6.18.53-modules/lib/modules/6.18.53/kernel/drivers/scsi/scsi_mod.ko.xz
copying path '/nix/store/syzz1s2n546ygb46iw64qnr9f8j19jvf-util-linux-2.42.3' from 'https://cache.nixos.org'...
  dependency already copied: /nix/store/0sc6nkhh1kga21q6zv3qdamlrgf4vyk0-linux-6.18.53-modules/lib/modules/6.18.53/kernel/drivers/ata/libata.ko.xz
  copying dependency: /nix/store/0sc6nkhh1kga21q6zv3qdamlrgf4vyk0-linux-6.18.53-modules/lib/modules/6.18.53/kernel/drivers/ata/pata_sis.ko.xz
copying path '/nix/store/2538xjxnxbnmgbq2cnz51d0da86p1k73-wayland-scanner-1.25.0-bin' from 'https://cache.nixos.org'...
  copying dependency: /nix/store/0sc6nkhh1kga21q6zv3qdamlrgf4vyk0-linux-6.18.53-modules/lib/modules/6.18.53/kernel/drivers/ata/sata_sis.ko.xz
root module: sata_uli
  dependency already copied: /nix/store/0sc6nkhh1kga21q6zv3qdamlrgf4vyk0-linux-6.18.53-modules/lib/modules/6.18.53/kernel/drivers/scsi/scsi_common.ko.xz
  dependency already copied: /nix/store/0sc6nkhh1kga21q6zv3qdamlrgf4vyk0-linux-6.18.53-modules/lib/modules/6.18.53/kernel/drivers/scsi/scsi_mod.ko.xz
  dependency already copied: /nix/store/0sc6nkhh1kga21q6zv3qdamlrgf4vyk0-linux-6.18.53-modules/lib/modules/6.18.53/kernel/drivers/ata/libata.ko.xz
  copying dependency: /nix/store/0sc6nkhh1kga21q6zv3qdamlrgf4vyk0-linux-6.18.53-modules/lib/modules/6.18.53/kernel/drivers/ata/sata_uli.ko.xz
root module: sata_via
  dependency already copied: /nix/store/0sc6nkhh1kga21q6zv3qdamlrgf4vyk0-linux-6.18.53-modules/lib/modules/6.18.53/kernel/drivers/scsi/scsi_common.ko.xz
  dependency already copied: /nix/store/0sc6nkhh1kga21q6zv3qdamlrgf4vyk0-linux-6.18.53-modules/lib/modules/6.18.53/kernel/drivers/scsi/scsi_mod.ko.xz
  dependency already copied: /nix/store/0sc6nkhh1kga21q6zv3qdamlrgf4vyk0-linux-6.18.53-modules/lib/modules/6.18.53/kernel/drivers/ata/libata.ko.xz
  copying dependency: /nix/store/0sc6nkhh1kga21q6zv3qdamlrgf4vyk0-linux-6.18.53-modules/lib/modules/6.18.53/kernel/drivers/ata/sata_via.ko.xz
root module: sd_mod
  dependency already copied: /nix/store/0sc6nkhh1kga21q6zv3qdamlrgf4vyk0-linux-6.18.53-modules/lib/modules/6.18.53/kernel/drivers/scsi/scsi_common.ko.xz
copying path '/nix/store/jjdywvallvp23kv6m64hmxlq5d6izkhp-wrap-qt6-apps-hook' from 'https://cache.nixos.org'...
  dependency already copied: /nix/store/0sc6nkhh1kga21q6zv3qdamlrgf4vyk0-linux-6.18.53-modules/lib/modules/6.18.53/kernel/drivers/scsi/scsi_mod.ko.xz
  copying dependency: /nix/store/0sc6nkhh1kga21q6zv3qdamlrgf4vyk0-linux-6.18.53-modules/lib/modules/6.18.53/kernel/drivers/scsi/sd_mod.ko.xz
root module: sr_mod
  copying dependency: /nix/store/0sc6nkhh1kga21q6zv3qdamlrgf4vyk0-linux-6.18.53-modules/lib/modules/6.18.53/kernel/drivers/cdrom/cdrom.ko.xz
  dependency already copied: /nix/store/0sc6nkhh1kga21q6zv3qdamlrgf4vyk0-linux-6.18.53-modules/lib/modules/6.18.53/kernel/drivers/scsi/scsi_common.ko.xz
  dependency already copied: /nix/store/0sc6nkhh1kga21q6zv3qdamlrgf4vyk0-linux-6.18.53-modules/lib/modules/6.18.53/kernel/drivers/scsi/scsi_mod.ko.xz
  copying dependency: /nix/store/0sc6nkhh1kga21q6zv3qdamlrgf4vyk0-linux-6.18.53-modules/lib/modules/6.18.53/kernel/drivers/scsi/sr_mod.ko.xz
root module: tpm-crb
  builtin dependency: tpm_crb
root module: tpm-tis
  builtin dependency: tpm_tis
root module: uhci_hcd
  dependency already copied: /nix/store/0sc6nkhh1kga21q6zv3qdamlrgf4vyk0-linux-6.18.53-modules/lib/modules/6.18.53/kernel/drivers/usb/host/ehci-hcd.ko.xz
  dependency already copied: /nix/store/0sc6nkhh1kga21q6zv3qdamlrgf4vyk0-linux-6.18.53-modules/lib/modules/6.18.53/kernel/drivers/usb/host/ehci-pci.ko.xz
  copying dependency: /nix/store/0sc6nkhh1kga21q6zv3qdamlrgf4vyk0-linux-6.18.53-modules/lib/modules/6.18.53/kernel/drivers/usb/host/uhci-hcd.ko.xz
root module: usbhid
  dependency already copied: /nix/store/0sc6nkhh1kga21q6zv3qdamlrgf4vyk0-linux-6.18.53-modules/lib/modules/6.18.53/kernel/drivers/hid/hid.ko.xz
  dependency already copied: /nix/store/0sc6nkhh1kga21q6zv3qdamlrgf4vyk0-linux-6.18.53-modules/lib/modules/6.18.53/kernel/drivers/hid/usbhid/usbhid.ko.xz
root module: xhci_hcd
  copying dependency: /nix/store/0sc6nkhh1kga21q6zv3qdamlrgf4vyk0-linux-6.18.53-modules/lib/modules/6.18.53/kernel/drivers/usb/host/xhci-hcd.ko.xz
root module: xhci_pci
  dependency already copied: /nix/store/0sc6nkhh1kga21q6zv3qdamlrgf4vyk0-linux-6.18.53-modules/lib/modules/6.18.53/kernel/drivers/usb/host/xhci-hcd.ko.xz
  copying dependency: /nix/store/0sc6nkhh1kga21q6zv3qdamlrgf4vyk0-linux-6.18.53-modules/lib/modules/6.18.53/kernel/drivers/usb/host/xhci-pci.ko.xz
root module: dm_mod
  copying dependency: /nix/store/0sc6nkhh1kga21q6zv3qdamlrgf4vyk0-linux-6.18.53-modules/lib/modules/6.18.53/kernel/drivers/md/dm-mod.ko.xz
lib/firmware/edid not found, skipping.
building '/nix/store/7xbrzbskmdwa1spv7jfcv3jxgb37yahg-offline-installed-profile.drv'...
building '/nix/store/q5jnb0v67vjy6mr8k1y0cfxrhlwyzi4s-set-environment.drv'...
copying path '/nix/store/pvxjck6vzh4gk3k0mwp57pfyacj1cn87-wayland-scanner-1.25.0-dev' from 'https://cache.nixos.org'...
copying path '/nix/store/1xqi639qvj5kvil170h0js19nagp3mch-util-linux-2.42.3-dev' from 'https://cache.nixos.org'...
building '/nix/store/xs1qmpb3xv8y9wvbjjqikc6svf766vsj-calamares-nixos-extensions-0.3.23.drv'...
Running phase: unpackPhase
unpacking source archive /nix/store/9g961n0kn4iz5409391j0gg12dkn6ljs-src
source root is src
Running phase: patchPhase
Running phase: updateAutotoolsGnuConfigScriptsPhase
Running phase: configurePhase
no configure script, doing nothing
Running phase: buildPhase
no Makefile or custom buildPhase, doing nothing
Running phase: installPhase
Running phase: fixupPhase
shrinking RPATHs of ELF executables and libraries in /nix/store/g7ms1xz98ni7x95va63xav96yhv3hh1m-calamares-nixos-extensions-0.3.23
checking for references to /build/ in /nix/store/g7ms1xz98ni7x95va63xav96yhv3hh1m-calamares-nixos-extensions-0.3.23...
patching script interpreter paths in /nix/store/g7ms1xz98ni7x95va63xav96yhv3hh1m-calamares-nixos-extensions-0.3.23
stripping (with command strip and flags -S -p) in  /nix/store/g7ms1xz98ni7x95va63xav96yhv3hh1m-calamares-nixos-extensions-0.3.23/lib
building '/nix/store/bx8687lg254vwqpb90l8pyir4vsv89xb-etc-profile.drv'...
copying path '/nix/store/hkldf6z3rlgdrkza4avb5r4hplr4kfa0-cmake-4.1.6' from 'https://cache.nixos.org'...
building '/nix/store/64jkfskk961zbvdv4r2q2rb5w7rlnmac-shutdown-ramfs-contents.json.drv'...
building '/nix/store/r8rs7vxh4akqafg4kvzcbykws2b88mxf-perl-5.42.0-env.drv'...
structuredAttrs is enabled
created 203 symlinks in user environment
building '/nix/store/rxipdbl6r9bild4z02wx0fqmrlqx5sga-sshd.conf-settings.drv'...
building '/nix/store/l7g61qq3dkps6wapjrnazdi6ifik8p8b-install-grub.sh.drv'...
building '/nix/store/wr49xwiavbllqqpyrn9s0mw5xzv44aia-sshd.conf-final.drv'...
building '/nix/store/sqrc7hgwms7p4b4ydqm4y0lx23ppcrvv-stage-2-init.sh.drv'...
Running phase: patchPhase
Running phase: updateAutotoolsGnuConfigScriptsPhase
Running phase: configurePhase
no configure script, doing nothing
Running phase: buildPhase
Running phase: checkPhase
Running phase: installPhase
no Makefile or custom installPhase, doing nothing
Running phase: fixupPhase
shrinking RPATHs of ELF executables and libraries in /nix/store/rnsg023dh6j606c7na17fdplqxjd7nbg-stage-2-init.sh
checking for references to /build/ in /nix/store/rnsg023dh6j606c7na17fdplqxjd7nbg-stage-2-init.sh...
patching script interpreter paths in /nix/store/rnsg023dh6j606c7na17fdplqxjd7nbg-stage-2-init.sh
building '/nix/store/ayyq1iw80xvim9l2hamnnalar10nfivq-X-Restart-Triggers-sshd.drv'...
building '/nix/store/dbf5b3gny7w1q1982vbvaxl0yxg5n224-check-sshd-config.drv'...
building '/nix/store/4m3smvd5yjqjp8h3kcyr545ndhx0b871-string-hosts.drv'...
building '/nix/store/skc8j7zgy6apbkg6wlb64syzxpb2i01q-string-hosts.drv'...
building '/nix/store/adckvvxw6a249bn898wdv1kyl5cqcn3f-hosts.drv'...
building '/nix/store/wjgahf8fj9ars0l3balp1ppgqfk61nfg-hosts.drv'...
building '/nix/store/hysh5qirj7ap7ngg9gssdfha1adl9r90-systemd-boot.drv'...
Running phase: patchPhase
Running phase: updateAutotoolsGnuConfigScriptsPhase
Running phase: configurePhase
no configure script, doing nothing
Running phase: buildPhase
Running phase: checkPhase
Running phase: installPhase
no Makefile or custom installPhase, doing nothing
Running phase: fixupPhase
shrinking RPATHs of ELF executables and libraries in /nix/store/8lwlp8knv9m2bph1srwc6a0c38kgc26l-systemd-boot
checking for references to /build/ in /nix/store/8lwlp8knv9m2bph1srwc6a0c38kgc26l-systemd-boot...
patching script interpreter paths in /nix/store/8lwlp8knv9m2bph1srwc6a0c38kgc26l-systemd-boot
building '/nix/store/qj9skgrhr5czxpg9pp2zksfx3j5kaq2c-tmpfiles.d.drv'...
building '/nix/store/z0z9xhj1md4l0ckknak35ml484nsxbvl-install-systemd-boot.sh.drv'...
building '/nix/store/s32yfc48czwr27bq7bpyhqmgb67wrmcm-X-Restart-Triggers-systemd-tmpfiles-resetup.drv'...
building '/nix/store/m03bbiw9d9xz252v4dmmcplh27sy0yn9-udev-rules.drv'...
Adding rules for package /nix/store/x4szrxwmr1k2b8ijyccxy2wf2mpxkzlp-ipv6-privacy-extensions.rules
Copying /nix/store/x4szrxwmr1k2b8ijyccxy2wf2mpxkzlp-ipv6-privacy-extensions.rules/etc/udev/rules.d/98-ipv6-privacy-extensions.rules to /nix/store/hq25wyzpv6k7pxjy9wipwvndivsmz04j-udev-rules/98-ipv6-privacy-extensions.rules
Adding rules for package /nix/store/4ks41hg0mckfwyfwlds0b3jwhyjdwwzk-ipv6-privacy-extensions.rules
Copying /nix/store/4ks41hg0mckfwyfwlds0b3jwhyjdwwzk-ipv6-privacy-extensions.rules/etc/udev/rules.d/99-ipv6-privacy-extensions.rules to /nix/store/hq25wyzpv6k7pxjy9wipwvndivsmz04j-udev-rules/99-ipv6-privacy-extensions.rules
Adding rules for package /nix/store/mmmjwk8iaj5mm09ay8zwg9z7mr5rk6zk-lvm2-2.03.39
Copying /nix/store/mmmjwk8iaj5mm09ay8zwg9z7mr5rk6zk-lvm2-2.03.39/lib/udev/rules.d/10-dm.rules to /nix/store/hq25wyzpv6k7pxjy9wipwvndivsmz04j-udev-rules/10-dm.rules
Copying /nix/store/mmmjwk8iaj5mm09ay8zwg9z7mr5rk6zk-lvm2-2.03.39/lib/udev/rules.d/11-dm-lvm.rules to /nix/store/hq25wyzpv6k7pxjy9wipwvndivsmz04j-udev-rules/11-dm-lvm.rules
Copying /nix/store/mmmjwk8iaj5mm09ay8zwg9z7mr5rk6zk-lvm2-2.03.39/lib/udev/rules.d/13-dm-disk.rules to /nix/store/hq25wyzpv6k7pxjy9wipwvndivsmz04j-udev-rules/13-dm-disk.rules
Copying /nix/store/mmmjwk8iaj5mm09ay8zwg9z7mr5rk6zk-lvm2-2.03.39/lib/udev/rules.d/69-dm-lvm.rules to /nix/store/hq25wyzpv6k7pxjy9wipwvndivsmz04j-udev-rules/69-dm-lvm.rules
Copying /nix/store/mmmjwk8iaj5mm09ay8zwg9z7mr5rk6zk-lvm2-2.03.39/lib/udev/rules.d/95-dm-notify.rules to /nix/store/hq25wyzpv6k7pxjy9wipwvndivsmz04j-udev-rules/95-dm-notify.rules
Adding rules for package /nix/store/vqka54r2mwrdzixmr5k02w1b347jkhan-bcache-tools-1.1
Copying /nix/store/vqka54r2mwrdzixmr5k02w1b347jkhan-bcache-tools-1.1/lib/udev/rules.d/69-bcache.rules to /nix/store/hq25wyzpv6k7pxjy9wipwvndivsmz04j-udev-rules/69-bcache.rules
Adding rules for package /nix/store/xc6p6ila89bfp9jwskzhzcrwih7l8n02-colord-1.4.8
Copying /nix/store/xc6p6ila89bfp9jwskzhzcrwih7l8n02-colord-1.4.8/lib/udev/rules.d/69-cd-sensors.rules to /nix/store/hq25wyzpv6k7pxjy9wipwvndivsmz04j-udev-rules/69-cd-sensors.rules
Copying /nix/store/xc6p6ila89bfp9jwskzhzcrwih7l8n02-colord-1.4.8/lib/udev/rules.d/95-cd-devices.rules to /nix/store/hq25wyzpv6k7pxjy9wipwvndivsmz04j-udev-rules/95-cd-devices.rules
Adding rules for package /nix/store/wb35bfr1w9qypgf6rjkrwmmljh6q9nqy-networkmanager-1.56.0
Copying /nix/store/wb35bfr1w9qypgf6rjkrwmmljh6q9nqy-networkmanager-1.56.0/lib/udev/rules.d/84-nm-drivers.rules to /nix/store/hq25wyzpv6k7pxjy9wipwvndivsmz04j-udev-rules/84-nm-drivers.rules
Copying /nix/store/wb35bfr1w9qypgf6rjkrwmmljh6q9nqy-networkmanager-1.56.0/lib/udev/rules.d/85-nm-unmanaged.rules to /nix/store/hq25wyzpv6k7pxjy9wipwvndivsmz04j-udev-rules/85-nm-unmanaged.rules
Copying /nix/store/wb35bfr1w9qypgf6rjkrwmmljh6q9nqy-networkmanager-1.56.0/lib/udev/rules.d/90-nm-thunderbolt.rules to /nix/store/hq25wyzpv6k7pxjy9wipwvndivsmz04j-udev-rules/90-nm-thunderbolt.rules
Adding rules for package /nix/store/55lvl6m9jvylg1731p0brwps2ld922vk-modemmanager-1.24.2
Copying /nix/store/55lvl6m9jvylg1731p0brwps2ld922vk-modemmanager-1.24.2/lib/udev/rules.d/77-mm-broadmobi-port-types.rules to /nix/store/hq25wyzpv6k7pxjy9wipwvndivsmz04j-udev-rules/77-mm-broadmobi-port-types.rules
Copying /nix/store/55lvl6m9jvylg1731p0brwps2ld922vk-modemmanager-1.24.2/lib/udev/rules.d/77-mm-cellient.rules to /nix/store/hq25wyzpv6k7pxjy9wipwvndivsmz04j-udev-rules/77-mm-cellient.rules
Copying /nix/store/55lvl6m9jvylg1731p0brwps2ld922vk-modemmanager-1.24.2/lib/udev/rules.d/77-mm-cinterion-port-types.rules to /nix/store/hq25wyzpv6k7pxjy9wipwvndivsmz04j-udev-rules/77-mm-cinterion-port-types.rules
Copying /nix/store/55lvl6m9jvylg1731p0brwps2ld922vk-modemmanager-1.24.2/lib/udev/rules.d/77-mm-dell-port-types.rules to /nix/store/hq25wyzpv6k7pxjy9wipwvndivsmz04j-udev-rules/77-mm-dell-port-types.rules
Copying /nix/store/55lvl6m9jvylg1731p0brwps2ld922vk-modemmanager-1.24.2/lib/udev/rules.d/77-mm-dlink-port-types.rules to /nix/store/hq25wyzpv6k7pxjy9wipwvndivsmz04j-udev-rules/77-mm-dlink-port-types.rules
Copying /nix/store/55lvl6m9jvylg1731p0brwps2ld922vk-modemmanager-1.24.2/lib/udev/rules.d/77-mm-ericsson-mbm.rules to /nix/store/hq25wyzpv6k7pxjy9wipwvndivsmz04j-udev-rules/77-mm-ericsson-mbm.rules
Copying /nix/store/55lvl6m9jvylg1731p0brwps2ld922vk-modemmanager-1.24.2/lib/udev/rules.d/77-mm-fibocom-port-types.rules to /nix/store/hq25wyzpv6k7pxjy9wipwvndivsmz04j-udev-rules/77-mm-fibocom-port-types.rules
Copying /nix/store/55lvl6m9jvylg1731p0brwps2ld922vk-modemmanager-1.24.2/lib/udev/rules.d/77-mm-foxconn-port-types.rules to /nix/store/hq25wyzpv6k7pxjy9wipwvndivsmz04j-udev-rules/77-mm-foxconn-port-types.rules
Copying /nix/store/55lvl6m9jvylg1731p0brwps2ld922vk-modemmanager-1.24.2/lib/udev/rules.d/77-mm-gosuncn-port-types.rules to /nix/store/hq25wyzpv6k7pxjy9wipwvndivsmz04j-udev-rules/77-mm-gosuncn-port-types.rules
Copying /nix/store/55lvl6m9jvylg1731p0brwps2ld922vk-modemmanager-1.24.2/lib/udev/rules.d/77-mm-haier-port-types.rules to /nix/store/hq25wyzpv6k7pxjy9wipwvndivsmz04j-udev-rules/77-mm-haier-port-types.rules
Copying /nix/store/55lvl6m9jvylg1731p0brwps2ld922vk-modemmanager-1.24.2/lib/udev/rules.d/77-mm-huawei-net-port-types.rules to /nix/store/hq25wyzpv6k7pxjy9wipwvndivsmz04j-udev-rules/77-mm-huawei-net-port-types.rules
Copying /nix/store/55lvl6m9jvylg1731p0brwps2ld922vk-modemmanager-1.24.2/lib/udev/rules.d/77-mm-linktop-port-types.rules to /nix/store/hq25wyzpv6k7pxjy9wipwvndivsmz04j-udev-rules/77-mm-linktop-port-types.rules
Copying /nix/store/55lvl6m9jvylg1731p0brwps2ld922vk-modemmanager-1.24.2/lib/udev/rules.d/77-mm-longcheer-port-types.rules to /nix/store/hq25wyzpv6k7pxjy9wipwvndivsmz04j-udev-rules/77-mm-longcheer-port-types.rules
Copying /nix/store/55lvl6m9jvylg1731p0brwps2ld922vk-modemmanager-1.24.2/lib/udev/rules.d/77-mm-mtk-legacy-port-types.rules to /nix/store/hq25wyzpv6k7pxjy9wipwvndivsmz04j-udev-rules/77-mm-mtk-legacy-port-types.rules
Copying /nix/store/55lvl6m9jvylg1731p0brwps2ld922vk-modemmanager-1.24.2/lib/udev/rules.d/77-mm-netprisma-port-types.rules to /nix/store/hq25wyzpv6k7pxjy9wipwvndivsmz04j-udev-rules/77-mm-netprisma-port-types.rules
Copying /nix/store/55lvl6m9jvylg1731p0brwps2ld922vk-modemmanager-1.24.2/lib/udev/rules.d/77-mm-nokia-port-types.rules to /nix/store/hq25wyzpv6k7pxjy9wipwvndivsmz04j-udev-rules/77-mm-nokia-port-types.rules
Copying /nix/store/55lvl6m9jvylg1731p0brwps2ld922vk-modemmanager-1.24.2/lib/udev/rules.d/77-mm-qcom-soc.rules to /nix/store/hq25wyzpv6k7pxjy9wipwvndivsmz04j-udev-rules/77-mm-qcom-soc.rules
Copying /nix/store/55lvl6m9jvylg1731p0brwps2ld922vk-modemmanager-1.24.2/lib/udev/rules.d/77-mm-quectel-port-types.rules to /nix/store/hq25wyzpv6k7pxjy9wipwvndivsmz04j-udev-rules/77-mm-quectel-port-types.rules
Copying /nix/store/55lvl6m9jvylg1731p0brwps2ld922vk-modemmanager-1.24.2/lib/udev/rules.d/77-mm-rolling-port-types.rules to /nix/store/hq25wyzpv6k7pxjy9wipwvndivsmz04j-udev-rules/77-mm-rolling-port-types.rules
Copying /nix/store/55lvl6m9jvylg1731p0brwps2ld922vk-modemmanager-1.24.2/lib/udev/rules.d/77-mm-sierra.rules to /nix/store/hq25wyzpv6k7pxjy9wipwvndivsmz04j-udev-rules/77-mm-sierra.rules
Copying /nix/store/55lvl6m9jvylg1731p0brwps2ld922vk-modemmanager-1.24.2/lib/udev/rules.d/77-mm-simtech-port-types.rules to /nix/store/hq25wyzpv6k7pxjy9wipwvndivsmz04j-udev-rules/77-mm-simtech-port-types.rules
Copying /nix/store/55lvl6m9jvylg1731p0brwps2ld922vk-modemmanager-1.24.2/lib/udev/rules.d/77-mm-telit-port-types.rules to /nix/store/hq25wyzpv6k7pxjy9wipwvndivsmz04j-udev-rules/77-mm-telit-port-types.rules
Copying /nix/store/55lvl6m9jvylg1731p0brwps2ld922vk-modemmanager-1.24.2/lib/udev/rules.d/77-mm-tplink-port-types.rules to /nix/store/hq25wyzpv6k7pxjy9wipwvndivsmz04j-udev-rules/77-mm-tplink-port-types.rules
Copying /nix/store/55lvl6m9jvylg1731p0brwps2ld922vk-modemmanager-1.24.2/lib/udev/rules.d/77-mm-ublox-port-types.rules to /nix/store/hq25wyzpv6k7pxjy9wipwvndivsmz04j-udev-rules/77-mm-ublox-port-types.rules
Copying /nix/store/55lvl6m9jvylg1731p0brwps2ld922vk-modemmanager-1.24.2/lib/udev/rules.d/77-mm-x22x-port-types.rules to /nix/store/hq25wyzpv6k7pxjy9wipwvndivsmz04j-udev-rules/77-mm-x22x-port-types.rules
Copying /nix/store/55lvl6m9jvylg1731p0brwps2ld922vk-modemmanager-1.24.2/lib/udev/rules.d/77-mm-zte-port-types.rules to /nix/store/hq25wyzpv6k7pxjy9wipwvndivsmz04j-udev-rules/77-mm-zte-port-types.rules
Copying /nix/store/55lvl6m9jvylg1731p0brwps2ld922vk-modemmanager-1.24.2/lib/udev/rules.d/80-mm-candidate.rules to /nix/store/hq25wyzpv6k7pxjy9wipwvndivsmz04j-udev-rules/80-mm-candidate.rules
Adding rules for package /nix/store/ccad1x1j9r6xqcj8mmfwbbqkd0hhbkh3-upower-1.91.4
Copying /nix/store/ccad1x1j9r6xqcj8mmfwbbqkd0hhbkh3-upower-1.91.4/lib/udev/rules.d/60-upower-battery.rules to /nix/store/hq25wyzpv6k7pxjy9wipwvndivsmz04j-udev-rules/60-upower-battery.rules
Copying /nix/store/ccad1x1j9r6xqcj8mmfwbbqkd0hhbkh3-upower-1.91.4/lib/udev/rules.d/95-upower-hid.rules to /nix/store/hq25wyzpv6k7pxjy9wipwvndivsmz04j-udev-rules/95-upower-hid.rules
Copying /nix/store/ccad1x1j9r6xqcj8mmfwbbqkd0hhbkh3-upower-1.91.4/lib/udev/rules.d/95-upower-wup.rules to /nix/store/hq25wyzpv6k7pxjy9wipwvndivsmz04j-udev-rules/95-upower-wup.rules
Adding rules for package /nix/store/7662vji8320ai31xdaq013kq8ra2r9nd-udisks-2.11.2
Copying /nix/store/7662vji8320ai31xdaq013kq8ra2r9nd-udisks-2.11.2/lib/udev/rules.d/80-udisks2.rules to /nix/store/hq25wyzpv6k7pxjy9wipwvndivsmz04j-udev-rules/80-udisks2.rules
Adding rules for package /nix/store/8fqzjfbx64ihd82dfysymcmf5s0cyi8c-extra-udev-rules
Copying /nix/store/8fqzjfbx64ihd82dfysymcmf5s0cyi8c-extra-udev-rules/etc/udev/rules.d/99-local.rules to /nix/store/hq25wyzpv6k7pxjy9wipwvndivsmz04j-udev-rules/99-local.rules
Adding rules for package /nix/store/lp3s0rnxqk1fbnad9qv9ki9hqf6sccyv-extra-hwdb-file
Adding rules for package /nix/store/cwy3ra1q060m3symc8a5m7w2jb16jxd3-sane-backends-1.4.0
Copying /nix/store/cwy3ra1q060m3symc8a5m7w2jb16jxd3-sane-backends-1.4.0/etc/udev/rules.d/49-libsane.rules to /nix/store/hq25wyzpv6k7pxjy9wipwvndivsmz04j-udev-rules/49-libsane.rules
Adding rules for package /nix/store/ba2ibsgwf3s3h94qn0ay7w506k44bxhk-net.conf
Adding rules for package /nix/store/fwnp5rzb0lba9hf8gbmyby933960h1cn-power-profiles-daemon-0.30
Adding rules for package /nix/store/905zcpp69xpx0n7psaqlqrbyf8fr1kyh-libinput-1.31.3
Copying /nix/store/905zcpp69xpx0n7psaqlqrbyf8fr1kyh-libinput-1.31.3/lib/udev/rules.d/80-libinput-device-groups.rules to /nix/store/hq25wyzpv6k7pxjy9wipwvndivsmz04j-udev-rules/80-libinput-device-groups.rules
Copying /nix/store/905zcpp69xpx0n7psaqlqrbyf8fr1kyh-libinput-1.31.3/lib/udev/rules.d/90-libinput-fuzz-override.rules to /nix/store/hq25wyzpv6k7pxjy9wipwvndivsmz04j-udev-rules/90-libinput-fuzz-override.rules
Adding rules for package /nix/store/ibvav4a29lrkpsiwqa6s66q385zp00vh-bolt-0.9.8
Copying /nix/store/ibvav4a29lrkpsiwqa6s66q385zp00vh-bolt-0.9.8/lib/udev/rules.d/90-bolt.rules to /nix/store/hq25wyzpv6k7pxjy9wipwvndivsmz04j-udev-rules/90-bolt.rules
Adding rules for package /nix/store/prf1csgf68z9230bqzn611zx06xgpdcy-bluez-5.86
Copying /nix/store/prf1csgf68z9230bqzn611zx06xgpdcy-bluez-5.86/lib/udev/rules.d/97-hid2hci.rules to /nix/store/hq25wyzpv6k7pxjy9wipwvndivsmz04j-udev-rules/97-hid2hci.rules
Adding rules for package /nix/store/jinj0z7yrazh0wr7falg4bjpmp6px80f-system-config-printer-1.5.18
Copying /nix/store/jinj0z7yrazh0wr7falg4bjpmp6px80f-system-config-printer-1.5.18/etc/udev/rules.d/70-printers.rules to /nix/store/hq25wyzpv6k7pxjy9wipwvndivsmz04j-udev-rules/70-printers.rules
Adding rules for package /nix/store/h6y56zyixbr4ncvnbdkq56j5w062qhij-pipewire-1.6.6
Copying /nix/store/h6y56zyixbr4ncvnbdkq56j5w062qhij-pipewire-1.6.6/lib/udev/rules.d/90-pipewire-alsa.rules to /nix/store/hq25wyzpv6k7pxjy9wipwvndivsmz04j-udev-rules/90-pipewire-alsa.rules
Adding rules for package /nix/store/9y7ia2yp423aa4rn7gh32y8ncrg9w8g2-libmtp-1.1.23
Copying /nix/store/9y7ia2yp423aa4rn7gh32y8ncrg9w8g2-libmtp-1.1.23/lib/udev/rules.d/69-libmtp.rules to /nix/store/hq25wyzpv6k7pxjy9wipwvndivsmz04j-udev-rules/69-libmtp.rules
Checking that all programs called by relative paths in udev rules exist in /nix/store/b4b1x5fhxpc78qlclj3kdbl9dd49g917-systemd-260.4/lib/udev... OK
Checking that all programs called by absolute paths in udev rules exist... OK
Verifying udev rules using udevadm verify...

54 udev rules files have been checked.
  Success: 54
  Fail:    0
OK
building '/nix/store/h4dhph5zrhcirlk1nb2bfsyh8l3n5833-unit-container-getty-.service.drv'...
building '/nix/store/pr0mha2wl1d0aphzsg9hz9166p3nadmj-X-Restart-Triggers-systemd-udevd.drv'...
building '/nix/store/da6613a0f40nrrjy6i9i1s4gb5dl839d-unit-generate-shutdown-ramfs.service.drv'...
building '/nix/store/slvp2j8djsdh6f1jhkzqs014ff1sh0nn-unit-getty-.service.drv'...
building '/nix/store/xa4zvz3gsgsghvkyphlrzdx7paqf6fs1-unit-initrd-parse-etc.service.drv'...
building '/nix/store/mb4cms45jmvbn2xnw5qqjf8jicqpcd8q-unit-logrotate-checkconf.service.drv'...
building '/nix/store/vahav6l9kb8lfk9z2sd863v7gcn95cai-initrd-units.drv'...
building '/nix/store/zmyg4qq2k8sv39ifb517ymbzw66anxx8-unit-logrotate.service.drv'...
building '/nix/store/ayyqi699wzgiscphf7mik5b4vabdc8w7-initrd-linux-6.18.53.drv'...
structuredAttrs is enabled
/bin -> /nix/store/y6qx04fwqsch5011hbyb3x4pddag97cl-initrd-bin-env/bin
/etc/dbus-1 -> /nix/store/ssrqbhrwn4g2zrhh7i7xwkf6rp8dfn8j-dbus-1
/etc/group -> /nix/store/paifapz49qcxbzkmkhrcvzdfpkikz8pf-initrd-group
/etc/hostname -> /nix/store/9xm5fvdn6fj56087561amlh6gk3av48f-initrd-hostname
/etc/initrd-release -> /nix/store/1vczfchd9x5rpp02s3p05c39ybyiyi90-initrd-release
/etc/kbd/keymaps -> /nix/store/ic4wlczmfz91ny4xn9c71rymydd0al1j-console-env/share/keymaps
/etc/modprobe.d/debian.conf -> /nix/store/11i63hjwbylp9ivwa4ylk9cx2kdczl0c-kmod-debian-aliases.conf-30+20230601-2
/etc/modprobe.d/nixos.conf -> /nix/store/s90j4c2ifcnghm3azmb0850g36aaiqv2-etc-modprobe.d-nixos.conf
/etc/modprobe.d/systemd.conf -> /nix/store/b4b1x5fhxpc78qlclj3kdbl9dd49g917-systemd-260.4/lib/modprobe.d/systemd.conf
/etc/modprobe.d/ubuntu.conf -> /nix/store/fci0ml2wnyi96yf9q0vqy50rma0ccx4d-kmod-blacklist-31+20240202-2ubuntu8/modprobe.conf
/etc/modules-load.d/nixos.conf -> /nix/store/fsl91n9wfdwq26wymph8y4xhcq1acimf-initrd-nixos.conf
/etc/os-release -> /nix/store/1vczfchd9x5rpp02s3p05c39ybyiyi90-initrd-release
/etc/passwd -> /nix/store/plxkxgr908zq7vmr5ln4006wcqapmcdj-initrd-passwd
/etc/shadow -> /nix/store/00x36ijn5lhrsp9rwz4xainvhkfdjbzr-initrd-shadow
/etc/shells -> /nix/store/f87kp62m93ffp5x1pzmcw3cfg1cbkcwn-initrd-shells
/etc/sysctl.d/nixos.conf -> /nix/store/zy0qq3hql582spw68x2fwpc1f0hyw0yd-initrd-nixos.conf
/etc/systemd/system -> /nix/store/ry6ss2hlxdrfdxm2x6z5a90n0zsx8m6g-initrd-units
/etc/systemd/system.conf -> /nix/store/60b342m3syj50d605fhp6skvmg66a7a9-initrd-system.conf
/etc/terminfo/l/linux -> /nix/store/97xgq8dwpmcadv42038lkkrnrjfy180a-ncurses-6.6/share/terminfo/l/linux
/etc/terminfo/v/vt100 -> /nix/store/97xgq8dwpmcadv42038lkkrnrjfy180a-ncurses-6.6/share/terminfo/v/vt100
/etc/terminfo/v/vt102 -> /nix/store/97xgq8dwpmcadv42038lkkrnrjfy180a-ncurses-6.6/share/terminfo/v/vt102
/etc/terminfo/v/vt220 -> /nix/store/97xgq8dwpmcadv42038lkkrnrjfy180a-ncurses-6.6/share/terminfo/v/vt220
/etc/udev/rules.d -> /nix/store/lhx0n845i0fafwv88ncmjj168psnnxkk-initrd-udev-rules
/etc/vconsole.conf -> /nix/store/51b4vdqrwjh5b0i78kbxgl32jnf2zsin-vconsole.conf
/init -> /nix/store/b4b1x5fhxpc78qlclj3kdbl9dd49g917-systemd-260.4/lib/systemd/systemd
/lib -> /nix/store/7ra0pibs49rxc3l2snq8n8gvzmlf944s-linux-6.18.53-modules-shrunk/lib
/sbin -> /nix/store/y6qx04fwqsch5011hbyb3x4pddag97cl-initrd-bin-env/sbin
/usr/bin -> /nix/store/y6qx04fwqsch5011hbyb3x4pddag97cl-initrd-bin-env/bin
/usr/sbin -> /nix/store/y6qx04fwqsch5011hbyb3x4pddag97cl-initrd-bin-env/sbin
Warning: Couldn't satisfy dependency libcrypt.so.1 for "/nix/store/b4b1x5fhxpc78qlclj3kdbl9dd49g917-systemd-260.4/lib/systemd/libsystemd-shared-260.so"
Warning: Couldn't satisfy dependency libcrypt.so.1.1 for "/nix/store/b4b1x5fhxpc78qlclj3kdbl9dd49g917-systemd-260.4/lib/systemd/libsystemd-shared-260.so"
building '/nix/store/vl9j129jj5z8lg16pbyzi4qsl3ns0zfz-unit-nix-daemon.service.drv'...
building '/nix/store/agbfi43kmcvim2hjz9nphyhs8agak86x-boot.json.drv'...
building '/nix/store/ahiwd393nvrcf2vb2zixm0sp5cwmxl4l-boot.json.drv'...
building '/nix/store/vql9axil2v3wif9dyq8agpzjyzm539hv-unit-nix-daemon.service.drv'...
building '/nix/store/zb49wkl4kbl6g7dxjh2wa85vvsdp45z8-unit-reload-systemd-vconsole-setup.service.drv'...
building '/nix/store/5x7qy6zkaa5sndkrkaxxj3gaxbkk8bs4-unit-serial-getty-.service.drv'...
building '/nix/store/y26mkz0bq35r4nk37bn0h7ic6ay2vha1-unit-sshd.service.drv'...
building '/nix/store/4jqq1b8lyjgi7cy1940l9456m63fyvxh-unit-systemd-fsck-.service.drv'...
building '/nix/store/z68i939hpmszjxlndcw1aa39h9mb1qkb-unit-systemd-makefs-.service.drv'...
building '/nix/store/6693givn0riyai9mdznz2ycypg7hwddp-unit-systemd-modules-load.service.drv'...
building '/nix/store/pnrk29s0xb0frx8x3wa30crq2q7bymcs-unit-systemd-sysctl.service.drv'...
building '/nix/store/i044nmhi1j36zw0nns0jjzj91xwhkkrp-unit-systemd-tmpfiles-resetup.service.drv'...
building '/nix/store/4g0l70kmh0krnrpxfjhk3zlkch4b75fw-unit-systemd-udevd.service.drv'...
building '/nix/store/ry77ki2b2xhqqyz1fhf1bmc1q347f33v-users-groups.json.drv'...
building '/nix/store/4bbcfcpk8a9i8195ivkzka99w2w3rcg4-dry-activate.drv'...
building '/nix/store/ah9p2xplzbr111yq4w69v8sn4grd843h-unit-wpa_supplicant.service.drv'...
copying path '/nix/store/bvsiqv4ij1b0kfz3mch0ccdc7chzw2b1-vulkan-loader-1.4.341.0-dev' from 'https://cache.nixos.org'...
copying path '/nix/store/fsp40zchdgjy4ix95mdyyapmwy7wg7l3-qtbase-6.11.2-dev' from 'https://cache.nixos.org'...
copying path '/nix/store/plgavg2aj3fr8cyg501ifh07x6m3gs8x-qtshadertools-6.11.2-dev' from 'https://cache.nixos.org'...
copying path '/nix/store/h9d4x640z6yi45c0n24i3sn3v5cpni7r-qtlanguageserver-6.11.2-dev' from 'https://cache.nixos.org'...
copying path '/nix/store/aaqg3h4mbfq54z0iwpa2wm65r49wcmni-qtsvg-6.11.2-dev' from 'https://cache.nixos.org'...
copying path '/nix/store/r6fvab9lw2x0s3vx4ipdvkdp6k5qziq6-breeze-icons-6.26.0-dev' from 'https://cache.nixos.org'...
copying path '/nix/store/cayfzbbznqzwbbh5gh6rj9nv2xdx08dx-qtdeclarative-6.11.2-dev' from 'https://cache.nixos.org'...
copying path '/nix/store/5izplnvfpcflfc0yn5mb39zq62hc33zh-kconfig-6.26.0-dev' from 'https://cache.nixos.org'...
copying path '/nix/store/kdang07055ca5vzkz17lc2m7d8z1bfmx-qt5compat-6.11.2-dev' from 'https://cache.nixos.org'...
copying path '/nix/store/mzxm17i3f07hxpn9nv97709pqs05n7i3-qttools-6.11.2-dev' from 'https://cache.nixos.org'...
copying path '/nix/store/3p0k4h04f05hmf503lkc53v1575vclqi-kirigami-6.26.0-dev' from 'https://cache.nixos.org'...
copying path '/nix/store/v2d5m0gqkl57id64kvrhcv5pi7l2y90a-kbookmarks-6.26.0-dev' from 'https://cache.nixos.org'...
copying path '/nix/store/z1z7maap1hrb8n4m683p64zhcv5rp10s-kcolorscheme-6.26.0-dev' from 'https://cache.nixos.org'...
copying path '/nix/store/xl3zqkb22v71sparfnwyfk6vbqbdj0ab-kcompletion-6.26.0-dev' from 'https://cache.nixos.org'...
copying path '/nix/store/7v2m3ypav0m3y3bbkxslqf2clamsv4im-knotifications-6.26.0-dev' from 'https://cache.nixos.org'...
copying path '/nix/store/4f4wcm49d1lmgv3jcqa99ajbw3gzh7ip-kservice-6.26.0-dev' from 'https://cache.nixos.org'...
copying path '/nix/store/6243iqbzw17gkkjlxsd4l7rzjsa361ak-plasma-activities-6.6.6-dev' from 'https://cache.nixos.org'...
copying path '/nix/store/g3m1yk5ny8q40xrshbszmf2r2yy57p7s-kconfigwidgets-6.26.0-dev' from 'https://cache.nixos.org'...
copying path '/nix/store/s9f37p0prsd471x3a6nvvj3dzk0qdaq8-kiconthemes-6.26.0-dev' from 'https://cache.nixos.org'...
copying path '/nix/store/pdfkwqs0wygyxa4rmdzlwa8qw220hi2i-kjobwidgets-6.26.0-dev' from 'https://cache.nixos.org'...
copying path '/nix/store/6qrjz89hdnja51jvnc356606vi4cd5vw-ktextwidgets-6.26.0-dev' from 'https://cache.nixos.org'...
copying path '/nix/store/1w61dyrdx3m1j1asb0anvqfm51ypfcbd-qqc2-desktop-style-6.26.0-dev' from 'https://cache.nixos.org'...
copying path '/nix/store/pjqwsz039bgdqawr9cckcr4vqcahqa9s-kwallet-6.26.0-dev' from 'https://cache.nixos.org'...
copying path '/nix/store/3hwfmczaq9b7y4zjqi3iiflirycvyhzv-kxmlgui-6.26.0-dev' from 'https://cache.nixos.org'...
copying path '/nix/store/mprvzaaqbzvfzjnqw56fn1wa84c1rh1f-kirigami-wrapped-6.26.0' from 'https://cache.nixos.org'...
copying path '/nix/store/ryhqpg45r31f5byyk9l4kv121vciqp9s-kio-6.26.0-dev' from 'https://cache.nixos.org'...
copying path '/nix/store/30pbrmir6bhm79kwrnz34rnfnm7s83cb-ksvg-6.26.0-dev' from 'https://cache.nixos.org'...
copying path '/nix/store/mn0zh389d1h6rk2hb3wrwqfhcn0q2x92-kparts-6.26.0-dev' from 'https://cache.nixos.org'...
copying path '/nix/store/0wrhqkxcfbamsqy00n4xvvjig7gp0vya-libplasma-6.6.6-dev' from 'https://cache.nixos.org'...
building '/nix/store/qy71i18lq069ch2h54vrwzgd0wahhc5m-calamares-3.4.2.drv'...
Running phase: qtPreHook
Running phase: unpackPhase
unpacking source archive /nix/store/0y94dh014s9c53z323r6xwzvn1ay8anc-source
source root is source
separate-debug-info: recording checksum of source files for debug support...
Running phase: patchPhase
applying patch /nix/store/mf7vvjcimghw3b0fmm5qc9fdwjag44pv-dont-allow-manual-luks.patch
patching file src/modules/partition/gui/CreatePartitionDialog.cpp
Hunk #1 succeeded at 104 (offset -4 lines).
patching file src/modules/partition/gui/EditExistingPartitionDialog.cpp
Hunk #1 succeeded at 120 (offset 7 lines).
applying patch /nix/store/4ai7zflwcgqcp7x4g4kl594yly8c4b5k-dont-create-users.patch
patching file src/modules/users/Config.cpp
Hunk #1 succeeded at 1079 (offset 10 lines).
Hunk #2 succeeded at 1088 (offset 10 lines).
Running phase: updateAutotoolsGnuConfigScriptsPhase
Running phase: configurePhase
cmake flags: -GNinja -DCMAKE_FIND_USE_SYSTEM_PACKAGE_REGISTRY=OFF -DCMAKE_FIND_USE_PACKAGE_REGISTRY=OFF -DCMAKE_EXPORT_NO_PACKAGE_REGISTRY=ON -DCMAKE_BUILD_TYPE=Release -DBUILD_TESTING=OFF -DCMAKE_INSTALL_LOCALEDIR=/nix/store/yhvpqh8zj2n31jhw25gb0yw0nc9v8zql-calamares-3.4.2/share/locale -DCMAKE_INSTALL_LIBEXECDIR=/nix/store/yhvpqh8zj2n31jhw25gb0yw0nc9v8zql-calamares-3.4.2/libexec -DCMAKE_INSTALL_LIBDIR=/nix/store/yhvpqh8zj2n31jhw25gb0yw0nc9v8zql-calamares-3.4.2/lib -DCMAKE_INSTALL_DOCDIR=/nix/store/yhvpqh8zj2n31jhw25gb0yw0nc9v8zql-calamares-3.4.2/share/doc/CALAMARES -DCMAKE_INSTALL_INFODIR=/nix/store/yhvpqh8zj2n31jhw25gb0yw0nc9v8zql-calamares-3.4.2/share/info -DCMAKE_INSTALL_MANDIR=/nix/store/yhvpqh8zj2n31jhw25gb0yw0nc9v8zql-calamares-3.4.2/share/man -DCMAKE_INSTALL_INCLUDEDIR=/nix/store/yhvpqh8zj2n31jhw25gb0yw0nc9v8zql-calamares-3.4.2/include -DCMAKE_INSTALL_SBINDIR=/nix/store/yhvpqh8zj2n31jhw25gb0yw0nc9v8zql-calamares-3.4.2/sbin -DCMAKE_INSTALL_BINDIR=/nix/store/yhvpqh8zj2n31jhw25gb0yw0nc9v8zql-calamares-3.4.2/bin -DCMAKE_INSTALL_NAME_DIR=/nix/store/yhvpqh8zj2n31jhw25gb0yw0nc9v8zql-calamares-3.4.2/lib -DCMAKE_STRIP=/nix/store/79mr0jw3qccq7hhf1hh62knxd88dwazc-gcc-wrapper-15.3.0/bin/strip -DCMAKE_RANLIB=/nix/store/79mr0jw3qccq7hhf1hh62knxd88dwazc-gcc-wrapper-15.3.0/bin/ranlib -DCMAKE_AR=/nix/store/79mr0jw3qccq7hhf1hh62knxd88dwazc-gcc-wrapper-15.3.0/bin/ar -DCMAKE_C_COMPILER=gcc -DCMAKE_CXX_COMPILER=g++ -DCMAKE_INSTALL_PREFIX=/nix/store/yhvpqh8zj2n31jhw25gb0yw0nc9v8zql-calamares-3.4.2 -DQT_OPTIONAL_TOOLS_PATH=/nix/store/420si31pm4ykgib2b0hgpy2s1f13af4i-qttools-6.11.2 -DQT_OPTIONAL_TOOLS_PATH=/nix/store/420si31pm4ykgib2b0hgpy2s1f13af4i-qttools-6.11.2 -DKDE_INSTALL_EXECROOTDIR=/nix/store/yhvpqh8zj2n31jhw25gb0yw0nc9v8zql-calamares-3.4.2 -DKDE_INSTALL_BINDIR=/nix/store/yhvpqh8zj2n31jhw25gb0yw0nc9v8zql-calamares-3.4.2/bin -DKDE_INSTALL_SBINDIR=/nix/store/yhvpqh8zj2n31jhw25gb0yw0nc9v8zql-calamares-3.4.2/sbin -DKDE_INSTALL_LIBDIR=/nix/store/yhvpqh8zj2n31jhw25gb0yw0nc9v8zql-calamares-3.4.2/lib -DKDE_INSTALL_LIBEXECDIR=/nix/store/yhvpqh8zj2n31jhw25gb0yw0nc9v8zql-calamares-3.4.2/libexec -DKDE_INSTALL_CMAKEPACKAGEDIR=/nix/store/yhvpqh8zj2n31jhw25gb0yw0nc9v8zql-calamares-3.4.2/lib/cmake -DKDE_INSTALL_QTPLUGINDIR=/nix/store/yhvpqh8zj2n31jhw25gb0yw0nc9v8zql-calamares-3.4.2/lib/qt-6/plugins -DKDE_INSTALL_PLUGINDIR=/nix/store/yhvpqh8zj2n31jhw25gb0yw0nc9v8zql-calamares-3.4.2/lib/qt-6/plugins -DKDE_INSTALL_QMLDIR=/nix/store/yhvpqh8zj2n31jhw25gb0yw0nc9v8zql-calamares-3.4.2/lib/qt-6/qml -DKDE_INSTALL_INCLUDEDIR=/nix/store/yhvpqh8zj2n31jhw25gb0yw0nc9v8zql-calamares-3.4.2/include -DKDE_INSTALL_LOCALSTATEDIR=/var -DKDE_INSTALL_SHAREDSTATEDIR=/com -DKDE_INSTALL_DATAROOTDIR=/nix/store/yhvpqh8zj2n31jhw25gb0yw0nc9v8zql-calamares-3.4.2/share -DKDE_INSTALL_DATADIR=/nix/store/yhvpqh8zj2n31jhw25gb0yw0nc9v8zql-calamares-3.4.2/share -DKDE_INSTALL_DOCBUNDLEDIR=/nix/store/yhvpqh8zj2n31jhw25gb0yw0nc9v8zql-calamares-3.4.2/share/doc/HTML -DKDE_INSTALL_KCFGDIR=/nix/store/yhvpqh8zj2n31jhw25gb0yw0nc9v8zql-calamares-3.4.2/share/config.kcfg -DKDE_INSTALL_KCONFUPDATEDIR=/nix/store/yhvpqh8zj2n31jhw25gb0yw0nc9v8zql-calamares-3.4.2/share/kconf_update -DKDE_INSTALL_KAPPTEMPLATESDIR=/nix/store/yhvpqh8zj2n31jhw25gb0yw0nc9v8zql-calamares-3.4.2/share/kdevappwizard/templates -DKDE_INSTALL_KFILETEMPLATESDIR=/nix/store/yhvpqh8zj2n31jhw25gb0yw0nc9v8zql-calamares-3.4.2/share/kdevfiletemplates/templates -DKDE_INSTALL_KXMLGUIDIR=/nix/store/yhvpqh8zj2n31jhw25gb0yw0nc9v8zql-calamares-3.4.2/share/kxmlgui5 -DKDE_INSTALL_KNOTIFYRCDIR=/nix/store/yhvpqh8zj2n31jhw25gb0yw0nc9v8zql-calamares-3.4.2/share/knotifications6 -DKDE_INSTALL_ICONDIR=/nix/store/yhvpqh8zj2n31jhw25gb0yw0nc9v8zql-calamares-3.4.2/share/icons -DKDE_INSTALL_LOCALEDIR=/nix/store/yhvpqh8zj2n31jhw25gb0yw0nc9v8zql-calamares-3.4.2/share/locale -DKDE_INSTALL_SOUNDDIR=/nix/store/yhvpqh8zj2n31jhw25gb0yw0nc9v8zql-calamares-3.4.2/share/sounds -DKDE_INSTALL_TEMPLATEDIR=/nix/store/yhvpqh8zj2n31jhw25gb0yw0nc9v8zql-calamares-3.4.2/share/templates -DKDE_INSTALL_WALLPAPERDIR=/nix/store/yhvpqh8zj2n31jhw25gb0yw0nc9v8zql-calamares-3.4.2/share/wallpapers -DKDE_INSTALL_APPDIR=/nix/store/yhvpqh8zj2n31jhw25gb0yw0nc9v8zql-calamares-3.4.2/share/applications -DKDE_INSTALL_DESKTOPDIR=/nix/store/yhvpqh8zj2n31jhw25gb0yw0nc9v8zql-calamares-3.4.2/share/desktop-directories -DKDE_INSTALL_MIMEDIR=/nix/store/yhvpqh8zj2n31jhw25gb0yw0nc9v8zql-calamares-3.4.2/share/mime/packages -DKDE_INSTALL_METAINFODIR=/nix/store/yhvpqh8zj2n31jhw25gb0yw0nc9v8zql-calamares-3.4.2/share/metainfo -DKDE_INSTALL_QTQCHDIR=/nix/store/yhvpqh8zj2n31jhw25gb0yw0nc9v8zql-calamares-3.4.2/share/doc/qch -DKDE_INSTALL_QCHDIR=/nix/store/yhvpqh8zj2n31jhw25gb0yw0nc9v8zql-calamares-3.4.2/share/doc/qch -DKDE_INSTALL_MANDIR=/nix/store/yhvpqh8zj2n31jhw25gb0yw0nc9v8zql-calamares-3.4.2/share/man -DKDE_INSTALL_INFODIR=/nix/store/yhvpqh8zj2n31jhw25gb0yw0nc9v8zql-calamares-3.4.2/share/info -DKDE_INSTALL_DBUSDIR=/nix/store/yhvpqh8zj2n31jhw25gb0yw0nc9v8zql-calamares-3.4.2/share/dbus-1 -DKDE_INSTALL_DBUSINTERFACEDIR=/nix/store/yhvpqh8zj2n31jhw25gb0yw0nc9v8zql-calamares-3.4.2/share/dbus-1/interfaces -DKDE_INSTALL_DBUSSERVICEDIR=/nix/store/yhvpqh8zj2n31jhw25gb0yw0nc9v8zql-calamares-3.4.2/share/dbus-1/services -DKDE_INSTALL_DBUSSYSTEMSERVICEDIR=/nix/store/yhvpqh8zj2n31jhw25gb0yw0nc9v8zql-calamares-3.4.2/share/dbus-1/system-services -DKDE_INSTALL_SYSCONFDIR=/nix/store/yhvpqh8zj2n31jhw25gb0yw0nc9v8zql-calamares-3.4.2/etc -DKDE_INSTALL_CONFDIR=/nix/store/yhvpqh8zj2n31jhw25gb0yw0nc9v8zql-calamares-3.4.2/etc/xdg -DKDE_INSTALL_AUTOSTARTDIR=/nix/store/yhvpqh8zj2n31jhw25gb0yw0nc9v8zql-calamares-3.4.2/etc/xdg/autostart -DKDE_INSTALL_LOGGINGCATEGORIESDIR=/nix/store/yhvpqh8zj2n31jhw25gb0yw0nc9v8zql-calamares-3.4.2/share/qlogging-categories6 -DKDE_INSTALL_SYSTEMDUNITDIR=/nix/store/yhvpqh8zj2n31jhw25gb0yw0nc9v8zql-calamares-3.4.2/lib/systemd -DKDE_INSTALL_SYSTEMDUSERUNITDIR=/nix/store/yhvpqh8zj2n31jhw25gb0yw0nc9v8zql-calamares-3.4.2/share/systemd/user -DKDE_INSTALL_EXECROOTDIR=/nix/store/yhvpqh8zj2n31jhw25gb0yw0nc9v8zql-calamares-3.4.2 -DKDE_INSTALL_BINDIR=/nix/store/yhvpqh8zj2n31jhw25gb0yw0nc9v8zql-calamares-3.4.2/bin -DKDE_INSTALL_SBINDIR=/nix/store/yhvpqh8zj2n31jhw25gb0yw0nc9v8zql-calamares-3.4.2/sbin -DKDE_INSTALL_LIBDIR=/nix/store/yhvpqh8zj2n31jhw25gb0yw0nc9v8zql-calamares-3.4.2/lib -DKDE_INSTALL_LIBEXECDIR=/nix/store/yhvpqh8zj2n31jhw25gb0yw0nc9v8zql-calamares-3.4.2/libexec -DKDE_INSTALL_CMAKEPACKAGEDIR=/nix/store/yhvpqh8zj2n31jhw25gb0yw0nc9v8zql-calamares-3.4.2/lib/cmake -DKDE_INSTALL_QTPLUGINDIR=/nix/store/yhvpqh8zj2n31jhw25gb0yw0nc9v8zql-calamares-3.4.2/lib/qt-6/plugins -DKDE_INSTALL_PLUGINDIR=/nix/store/yhvpqh8zj2n31jhw25gb0yw0nc9v8zql-calamares-3.4.2/lib/qt-6/plugins -DKDE_INSTALL_QMLDIR=/nix/store/yhvpqh8zj2n31jhw25gb0yw0nc9v8zql-calamares-3.4.2/lib/qt-6/qml -DKDE_INSTALL_INCLUDEDIR=/nix/store/yhvpqh8zj2n31jhw25gb0yw0nc9v8zql-calamares-3.4.2/include -DKDE_INSTALL_LOCALSTATEDIR=/var -DKDE_INSTALL_SHAREDSTATEDIR=/com -DKDE_INSTALL_DATAROOTDIR=/nix/store/yhvpqh8zj2n31jhw25gb0yw0nc9v8zql-calamares-3.4.2/share -DKDE_INSTALL_DATADIR=/nix/store/yhvpqh8zj2n31jhw25gb0yw0nc9v8zql-calamares-3.4.2/share -DKDE_INSTALL_DOCBUNDLEDIR=/nix/store/yhvpqh8zj2n31jhw25gb0yw0nc9v8zql-calamares-3.4.2/share/doc/HTML -DKDE_INSTALL_KCFGDIR=/nix/store/yhvpqh8zj2n31jhw25gb0yw0nc9v8zql-calamares-3.4.2/share/config.kcfg -DKDE_INSTALL_KCONFUPDATEDIR=/nix/store/yhvpqh8zj2n31jhw25gb0yw0nc9v8zql-calamares-3.4.2/share/kconf_update -DKDE_INSTALL_KAPPTEMPLATESDIR=/nix/store/yhvpqh8zj2n31jhw25gb0yw0nc9v8zql-calamares-3.4.2/share/kdevappwizard/templates -DKDE_INSTALL_KFILETEMPLATESDIR=/nix/store/yhvpqh8zj2n31jhw25gb0yw0nc9v8zql-calamares-3.4.2/share/kdevfiletemplates/templates -DKDE_INSTALL_KXMLGUIDIR=/nix/store/yhvpqh8zj2n31jhw25gb0yw0nc9v8zql-calamares-3.4.2/share/kxmlgui5 -DKDE_INSTALL_KNOTIFYRCDIR=/nix/store/yhvpqh8zj2n31jhw25gb0yw0nc9v8zql-calamares-3.4.2/share/knotifications6 -DKDE_INSTALL_ICONDIR=/nix/store/yhvpqh8zj2n31jhw25gb0yw0nc9v8zql-calamares-3.4.2/share/icons -DKDE_INSTALL_LOCALEDIR=/nix/store/yhvpqh8zj2n31jhw25gb0yw0nc9v8zql-calamares-3.4.2/share/locale -DKDE_INSTALL_SOUNDDIR=/nix/store/yhvpqh8zj2n31jhw25gb0yw0nc9v8zql-calamares-3.4.2/share/sounds -DKDE_INSTALL_TEMPLATEDIR=/nix/store/yhvpqh8zj2n31jhw25gb0yw0nc9v8zql-calamares-3.4.2/share/templates -DKDE_INSTALL_WALLPAPERDIR=/nix/store/yhvpqh8zj2n31jhw25gb0yw0nc9v8zql-calamares-3.4.2/share/wallpapers -DKDE_INSTALL_APPDIR=/nix/store/yhvpqh8zj2n31jhw25gb0yw0nc9v8zql-calamares-3.4.2/share/applications -DKDE_INSTALL_DESKTOPDIR=/nix/store/yhvpqh8zj2n31jhw25gb0yw0nc9v8zql-calamares-3.4.2/share/desktop-directories -DKDE_INSTALL_MIMEDIR=/nix/store/yhvpqh8zj2n31jhw25gb0yw0nc9v8zql-calamares-3.4.2/share/mime/packages -DKDE_INSTALL_METAINFODIR=/nix/store/yhvpqh8zj2n31jhw25gb0yw0nc9v8zql-calamares-3.4.2/share/metainfo -DKDE_INSTALL_QTQCHDIR=/nix/store/yhvpqh8zj2n31jhw25gb0yw0nc9v8zql-calamares-3.4.2/share/doc/qch -DKDE_INSTALL_QCHDIR=/nix/store/yhvpqh8zj2n31jhw25gb0yw0nc9v8zql-calamares-3.4.2/share/doc/qch -DKDE_INSTALL_MANDIR=/nix/store/yhvpqh8zj2n31jhw25gb0yw0nc9v8zql-calamares-3.4.2/share/man -DKDE_INSTALL_INFODIR=/nix/store/yhvpqh8zj2n31jhw25gb0yw0nc9v8zql-calamares-3.4.2/share/info -DKDE_INSTALL_DBUSDIR=/nix/store/yhvpqh8zj2n31jhw25gb0yw0nc9v8zql-calamares-3.4.2/share/dbus-1 -DKDE_INSTALL_DBUSINTERFACEDIR=/nix/store/yhvpqh8zj2n31jhw25gb0yw0nc9v8zql-calamares-3.4.2/share/dbus-1/interfaces -DKDE_INSTALL_DBUSSERVICEDIR=/nix/store/yhvpqh8zj2n31jhw25gb0yw0nc9v8zql-calamares-3.4.2/share/dbus-1/services -DKDE_INSTALL_DBUSSYSTEMSERVICEDIR=/nix/store/yhvpqh8zj2n31jhw25gb0yw0nc9v8zql-calamares-3.4.2/share/dbus-1/system-services -DKDE_INSTALL_SYSCONFDIR=/nix/store/yhvpqh8zj2n31jhw25gb0yw0nc9v8zql-calamares-3.4.2/etc -DKDE_INSTALL_CONFDIR=/nix/store/yhvpqh8zj2n31jhw25gb0yw0nc9v8zql-calamares-3.4.2/etc/xdg -DKDE_INSTALL_AUTOSTARTDIR=/nix/store/yhvpqh8zj2n31jhw25gb0yw0nc9v8zql-calamares-3.4.2/etc/xdg/autostart -DKDE_INSTALL_LOGGINGCATEGORIESDIR=/nix/store/yhvpqh8zj2n31jhw25gb0yw0nc9v8zql-calamares-3.4.2/share/qlogging-categories6 -DKDE_INSTALL_SYSTEMDUNITDIR=/nix/store/yhvpqh8zj2n31jhw25gb0yw0nc9v8zql-calamares-3.4.2/lib/systemd -DKDE_INSTALL_SYSTEMDUSERUNITDIR=/nix/store/yhvpqh8zj2n31jhw25gb0yw0nc9v8zql-calamares-3.4.2/share/systemd/user
-- The C compiler identification is GNU 15.3.0
-- The CXX compiler identification is GNU 15.3.0
-- Detecting C compiler ABI info
-- Detecting C compiler ABI info - done
-- Check for working C compiler: /nix/store/79mr0jw3qccq7hhf1hh62knxd88dwazc-gcc-wrapper-15.3.0/bin/gcc - skipped
-- Detecting C compile features
-- Detecting C compile features - done
-- Detecting CXX compiler ABI info
-- Detecting CXX compiler ABI info - done
-- Check for working CXX compiler: /nix/store/79mr0jw3qccq7hhf1hh62knxd88dwazc-gcc-wrapper-15.3.0/bin/g++ - skipped
-- Detecting CXX compile features
-- Detecting CXX compile features - done
-- Building Calamares with Qt6
-- Found GNU g++ 15.3.0, enabling colorized error messages.
-- Performing Test CMAKE_HAVE_LIBC_PTHREAD
-- Performing Test CMAKE_HAVE_LIBC_PTHREAD - Success
-- Found Threads: TRUE
-- Performing Test HAVE_STDATOMIC
-- Performing Test HAVE_STDATOMIC - Success
-- Found WrapAtomic: TRUE
-- Found OpenGL: /nix/store/mwlz1nal5bznpy8mlp02ry79h3083k1b-libglvnd-1.7.0/lib/libOpenGL.so
-- Found WrapOpenGL: TRUE
-- Found WrapVulkanHeaders: /nix/store/y5cj46l7dvhhz63rwgqd71h723i3q8c0-vulkan-headers-1.4.341.0/include
-- Found YAMLCPP: /nix/store/k2in4s7hv1s42gql8xlsw39wfz9qa4xa-yaml-cpp-0.8.0/include (Required is at least version "0.5.1")
-- Found KDE ECM /nix/store/dw4fnvkahpz1dnw2yssnfw6plknapcm2-extra-cmake-modules-6.26.0/share/ECM/modules/;/nix/store/dw4fnvkahpz1dnw2yssnfw6plknapcm2-extra-cmake-modules-6.26.0/share/ECM/find-modules/;/nix/store/dw4fnvkahpz1dnw2yssnfw6plknapcm2-extra-cmake-modules-6.26.0/share/ECM/kde-modules
-- Found Python3: /nix/store/9r02ykx9y35lf4gk6gc30gnag1y8ncp7-python3-3.13.15/bin/python3.13 (found version "3.13.15") found components: Interpreter
Installing in /nix/store/yhvpqh8zj2n31jhw25gb0yw0nc9v8zql-calamares-3.4.2. Run /build/source/build/prefix.sh to set the environment for CALAMARES.
-- Found Python: /nix/store/9r02ykx9y35lf4gk6gc30gnag1y8ncp7-python3-3.13.15/bin/python3.13 (found suitable version "3.13.15", minimum required is "3.6") found components: Interpreter Development Development.Module Development.Embed
No module named 'jsonschema'

Dependencies for this tool are: py-yaml and py-jsonschema.

    https://pyyaml.org/
    https://github.com/Julian/jsonschema

Simple installation is `pip install pyyaml jsonschema`

-- Checked for config-validation dependencies: NOT-FOUND
-- Found Gettext: /nix/store/f1f91rpyx593qcjrwkpl7n0rzyl2rkfg-gettext-1.0/bin/msgmerge (found version "1.0")
-- Installing gettext translations for python
--   Installing python.mo from /build/source/lang/python
--   Skipping python translations for en_US
-- Configured QML module: calamares.slideshow

-- Config bootloader.conf
-- Non-Config bootloader.schema.yaml
-- Non-Config main.py
-- Non-Config module.desc
-- Non-Config test.yaml
-- Found Calamares module: bootloader
   TYPE: jobmodule
   MODULE_DESTINATION: /nix/store/yhvpqh8zj2n31jhw25gb0yw0nc9v8zql-calamares-3.4.2/lib/calamares/modules/bootloader
   CONFIGURATION_FILES: bootloader.conf => [Build directory only]

-- Found Calamares module: contextualprocess
   TYPE: job
   LINK_LIBRARIES: 
   LINK_PRIVATE_LIBRARIES: 
   PLUGIN_DESTINATION: /nix/store/yhvpqh8zj2n31jhw25gb0yw0nc9v8zql-calamares-3.4.2/lib/calamares/modules/contextualprocess
   CONFIGURATION_FILES: contextualprocess.conf => [Build directory only]

-- Config displaymanager.conf
-- Non-Config displaymanager.schema.yaml
-- Non-Config main.py
-- Non-Config module.desc
-- Found Calamares module: displaymanager
   TYPE: jobmodule
   MODULE_DESTINATION: /nix/store/yhvpqh8zj2n31jhw25gb0yw0nc9v8zql-calamares-3.4.2/lib/calamares/modules/displaymanager
   CONFIGURATION_FILES: displaymanager.conf => [Build directory only]

-- Config dracut.conf
-- Non-Config dracut.schema.yaml
-- Non-Config main.py
-- Non-Config module.desc
-- Found Calamares module: dracut
   TYPE: jobmodule
   MODULE_DESTINATION: /nix/store/yhvpqh8zj2n31jhw25gb0yw0nc9v8zql-calamares-3.4.2/lib/calamares/modules/dracut
   CONFIGURATION_FILES: dracut.conf => [Build directory only]

-- Found Calamares module: dracutlukscfg
   TYPE: job
   LINK_LIBRARIES: 
   LINK_PRIVATE_LIBRARIES: 
   PLUGIN_DESTINATION: /nix/store/yhvpqh8zj2n31jhw25gb0yw0nc9v8zql-calamares-3.4.2/lib/calamares/modules/dracutlukscfg

-- Found Calamares module: dummycpp
   TYPE: job
   LINK_LIBRARIES: 
   LINK_PRIVATE_LIBRARIES: 
   PLUGIN_DESTINATION: /nix/store/yhvpqh8zj2n31jhw25gb0yw0nc9v8zql-calamares-3.4.2/lib/calamares/modules/dummycpp
   CONFIGURATION_FILES: dummycpp.conf => [Build directory only]

-- Non-Config module.desc
-- Found Calamares module: dummyprocess
   TYPE: jobmodule
   MODULE_DESTINATION: /nix/store/yhvpqh8zj2n31jhw25gb0yw0nc9v8zql-calamares-3.4.2/lib/calamares/modules/dummyprocess

-- Config dummypython.conf
-- Non-Config main.py
-- Non-Config module.desc
-- Found Calamares module: dummypython
   TYPE: jobmodule
   MODULE_DESTINATION: /nix/store/yhvpqh8zj2n31jhw25gb0yw0nc9v8zql-calamares-3.4.2/lib/calamares/modules/dummypython
   CONFIGURATION_FILES: dummypython.conf => [Build directory only]

-- Found Calamares module: finished
   TYPE: viewmodule
   LINK_LIBRARIES: 
   LINK_PRIVATE_LIBRARIES: Qt6::DBus
   PLUGIN_DESTINATION: /nix/store/yhvpqh8zj2n31jhw25gb0yw0nc9v8zql-calamares-3.4.2/lib/calamares/modules/finished
   CONFIGURATION_FILES: finished.conf => [Build directory only]

-- Found Calamares module: finishedq
   TYPE: viewmodule
   LINK_LIBRARIES: 
   LINK_PRIVATE_LIBRARIES: Qt6::DBus
   PLUGIN_DESTINATION: /nix/store/yhvpqh8zj2n31jhw25gb0yw0nc9v8zql-calamares-3.4.2/lib/calamares/modules/finishedq
   CONFIGURATION_FILES: finishedq.conf => [Build directory only]
   RESOURCES: finishedq-qt6.qrc

-- KPMcore has already been found
-- Found Calamares module: fsresizer
   TYPE: job
   LINK_LIBRARIES: 
   LINK_PRIVATE_LIBRARIES: calamares::kpmcore
   PLUGIN_DESTINATION: /nix/store/yhvpqh8zj2n31jhw25gb0yw0nc9v8zql-calamares-3.4.2/lib/calamares/modules/fsresizer
   CONFIGURATION_FILES: fsresizer.conf => [Build directory only]

-- Config fstab.conf
-- Non-Config fstab.schema.yaml
-- Non-Config main.py
-- Non-Config module.desc
-- Non-Config test.yaml
-- Non-Config test2.yaml
-- Found Calamares module: fstab
   TYPE: jobmodule
   MODULE_DESTINATION: /nix/store/yhvpqh8zj2n31jhw25gb0yw0nc9v8zql-calamares-3.4.2/lib/calamares/modules/fstab
   CONFIGURATION_FILES: fstab.conf => [Build directory only]

-- Config grubcfg.conf
-- Non-Config grubcfg.schema.yaml
-- Non-Config main.py
-- Non-Config module.desc
-- Found Calamares module: grubcfg
   TYPE: jobmodule
   MODULE_DESTINATION: /nix/store/yhvpqh8zj2n31jhw25gb0yw0nc9v8zql-calamares-3.4.2/lib/calamares/modules/grubcfg
   CONFIGURATION_FILES: grubcfg.conf => [Build directory only]

-- Found Calamares module: hostinfo
   TYPE: job
   LINK_LIBRARIES: 
   LINK_PRIVATE_LIBRARIES: 
   PLUGIN_DESTINATION: /nix/store/yhvpqh8zj2n31jhw25gb0yw0nc9v8zql-calamares-3.4.2/lib/calamares/modules/hostinfo

-- Non-Config main.py
-- Non-Config module.desc
-- Found Calamares module: hwclock
   TYPE: jobmodule
   MODULE_DESTINATION: /nix/store/yhvpqh8zj2n31jhw25gb0yw0nc9v8zql-calamares-3.4.2/lib/calamares/modules/hwclock

-- Found Calamares module: initcpio
   TYPE: job
   LINK_LIBRARIES: 
   LINK_PRIVATE_LIBRARIES: 
   PLUGIN_DESTINATION: /nix/store/yhvpqh8zj2n31jhw25gb0yw0nc9v8zql-calamares-3.4.2/lib/calamares/modules/initcpio
   CONFIGURATION_FILES: initcpio.conf => [Build directory only]

-- Config initcpiocfg.conf
-- Non-Config initcpiocfg.schema.yaml
-- Non-Config main.py
-- Non-Config module.desc
-- Non-Config test.yaml
-- Found Calamares module: initcpiocfg
   TYPE: jobmodule
   MODULE_DESTINATION: /nix/store/yhvpqh8zj2n31jhw25gb0yw0nc9v8zql-calamares-3.4.2/lib/calamares/modules/initcpiocfg
   CONFIGURATION_FILES: initcpiocfg.conf => [Build directory only]

-- Found Calamares module: initramfs
   TYPE: job
   LINK_LIBRARIES: 
   LINK_PRIVATE_LIBRARIES: 
   PLUGIN_DESTINATION: /nix/store/yhvpqh8zj2n31jhw25gb0yw0nc9v8zql-calamares-3.4.2/lib/calamares/modules/initramfs
   CONFIGURATION_FILES: initramfs.conf => [Build directory only]

-- Non-Config encrypt_hook
-- Non-Config encrypt_hook_nokey
-- Non-Config main.py
-- Non-Config module.desc
-- Found Calamares module: initramfscfg
   TYPE: jobmodule
   MODULE_DESTINATION: /nix/store/yhvpqh8zj2n31jhw25gb0yw0nc9v8zql-calamares-3.4.2/lib/calamares/modules/initramfscfg

-- Found X11: /nix/store/4wpk4zqxl1gqfzy9y9nxnggqqnga93mz-xorgproto-2025.1/include
-- Looking for XOpenDisplay in /nix/store/4wkicwb2jx5h63d79g5qyp9kn4vx27yb-libx11-1.8.13/lib/libX11.so;/nix/store/jkswprq04f9sm9qs2nqr287zywv8k9wf-libxext-1.3.7/lib/libXext.so
-- Looking for XOpenDisplay in /nix/store/4wkicwb2jx5h63d79g5qyp9kn4vx27yb-libx11-1.8.13/lib/libX11.so;/nix/store/jkswprq04f9sm9qs2nqr287zywv8k9wf-libxext-1.3.7/lib/libXext.so - found
-- Looking for gethostbyname
-- Looking for gethostbyname - found
-- Looking for connect
-- Looking for connect - found
-- Looking for remove
-- Looking for remove - found
-- Looking for shmat
-- Looking for shmat - found
-- Found Calamares module: interactiveterminal
   TYPE: viewmodule
   LINK_LIBRARIES: KF6::Service;KF6::Parts
   LINK_PRIVATE_LIBRARIES: 
   PLUGIN_DESTINATION: /nix/store/yhvpqh8zj2n31jhw25gb0yw0nc9v8zql-calamares-3.4.2/lib/calamares/modules/interactiveterminal
   CONFIGURATION_FILES: interactiveterminal.conf => [Build directory only]

-- Found Calamares module: keyboard
   TYPE: viewmodule
   LINK_LIBRARIES: Qt6::DBus
   LINK_PRIVATE_LIBRARIES: 
   PLUGIN_DESTINATION: /nix/store/yhvpqh8zj2n31jhw25gb0yw0nc9v8zql-calamares-3.4.2/lib/calamares/modules/keyboard
   CONFIGURATION_FILES: keyboard.conf => [Build directory only]
   RESOURCES: keyboard.qrc

-- Found Calamares module: keyboardq
   TYPE: viewmodule
   LINK_LIBRARIES: Qt6::DBus
   LINK_PRIVATE_LIBRARIES: 
   PLUGIN_DESTINATION: /nix/store/yhvpqh8zj2n31jhw25gb0yw0nc9v8zql-calamares-3.4.2/lib/calamares/modules/keyboardq
   CONFIGURATION_FILES: keyboardq.conf => [Build directory only]
   RESOURCES: keyboardq-qt6.qrc

-- Found Calamares module: license
   TYPE: viewmodule
   LINK_LIBRARIES: 
   LINK_PRIVATE_LIBRARIES: 
   PLUGIN_DESTINATION: /nix/store/yhvpqh8zj2n31jhw25gb0yw0nc9v8zql-calamares-3.4.2/lib/calamares/modules/license
   CONFIGURATION_FILES: license.conf => [Build directory only]

-- Found Calamares module: locale
   TYPE: viewmodule
   LINK_LIBRARIES: 
   LINK_PRIVATE_LIBRARIES: Qt6::Network;yamlcpp::yamlcpp
   PLUGIN_DESTINATION: /nix/store/yhvpqh8zj2n31jhw25gb0yw0nc9v8zql-calamares-3.4.2/lib/calamares/modules/locale
   CONFIGURATION_FILES: locale.conf => [Build directory only]
   RESOURCES: locale.qrc

-- Non-Config main.py
-- Non-Config module.desc
-- Found Calamares module: localecfg
   TYPE: jobmodule
   MODULE_DESTINATION: /nix/store/yhvpqh8zj2n31jhw25gb0yw0nc9v8zql-calamares-3.4.2/lib/calamares/modules/localecfg

-- Could NOT find Qt6Location (missing: Qt6Location_DIR)
-- Could NOT find Qt6Positioning (missing: Qt6Positioning_DIR)
-- Found Calamares module: localeq
   TYPE: viewmodule
   LINK_LIBRARIES: 
   LINK_PRIVATE_LIBRARIES: Qt6::Network
   PLUGIN_DESTINATION: /nix/store/yhvpqh8zj2n31jhw25gb0yw0nc9v8zql-calamares-3.4.2/lib/calamares/modules/localeq
   CONFIGURATION_FILES: localeq.conf => [Build directory only]
   RESOURCES: localeq-qt6.qrc

-- Found Calamares module: luksbootkeyfile
   TYPE: job
   LINK_LIBRARIES: 
   LINK_PRIVATE_LIBRARIES: 
   PLUGIN_DESTINATION: /nix/store/yhvpqh8zj2n31jhw25gb0yw0nc9v8zql-calamares-3.4.2/lib/calamares/modules/luksbootkeyfile
   CONFIGURATION_FILES: luksbootkeyfile.conf => [Build directory only]

-- Found Calamares module: luksopenswaphookcfg
   TYPE: job
   LINK_LIBRARIES: 
   LINK_PRIVATE_LIBRARIES: 
   PLUGIN_DESTINATION: /nix/store/yhvpqh8zj2n31jhw25gb0yw0nc9v8zql-calamares-3.4.2/lib/calamares/modules/luksopenswaphookcfg
   CONFIGURATION_FILES: luksopenswaphookcfg.conf => [Build directory only]

-- Found Calamares module: machineid
   TYPE: job
   LINK_LIBRARIES: 
   LINK_PRIVATE_LIBRARIES: 
   PLUGIN_DESTINATION: /nix/store/yhvpqh8zj2n31jhw25gb0yw0nc9v8zql-calamares-3.4.2/lib/calamares/modules/machineid
   CONFIGURATION_FILES: machineid.conf => [Build directory only]

-- Non-Config main.py
-- Non-Config module.desc
-- Found Calamares module: mkinitfs
   TYPE: jobmodule
   MODULE_DESTINATION: /nix/store/yhvpqh8zj2n31jhw25gb0yw0nc9v8zql-calamares-3.4.2/lib/calamares/modules/mkinitfs

-- Non-Config main.py
-- Non-Config module.desc
-- Config mount.conf
-- Non-Config mount.schema.yaml
-- Found Calamares module: mount
   TYPE: jobmodule
   MODULE_DESTINATION: /nix/store/yhvpqh8zj2n31jhw25gb0yw0nc9v8zql-calamares-3.4.2/lib/calamares/modules/mount
   CONFIGURATION_FILES: mount.conf => [Build directory only]

-- Found Calamares module: netinstall
   TYPE: viewmodule
   LINK_LIBRARIES: 
   LINK_PRIVATE_LIBRARIES: Qt6::Network
   PLUGIN_DESTINATION: /nix/store/yhvpqh8zj2n31jhw25gb0yw0nc9v8zql-calamares-3.4.2/lib/calamares/modules/netinstall
   CONFIGURATION_FILES: netinstall.conf => [Build directory only]

-- Non-Config main.py
-- Non-Config module.desc
-- Found Calamares module: networkcfg
   TYPE: jobmodule
   MODULE_DESTINATION: /nix/store/yhvpqh8zj2n31jhw25gb0yw0nc9v8zql-calamares-3.4.2/lib/calamares/modules/networkcfg

-- Found Calamares module: notesqml
   TYPE: viewmodule
   LINK_LIBRARIES: 
   LINK_PRIVATE_LIBRARIES: 
   PLUGIN_DESTINATION: /nix/store/yhvpqh8zj2n31jhw25gb0yw0nc9v8zql-calamares-3.4.2/lib/calamares/modules/notesqml
   CONFIGURATION_FILES: notesqml.conf => [Build directory only]
   RESOURCES: notesqml.qrc

-- Found Calamares module: oemid
   TYPE: viewmodule
   LINK_LIBRARIES: 
   LINK_PRIVATE_LIBRARIES: Qt6::Widgets
   PLUGIN_DESTINATION: /nix/store/yhvpqh8zj2n31jhw25gb0yw0nc9v8zql-calamares-3.4.2/lib/calamares/modules/oemid
   CONFIGURATION_FILES: oemid.conf => [Build directory only]

-- Non-Config main.py
-- Non-Config module.desc
-- Config openrcdmcryptcfg.conf
-- Found Calamares module: openrcdmcryptcfg
   TYPE: jobmodule
   MODULE_DESTINATION: /nix/store/yhvpqh8zj2n31jhw25gb0yw0nc9v8zql-calamares-3.4.2/lib/calamares/modules/openrcdmcryptcfg
   CONFIGURATION_FILES: openrcdmcryptcfg.conf => [Build directory only]

-- Found Calamares module: packagechooser
   TYPE: viewmodule
   LINK_LIBRARIES: 
   LINK_PRIVATE_LIBRARIES: 
   PLUGIN_DESTINATION: /nix/store/yhvpqh8zj2n31jhw25gb0yw0nc9v8zql-calamares-3.4.2/lib/calamares/modules/packagechooser
   CONFIGURATION_FILES: packagechooser.conf => [Build directory only]
   RESOURCES: packagechooser.qrc

-- Found Calamares module: packagechooserq
   TYPE: viewmodule
   LINK_LIBRARIES: 
   LINK_PRIVATE_LIBRARIES: calamaresui
   PLUGIN_DESTINATION: /nix/store/yhvpqh8zj2n31jhw25gb0yw0nc9v8zql-calamares-3.4.2/lib/calamares/modules/packagechooserq
   CONFIGURATION_FILES: packagechooserq.conf => [Build directory only]
   RESOURCES: packagechooserq-qt6.qrc

-- Non-Config main.py
-- Non-Config module.desc
-- Config packages.conf
-- Non-Config packages.schema.yaml
-- Found Calamares module: packages
   TYPE: jobmodule
   MODULE_DESTINATION: /nix/store/yhvpqh8zj2n31jhw25gb0yw0nc9v8zql-calamares-3.4.2/lib/calamares/modules/packages
   CONFIGURATION_FILES: packages.conf => [Build directory only]

-- KPMcore has already been found
-- Found Calamares module: partition
   TYPE: viewmodule
   LINK_LIBRARIES: 
   LINK_PRIVATE_LIBRARIES: calamares::kpmcore;KF6::CoreAddons
   PLUGIN_DESTINATION: /nix/store/yhvpqh8zj2n31jhw25gb0yw0nc9v8zql-calamares-3.4.2/lib/calamares/modules/partition
   CONFIGURATION_FILES: partition.conf => [Build directory only]

-- Found KF6Config: /nix/store/5izplnvfpcflfc0yn5mb39zq62hc33zh-kconfig-6.26.0-dev/lib/cmake/KF6Config/KF6ConfigConfig.cmake (found version "6.26.0")
-- Found KF6Package: /nix/store/0wav0yw45cnlisgxdqv7bv7dnj6y1drz-kpackage-6.26.0-dev/lib/cmake/KF6Package/KF6PackageConfig.cmake (found version "6.26.0")
-- Found Calamares module: plasmalnf
   TYPE: viewmodule
   LINK_LIBRARIES: 
   LINK_PRIVATE_LIBRARIES: KF6::Package;Plasma::Plasma
   PLUGIN_DESTINATION: /nix/store/yhvpqh8zj2n31jhw25gb0yw0nc9v8zql-calamares-3.4.2/lib/calamares/modules/plasmalnf
   CONFIGURATION_FILES: plasmalnf.conf => [Build directory only]
   RESOURCES: page_plasmalnf.qrc

-- Non-Config main.py
-- Non-Config module.desc
-- Config plymouthcfg.conf
-- Non-Config plymouthcfg.schema.yaml
-- Found Calamares module: plymouthcfg
   TYPE: jobmodule
   MODULE_DESTINATION: /nix/store/yhvpqh8zj2n31jhw25gb0yw0nc9v8zql-calamares-3.4.2/lib/calamares/modules/plymouthcfg
   CONFIGURATION_FILES: plymouthcfg.conf => [Build directory only]

-- Found Calamares module: preservefiles
   TYPE: job
   LINK_LIBRARIES: 
   LINK_PRIVATE_LIBRARIES: 
   PLUGIN_DESTINATION: /nix/store/yhvpqh8zj2n31jhw25gb0yw0nc9v8zql-calamares-3.4.2/lib/calamares/modules/preservefiles
   CONFIGURATION_FILES: preservefiles.conf => [Build directory only]

-- Non-Config main.py
-- Non-Config module.desc
-- Config rawfs.conf
-- Found Calamares module: rawfs
   TYPE: jobmodule
   MODULE_DESTINATION: /nix/store/yhvpqh8zj2n31jhw25gb0yw0nc9v8zql-calamares-3.4.2/lib/calamares/modules/rawfs
   CONFIGURATION_FILES: rawfs.conf => [Build directory only]

-- Found Calamares module: removeuser
   TYPE: job
   LINK_LIBRARIES: 
   LINK_PRIVATE_LIBRARIES: 
   PLUGIN_DESTINATION: /nix/store/yhvpqh8zj2n31jhw25gb0yw0nc9v8zql-calamares-3.4.2/lib/calamares/modules/removeuser
   CONFIGURATION_FILES: removeuser.conf => [Build directory only]

-- Non-Config main.py
-- Non-Config module.desc
-- Config services-openrc.conf
-- Found Calamares module: services-openrc
   TYPE: jobmodule
   MODULE_DESTINATION: /nix/store/yhvpqh8zj2n31jhw25gb0yw0nc9v8zql-calamares-3.4.2/lib/calamares/modules/services-openrc
   CONFIGURATION_FILES: services-openrc.conf => [Build directory only]

-- Non-Config main.py
-- Non-Config module.desc
-- Config services-systemd.conf
-- Non-Config services-systemd.schema.yaml
-- Found Calamares module: services-systemd
   TYPE: jobmodule
   MODULE_DESTINATION: /nix/store/yhvpqh8zj2n31jhw25gb0yw0nc9v8zql-calamares-3.4.2/lib/calamares/modules/services-systemd
   CONFIGURATION_FILES: services-systemd.conf => [Build directory only]

-- Found Calamares module: shellprocess
   TYPE: job
   LINK_LIBRARIES: 
   LINK_PRIVATE_LIBRARIES: 
   PLUGIN_DESTINATION: /nix/store/yhvpqh8zj2n31jhw25gb0yw0nc9v8zql-calamares-3.4.2/lib/calamares/modules/shellprocess
   CONFIGURATION_FILES: shellprocess.conf => [Build directory only]

-- Found Calamares module: summary
   TYPE: viewmodule
   LINK_LIBRARIES: 
   LINK_PRIVATE_LIBRARIES: 
   PLUGIN_DESTINATION: /nix/store/yhvpqh8zj2n31jhw25gb0yw0nc9v8zql-calamares-3.4.2/lib/calamares/modules/summary

-- Found Calamares module: summaryq
   TYPE: viewmodule
   LINK_LIBRARIES: 
   LINK_PRIVATE_LIBRARIES: calamaresui
   PLUGIN_DESTINATION: /nix/store/yhvpqh8zj2n31jhw25gb0yw0nc9v8zql-calamares-3.4.2/lib/calamares/modules/summaryq
   RESOURCES: summaryq-qt6.qrc

-- Found Calamares module: tracking
   TYPE: viewmodule
   LINK_LIBRARIES: KF6::CoreAddons
   LINK_PRIVATE_LIBRARIES: 
   PLUGIN_DESTINATION: /nix/store/yhvpqh8zj2n31jhw25gb0yw0nc9v8zql-calamares-3.4.2/lib/calamares/modules/tracking
   CONFIGURATION_FILES: tracking.conf => [Build directory only]
   RESOURCES: page_trackingstep.qrc

-- Found Calamares module: umount
   TYPE: job
   LINK_LIBRARIES: 
   LINK_PRIVATE_LIBRARIES: 
   PLUGIN_DESTINATION: /nix/store/yhvpqh8zj2n31jhw25gb0yw0nc9v8zql-calamares-3.4.2/lib/calamares/modules/umount
   CONFIGURATION_FILES: umount.conf => [Build directory only]

-- Non-Config main.py
-- Non-Config module.desc
-- Non-Config runtests.sh
-- Config unpackfs.conf
-- Non-Config unpackfs.schema.yaml
-- Found Calamares module: unpackfs
   TYPE: jobmodule
   MODULE_DESTINATION: /nix/store/yhvpqh8zj2n31jhw25gb0yw0nc9v8zql-calamares-3.4.2/lib/calamares/modules/unpackfs
   CONFIGURATION_FILES: unpackfs.conf => [Build directory only]

-- Found Calamares module: unpackfsc
   TYPE: job
   LINK_LIBRARIES: 
   LINK_PRIVATE_LIBRARIES: 
   PLUGIN_DESTINATION: /nix/store/yhvpqh8zj2n31jhw25gb0yw0nc9v8zql-calamares-3.4.2/lib/calamares/modules/unpackfsc
   CONFIGURATION_FILES: unpackfsc.conf => [Build directory only]

-- Found Crypt: /nix/store/gxw5agd101a5g5jnyyd9q6bfric31l5a-libxcrypt-4.5.2/lib/libcrypt.so
-- Looking for crypt_gensalt
-- Looking for crypt_gensalt - found
-- Could NOT find PkgConfig (missing: PKG_CONFIG_EXECUTABLE) 
-- Found LibPWQuality: /nix/store/qafl8pf8m2qk5ipq5cr81bmvprs5fz9a-libpwquality-1.4.5-dev/include
-- Found ICU: /nix/store/ch3f2jpc29xv1x19lzdg91xcyap20kdi-icu4c-76.1-dev/include (found version "76.1") found components: uc i18n
-- Found Calamares module: users
   TYPE: viewmodule
   LINK_LIBRARIES: 
   LINK_PRIVATE_LIBRARIES: users_internal;crypt::crypt;KF6::CoreAddons;Qt6::DBus;crypt::crypt;/nix/store/f5v6i5pxnf3c3spdhzm1gnygls2556an-libpwquality-1.4.5-lib/lib/libpwquality.so;ICU::uc;ICU::i18n
   PLUGIN_DESTINATION: /nix/store/yhvpqh8zj2n31jhw25gb0yw0nc9v8zql-calamares-3.4.2/lib/calamares/modules/users
   CONFIGURATION_FILES: users.conf => [Build directory only]
   RESOURCES: users.qrc

-- Could NOT find PkgConfig (missing: PKG_CONFIG_EXECUTABLE) 
-- Found Calamares module: usersq
   TYPE: viewmodule
   LINK_LIBRARIES: 
   LINK_PRIVATE_LIBRARIES: users_internal;/nix/store/gxw5agd101a5g5jnyyd9q6bfric31l5a-libxcrypt-4.5.2/lib/libcrypt.so;/nix/store/f5v6i5pxnf3c3spdhzm1gnygls2556an-libpwquality-1.4.5-lib/lib/libpwquality.so;ICU::uc;ICU::i18n;Qt6::DBus
   PLUGIN_DESTINATION: /nix/store/yhvpqh8zj2n31jhw25gb0yw0nc9v8zql-calamares-3.4.2/lib/calamares/modules/usersq
   CONFIGURATION_FILES: usersq.conf => [Build directory only]
   RESOURCES: usersq-qt6.qrc

-- Found LIBPARTED: /nix/store/csjpvnw86p66v5mb5m0mcbkdafk6bk9s-parted-3.7/lib/libparted.so
-- Looking for ped_file_system_clobber
-- Looking for ped_file_system_clobber - not found
-- Looking for ped_file_system_resize
-- Looking for ped_file_system_resize - found
-- Found Calamares module: welcome
   TYPE: viewmodule
   LINK_LIBRARIES: 
   LINK_PRIVATE_LIBRARIES: /nix/store/csjpvnw86p66v5mb5m0mcbkdafk6bk9s-parted-3.7/lib/libparted.so;Qt6::DBus;Qt6::Network
   PLUGIN_DESTINATION: /nix/store/yhvpqh8zj2n31jhw25gb0yw0nc9v8zql-calamares-3.4.2/lib/calamares/modules/welcome
   CONFIGURATION_FILES: welcome.conf => [Build directory only]
   RESOURCES: welcome.qrc

-- Found Calamares module: welcomeq
   TYPE: viewmodule
   LINK_LIBRARIES: 
   LINK_PRIVATE_LIBRARIES: /nix/store/csjpvnw86p66v5mb5m0mcbkdafk6bk9s-parted-3.7/lib/libparted.so;Qt6::DBus;Qt6::Network
   PLUGIN_DESTINATION: /nix/store/yhvpqh8zj2n31jhw25gb0yw0nc9v8zql-calamares-3.4.2/lib/calamares/modules/welcomeq
   CONFIGURATION_FILES: welcomeq.conf => [Build directory only]
   RESOURCES: welcomeq-qt6.qrc

-- Found Calamares module: zfs
   TYPE: job
   LINK_LIBRARIES: 
   LINK_PRIVATE_LIBRARIES: 
   PLUGIN_DESTINATION: /nix/store/yhvpqh8zj2n31jhw25gb0yw0nc9v8zql-calamares-3.4.2/lib/calamares/modules/zfs
   CONFIGURATION_FILES: zfs.conf => [Build directory only]

-- Non-Config main.py
-- Non-Config module.desc
-- Non-Config zfshostid.schema.yaml
-- Found Calamares module: zfshostid
   TYPE: jobmodule
   MODULE_DESTINATION: /nix/store/yhvpqh8zj2n31jhw25gb0yw0nc9v8zql-calamares-3.4.2/lib/calamares/modules/zfshostid

-- Found Calamares branding component: default
   TYPE: branding component
   BRANDING_COMPONENT_DESTINATION: share/calamares/branding/default
   BRANDING_TRANSLATIONS: 5 language(s)

-- Found KF6CoreAddons: /nix/store/g8hrjarczwdw2p6b87fl14nf6c9qarg7-kcoreaddons-6.26.0-dev/lib/cmake/KF6CoreAddons/KF6CoreAddonsConfig.cmake (found version "6.26.0")
-- The following features are enabled
 * python, Enable Python-modules
 * python-pybind11, Python-modules through pybind11
 * Python (required version >= 3.6), Python job modules, <https://python.org>
   Python3 interpreter for certain tests.
 * Pybind11, Python using bundled pybind11
 * Qml, QML UI support
 * Polkit, Install Polkit files
 * KCrash, Crash dumps via KCrash

-- The following features have been disabled:
 * yaml-schema, Validate YAML (config files) with schema. Missing dependencies for configvalidator.py.
 * python-boost, Python-modules through Boost::Python
 * ExampleDistro, Create example-distro target.

-- The following OPTIONAL packages were not found:
 * PkgConfig

-- Configuring done (14.5s)
-- Generating done (0.5s)
CMake Warning:
  Manually-specified variables were not used by the project:

    CMAKE_EXPORT_NO_PACKAGE_REGISTRY


-- Build files have been written to: /build/source/build
cmake: enabled parallel building
cmake: enabled parallel installing
Running phase: buildPhase
build flags: -j8
[1/574] Generating calamares_be.qm
Updating '/build/source/build/lang/calamares_be.qm'...
Removed plural forms as the target language has less forms.
If this sounds wrong, possibly the target language is not set or recognized.
    Generated 647 translation(s) (647 finished and 0 unfinished)
    Ignored 235 untranslated source text(s)
[2/574] Generating calamares_as.qm
Updating '/build/source/build/lang/calamares_as.qm'...
    Generated 519 translation(s) (519 finished and 0 unfinished)
    Ignored 363 untranslated source text(s)
[3/574] Generating calamares_ast.qm
Updating '/build/source/build/lang/calamares_ast.qm'...
Removed plural forms as the target language has less forms.
If this sounds wrong, possibly the target language is not set or recognized.
    Generated 427 translation(s) (427 finished and 0 unfinished)
    Ignored 455 untranslated source text(s)
[4/574] Generating calamares_az_AZ.qm
Updating '/build/source/build/lang/calamares_az_AZ.qm'...
    Generated 675 translation(s) (675 finished and 0 unfinished)
    Ignored 207 untranslated source text(s)
[5/574] Generating calamares_ar.qm
Updating '/build/source/build/lang/calamares_ar.qm'...
    Generated 882 translation(s) (882 finished and 0 unfinished)
[6/574] Generating calamares_az.qm
Updating '/build/source/build/lang/calamares_az.qm'...
    Generated 882 translation(s) (882 finished and 0 unfinished)
[7/574] Generating calamares_bg.qm
Updating '/build/source/build/lang/calamares_bg.qm'...
    Generated 862 translation(s) (862 finished and 0 unfinished)
    Ignored 20 untranslated source text(s)
[8/574] Generating calamares_bn.qm
Updating '/build/source/build/lang/calamares_bn.qm'...
    Generated 187 translation(s) (187 finished and 0 unfinished)
    Ignored 695 untranslated source text(s)
[9/574] Generating calamares_ca.qm
Updating '/build/source/build/lang/calamares_ca.qm'...
    Generated 882 translation(s) (882 finished and 0 unfinished)
[10/574] Generating calamares_ca@valencia.qm
Updating '/build/source/build/lang/calamares_ca@valencia.qm'...
Removed plural forms as the target language has less forms.
If this sounds wrong, possibly the target language is not set or recognized.
    Generated 543 translation(s) (543 finished and 0 unfinished)
    Ignored 339 untranslated source text(s)
[11/574] Generating calamares_cs_CZ.qm
Updating '/build/source/build/lang/calamares_cs_CZ.qm'...
Removed plural forms as the target language has less forms.
If this sounds wrong, possibly the target language is not set or recognized.
    Generated 882 translation(s) (882 finished and 0 unfinished)
[12/574] Generating calamares_da.qm
Updating '/build/source/build/lang/calamares_da.qm'...
    Generated 556 translation(s) (556 finished and 0 unfinished)
    Ignored 326 untranslated source text(s)
[13/574] Generating calamares_de.qm
Updating '/build/source/build/lang/calamares_de.qm'...
    Generated 882 translation(s) (882 finished and 0 unfinished)
[14/574] Generating calamares_el.qm
Updating '/build/source/build/lang/calamares_el.qm'...
    Generated 219 translation(s) (219 finished and 0 unfinished)
    Ignored 663 untranslated source text(s)
[15/574] Generating calamares_en.qm
Updating '/build/source/build/lang/calamares_en.qm'...
    Generated 2 translation(s) (0 finished and 2 unfinished)
    Ignored 880 untranslated source text(s)
[16/574] Generating calamares_en_GB.qm
Updating '/build/source/build/lang/calamares_en_GB.qm'...
    Generated 332 translation(s) (332 finished and 0 unfinished)
    Ignored 550 untranslated source text(s)
[17/574] Generating calamares_eo.qm
Updating '/build/source/build/lang/calamares_eo.qm'...
    Generated 96 translation(s) (96 finished and 0 unfinished)
    Ignored 786 untranslated source text(s)
[18/574] Generating calamares_es.qm
Updating '/build/source/build/lang/calamares_es.qm'...
Removed plural forms as the target language has less forms.
If this sounds wrong, possibly the target language is not set or recognized.
    Generated 882 translation(s) (882 finished and 0 unfinished)
[19/574] Generating calamares_es_AR.qm
Updating '/build/source/build/lang/calamares_es_AR.qm'...
Removed plural forms as the target language has less forms.
If this sounds wrong, possibly the target language is not set or recognized.
    Generated 882 translation(s) (882 finished and 0 unfinished)
[20/574] Generating calamares_es_MX.qm
Updating '/build/source/build/lang/calamares_es_MX.qm'...
Removed plural forms as the target language has less forms.
If this sounds wrong, possibly the target language is not set or recognized.
    Generated 393 translation(s) (393 finished and 0 unfinished)
    Ignored 489 untranslated source text(s)
[21/574] Generating calamares_et.qm
Updating '/build/source/build/lang/calamares_et.qm'...
    Generated 434 translation(s) (434 finished and 0 unfinished)
    Ignored 448 untranslated source text(s)
[22/574] Generating calamares_eu.qm
Updating '/build/source/build/lang/calamares_eu.qm'...
    Generated 267 translation(s) (267 finished and 0 unfinished)
    Ignored 615 untranslated source text(s)
[23/574] Generating calamares_fa.qm
Updating '/build/source/build/lang/calamares_fa.qm'...
Removed plural forms as the target language has less forms.
If this sounds wrong, possibly the target language is not set or recognized.
    Generated 623 translation(s) (623 finished and 0 unfinished)
    Ignored 259 untranslated source text(s)
[24/574] Generating calamares_fi_FI.qm
Updating '/build/source/build/lang/calamares_fi_FI.qm'...
    Generated 882 translation(s) (882 finished and 0 unfinished)
[25/574] Generating calamares_fr.qm
Updating '/build/source/build/lang/calamares_fr.qm'...
Removed plural forms as the target language has less forms.
If this sounds wrong, possibly the target language is not set or recognized.
    Generated 882 translation(s) (882 finished and 0 unfinished)
[26/574] Generating calamares_fur.qm
Updating '/build/source/build/lang/calamares_fur.qm'...
    Generated 860 translation(s) (860 finished and 0 unfinished)
    Ignored 22 untranslated source text(s)
[27/574] Generating calamares_he.qm
Updating '/build/source/build/lang/calamares_he.qm'...
Removed plural forms as the target language has less forms.
If this sounds wrong, possibly the target language is not set or recognized.
    Generated 882 translation(s) (882 finished and 0 unfinished)
[28/574] Generating calamares_gl.qm
Updating '/build/source/build/lang/calamares_gl.qm'...
    Generated 354 translation(s) (354 finished and 0 unfinished)
    Ignored 528 untranslated source text(s)
[29/574] Generating calamares_hi.qm
Updating '/build/source/build/lang/calamares_hi.qm'...
    Generated 640 translation(s) (640 finished and 0 unfinished)
    Ignored 242 untranslated source text(s)
[30/574] Generating calamares_hr.qm
Updating '/build/source/build/lang/calamares_hr.qm'...
    Generated 863 translation(s) (863 finished and 0 unfinished)
    Ignored 19 untranslated source text(s)
[31/574] Generating calamares_hu.qm
Updating '/build/source/build/lang/calamares_hu.qm'...
Removed plural forms as the target language has less forms.
If this sounds wrong, possibly the target language is not set or recognized.
    Generated 882 translation(s) (882 finished and 0 unfinished)
[32/574] Generating calamares_ia.qm
Updating '/build/source/build/lang/calamares_ia.qm'...
    Generated 418 translation(s) (418 finished and 0 unfinished)
    Ignored 464 untranslated source text(s)
[33/574] Generating calamares_id.qm
Updating '/build/source/build/lang/calamares_id.qm'...
    Generated 882 translation(s) (882 finished and 0 unfinished)
[34/574] Generating calamares_is.qm
Updating '/build/source/build/lang/calamares_is.qm'...
    Generated 880 translation(s) (880 finished and 0 unfinished)
    Ignored 2 untranslated source text(s)
[35/574] Generating calamares_ja.qm
Updating '/build/source/build/lang/calamares_ja.qm'...
    Generated 882 translation(s) (882 finished and 0 unfinished)
[36/574] Generating calamares_it_IT.qm
Updating '/build/source/build/lang/calamares_it_IT.qm'...
Removed plural forms as the target language has less forms.
If this sounds wrong, possibly the target language is not set or recognized.
    Generated 799 translation(s) (799 finished and 0 unfinished)
    Ignored 83 untranslated source text(s)
[37/574] Generating calamares_ka.qm
Updating '/build/source/build/lang/calamares_ka.qm'...
    Generated 799 translation(s) (799 finished and 0 unfinished)
    Ignored 83 untranslated source text(s)
[38/574] Generating calamares_kk.qm
Updating '/build/source/build/lang/calamares_kk.qm'...
    Generated 882 translation(s) (882 finished and 0 unfinished)
[39/574] Generating calamares_ko.qm
Updating '/build/source/build/lang/calamares_ko.qm'...
    Generated 882 translation(s) (882 finished and 0 unfinished)
[40/574] Generating calamares_lg.qm
Updating '/build/source/build/lang/calamares_lg.qm'...
    Generated 882 translation(s) (882 finished and 0 unfinished)
[41/574] Generating calamares_lt.qm
Updating '/build/source/build/lang/calamares_lt.qm'...
Removed plural forms as the target language has less forms.
If this sounds wrong, possibly the target language is not set or recognized.
    Generated 863 translation(s) (863 finished and 0 unfinished)
    Ignored 19 untranslated source text(s)
[42/574] Generating calamares_mr.qm
Updating '/build/source/build/lang/calamares_mr.qm'...
    Generated 62 translation(s) (62 finished and 0 unfinished)
    Ignored 820 untranslated source text(s)
[43/574] Generating calamares_ml.qm
Updating '/build/source/build/lang/calamares_ml.qm'...
    Generated 479 translation(s) (479 finished and 0 unfinished)
    Ignored 403 untranslated source text(s)
[44/574] Generating calamares_nb.qm
Updating '/build/source/build/lang/calamares_nb.qm'...
    Generated 882 translation(s) (882 finished and 0 unfinished)
[45/574] Generating calamares_nl.qm
Updating '/build/source/build/lang/calamares_nl.qm'...
    Generated 578 translation(s) (578 finished and 0 unfinished)
    Ignored 304 untranslated source text(s)
[46/574] Generating calamares_oc.qm
Updating '/build/source/build/lang/calamares_oc.qm'...
    Generated 350 translation(s) (350 finished and 0 unfinished)
    Ignored 532 untranslated source text(s)
[47/574] Generating calamares_pl.qm
Updating '/build/source/build/lang/calamares_pl.qm'...
Removed plural forms as the target language has less forms.
If this sounds wrong, possibly the target language is not set or recognized.
    Generated 882 translation(s) (882 finished and 0 unfinished)
[48/574] Generating calamares_pt_BR.qm
Updating '/build/source/build/lang/calamares_pt_BR.qm'...
Removed plural forms as the target language has less forms.
If this sounds wrong, possibly the target language is not set or recognized.
    Generated 882 translation(s) (882 finished and 0 unfinished)
[49/574] Generating calamares_pt_PT.qm
Updating '/build/source/build/lang/calamares_pt_PT.qm'...
Removed plural forms as the target language has less forms.
If this sounds wrong, possibly the target language is not set or recognized.
    Generated 717 translation(s) (717 finished and 0 unfinished)
    Ignored 165 untranslated source text(s)
[50/574] Generating calamares_ro.qm
Updating '/build/source/build/lang/calamares_ro.qm'...
    Generated 460 translation(s) (460 finished and 0 unfinished)
    Ignored 422 untranslated source text(s)
[51/574] Generating calamares_ru.qm
Updating '/build/source/build/lang/calamares_ru.qm'...
Removed plural forms as the target language has less forms.
If this sounds wrong, possibly the target language is not set or recognized.
    Generated 882 translation(s) (882 finished and 0 unfinished)
[52/574] Generating calamares_si.qm
Updating '/build/source/build/lang/calamares_si.qm'...
    Generated 634 translation(s) (634 finished and 0 unfinished)
    Ignored 248 untranslated source text(s)
[53/574] Generating calamares_sk.qm
Updating '/build/source/build/lang/calamares_sk.qm'...
Removed plural forms as the target language has less forms.
If this sounds wrong, possibly the target language is not set or recognized.
    Generated 666 translation(s) (666 finished and 0 unfinished)
    Ignored 216 untranslated source text(s)
[54/574] Generating calamares_sr.qm
Updating '/build/source/build/lang/calamares_sr.qm'...
    Generated 112 translation(s) (112 finished and 0 unfinished)
    Ignored 770 untranslated source text(s)
[55/574] Generating calamares_sl.qm
Updating '/build/source/build/lang/calamares_sl.qm'...
    Generated 102 translation(s) (102 finished and 0 unfinished)
    Ignored 780 untranslated source text(s)
[56/574] Generating calamares_sq.qm
Updating '/build/source/build/lang/calamares_sq.qm'...
    Generated 880 translation(s) (880 finished and 0 unfinished)
    Ignored 2 untranslated source text(s)
[57/574] Generating calamares_sr@latin.qm
Updating '/build/source/build/lang/calamares_sr@latin.qm'...
Removed plural forms as the target language has less forms.
If this sounds wrong, possibly the target language is not set or recognized.
    Generated 101 translation(s) (101 finished and 0 unfinished)
    Ignored 781 untranslated source text(s)
[58/574] Generating calamares_sv.qm
Updating '/build/source/build/lang/calamares_sv.qm'...
    Generated 882 translation(s) (882 finished and 0 unfinished)
[59/574] Generating calamares_tg.qm
Updating '/build/source/build/lang/calamares_tg.qm'...
    Generated 882 translation(s) (882 finished and 0 unfinished)
[60/574] Generating calamares_th.qm
Updating '/build/source/build/lang/calamares_th.qm'...
    Generated 262 translation(s) (262 finished and 0 unfinished)
    Ignored 620 untranslated source text(s)
[61/574] Generating calamares_tr_TR.qm
Updating '/build/source/build/lang/calamares_tr_TR.qm'...
Removed plural forms as the target language has less forms.
If this sounds wrong, possibly the target language is not set or recognized.
    Generated 882 translation(s) (882 finished and 0 unfinished)
[62/574] Generating calamares_uk.qm
Updating '/build/source/build/lang/calamares_uk.qm'...
Removed plural forms as the target language has less forms.
If this sounds wrong, possibly the target language is not set or recognized.
    Generated 882 translation(s) (882 finished and 0 unfinished)
[63/574] Generating calamares_uz.qm
Updating '/build/source/build/lang/calamares_uz.qm'...
    Generated 816 translation(s) (816 finished and 0 unfinished)
    Ignored 66 untranslated source text(s)
[64/574] Generating calamares_vi.qm
Updating '/build/source/build/lang/calamares_vi.qm'...
    Generated 558 translation(s) (558 finished and 0 unfinished)
    Ignored 324 untranslated source text(s)
[65/574] Generating calamares_zh_CN.qm
Updating '/build/source/build/lang/calamares_zh_CN.qm'...
    Generated 882 translation(s) (882 finished and 0 unfinished)
[66/574] Generating calamares_zh_TW.qm
Updating '/build/source/build/lang/calamares_zh_TW.qm'...
    Generated 882 translation(s) (882 finished and 0 unfinished)
[67/574] Generating kb_en.qm
Updating '/build/source/build/lang/kb_en.qm'...
    Generated 0 translation(s) (0 finished and 0 unfinished)
    Ignored 768 untranslated source text(s)
[68/574] Generating kb_tg.qm
Updating '/build/source/build/lang/kb_tg.qm'...
    Generated 304 translation(s) (304 finished and 0 unfinished)
    Ignored 464 untranslated source text(s)
[69/574] Generating tz_en.qm
Updating '/build/source/build/lang/tz_en.qm'...
    Generated 2 translation(s) (2 finished and 0 unfinished)
    Ignored 433 untranslated source text(s)
[70/574] Generating tz_nl.qm
Updating '/build/source/build/lang/tz_nl.qm'...
    Generated 9 translation(s) (9 finished and 0 unfinished)
    Ignored 426 untranslated source text(s)
[71/574] Generating tz_ru.qm
Updating '/build/source/build/lang/tz_ru.qm'...
    Generated 435 translation(s) (435 finished and 0 unfinished)
[72/574] Generating tz_sv.qm
Updating '/build/source/build/lang/tz_sv.qm'...
    Generated 12 translation(s) (12 finished and 0 unfinished)
[73/574] Generating tz_tg.qm
Updating '/build/source/build/lang/tz_tg.qm'...
    Generated 435 translation(s) (435 finished and 0 unfinished)
[74/574] Generating tz_uk.qm
Updating '/build/source/build/lang/tz_uk.qm'...
    Generated 2 translation(s) (2 finished and 0 unfinished)
    Ignored 433 untranslated source text(s)
[75/574] Generating tz_vi.qm
Updating '/build/source/build/lang/tz_vi.qm'...
    Generated 435 translation(s) (14 finished and 421 unfinished)
[76/574] Generating calamares-default_ar.qm
Updating '/build/source/build/src/branding/calamares-default_ar.qm'...
    Generated 2 translation(s) (2 finished and 0 unfinished)
[77/574] Generating calamares-default_en.qm
Updating '/build/source/build/src/branding/calamares-default_en.qm'...
    Generated 0 translation(s) (0 finished and 0 unfinished)
    Ignored 2 untranslated source text(s)
[78/574] Generating calamares-default_eo.qm
Updating '/build/source/build/src/branding/calamares-default_eo.qm'...
    Generated 2 translation(s) (2 finished and 0 unfinished)
[79/574] Generating calamares-default_fr.qm
Updating '/build/source/build/src/branding/calamares-default_fr.qm'...
    Generated 2 translation(s) (2 finished and 0 unfinished)
[80/574] Generating ar/LC_MESSAGES/calamares-python.mo
[81/574] Generating as/LC_MESSAGES/calamares-python.mo
[82/574] Generating calamares-default_nl.qm
Updating '/build/source/build/src/branding/calamares-default_nl.qm'...
    Generated 2 translation(s) (2 finished and 0 unfinished)
[83/574] Generating ast/LC_MESSAGES/calamares-python.mo
[84/574] Generating az/LC_MESSAGES/calamares-python.mo
[85/574] Generating az_AZ/LC_MESSAGES/calamares-python.mo
[86/574] Generating be/LC_MESSAGES/calamares-python.mo
[87/574] Generating bg/LC_MESSAGES/calamares-python.mo
[88/574] Generating bn/LC_MESSAGES/calamares-python.mo
[89/574] Generating ca/LC_MESSAGES/calamares-python.mo
[90/574] Generating ca@valencia/LC_MESSAGES/calamares-python.mo
[91/574] Generating cs_CZ/LC_MESSAGES/calamares-python.mo
[92/574] Generating da/LC_MESSAGES/calamares-python.mo
[93/574] Generating de/LC_MESSAGES/calamares-python.mo
[94/574] Generating el/LC_MESSAGES/calamares-python.mo
[95/574] Generating en_GB/LC_MESSAGES/calamares-python.mo
[96/574] Generating eo/LC_MESSAGES/calamares-python.mo
[97/574] Generating es/LC_MESSAGES/calamares-python.mo
[98/574] Generating es_AR/LC_MESSAGES/calamares-python.mo
[99/574] Generating es_MX/LC_MESSAGES/calamares-python.mo
[100/574] Generating et/LC_MESSAGES/calamares-python.mo
[101/574] Generating eu/LC_MESSAGES/calamares-python.mo
[102/574] Generating fa/LC_MESSAGES/calamares-python.mo
[103/574] Generating fi_FI/LC_MESSAGES/calamares-python.mo
[104/574] Generating fr/LC_MESSAGES/calamares-python.mo
[105/574] Generating fur/LC_MESSAGES/calamares-python.mo
[106/574] Generating gl/LC_MESSAGES/calamares-python.mo
[107/574] Generating he/LC_MESSAGES/calamares-python.mo
[108/574] Generating hi/LC_MESSAGES/calamares-python.mo
[109/574] Generating hr/LC_MESSAGES/calamares-python.mo
[110/574] Generating hu/LC_MESSAGES/calamares-python.mo
[111/574] Automatic MOC for target kdsingleapplication
[112/574] Generating ia/LC_MESSAGES/calamares-python.mo
[113/574] Generating id/LC_MESSAGES/calamares-python.mo
[114/574] Generating is/LC_MESSAGES/calamares-python.mo
[115/574] Generating it_IT/LC_MESSAGES/calamares-python.mo
[116/574] Generating ja/LC_MESSAGES/calamares-python.mo
[117/574] Generating ka/LC_MESSAGES/calamares-python.mo
[118/574] Generating kk/LC_MESSAGES/calamares-python.mo
[119/574] Generating ko/LC_MESSAGES/calamares-python.mo
[120/574] Generating lg/LC_MESSAGES/calamares-python.mo
[121/574] Generating lt/LC_MESSAGES/calamares-python.mo
[122/574] Generating ml/LC_MESSAGES/calamares-python.mo
[123/574] Generating mr/LC_MESSAGES/calamares-python.mo
[124/574] Generating nb/LC_MESSAGES/calamares-python.mo
[125/574] Generating nl/LC_MESSAGES/calamares-python.mo
[126/574] Generating oc/LC_MESSAGES/calamares-python.mo
[127/574] Generating pl/LC_MESSAGES/calamares-python.mo
[128/574] Generating pt_BR/LC_MESSAGES/calamares-python.mo
[129/574] Generating pt_PT/LC_MESSAGES/calamares-python.mo
[130/574] Generating ro/LC_MESSAGES/calamares-python.mo
[131/574] Generating ru/LC_MESSAGES/calamares-python.mo
[132/574] Generating si/LC_MESSAGES/calamares-python.mo
[133/574] Generating sl/LC_MESSAGES/calamares-python.mo
[134/574] Generating sk/LC_MESSAGES/calamares-python.mo
[135/574] Generating sq/LC_MESSAGES/calamares-python.mo
[136/574] Generating sr/LC_MESSAGES/calamares-python.mo
[137/574] Generating sr@latin/LC_MESSAGES/calamares-python.mo
[138/574] Generating sv/LC_MESSAGES/calamares-python.mo
[139/574] Generating tg/LC_MESSAGES/calamares-python.mo
[140/574] Generating th/LC_MESSAGES/calamares-python.mo
[141/574] Generating tr_TR/LC_MESSAGES/calamares-python.mo
[142/574] Generating uk/LC_MESSAGES/calamares-python.mo
[143/574] Generating uz/LC_MESSAGES/calamares-python.mo
[144/574] Generating vi/LC_MESSAGES/calamares-python.mo
[145/574] Generating zh_CN/LC_MESSAGES/calamares-python.mo
[146/574] Generating zh_TW/LC_MESSAGES/calamares-python.mo
[147/574] cd /build/source/build/src/branding && /nix/store/hkldf6z3rlgdrkza4avb5r4hplr4kfa0-cmake-4.1.6/bin/cmake -E make_directory /build/source/build/src/branding/default/lang/ && /nix/store/hkldf6z3rlgdrkza4avb5r4hplr4kfa0-cmake-4.1.6/bin/cmake -E copy /build/source/build/src/branding/calamares-default_ar.qm /build/source/build/src/branding/calamares-default_en.qm /build/source/build/src/branding/calamares-default_eo.qm /build/source/build/src/branding/calamares-default_fr.qm /build/source/build/src/branding/calamares-default_nl.qm /build/source/build/src/branding/default/lang/
[148/574] Automatic MOC for target calamares
[149/574] Building CXX object 3rdparty/kdsingleapplication/CMakeFiles/kdsingleapplication.dir/kdsingleapplication_autogen/mocs_compilation.cpp.o
[150/574] Building CXX object 3rdparty/kdsingleapplication/CMakeFiles/kdsingleapplication.dir/kdsingleapplication.cpp.o
[151/574] Building CXX object lang/CMakeFiles/txload.dir/txload.cpp.o
[152/574] Building CXX object src/libcalamares/CMakeFiles/calamares.dir/CppJob.cpp.o
[153/574] Building CXX object src/libcalamares/CMakeFiles/calamares.dir/CalamaresAbout.cpp.o
[154/574] Generating qrc_calamares-i18n.cxx
[155/574] Building CXX object 3rdparty/kdsingleapplication/CMakeFiles/kdsingleapplication.dir/kdsingleapplication_localsocket.cpp.o
[156/574] Building CXX object src/libcalamares/CMakeFiles/calamares.dir/JobExample.cpp.o
[157/574] Building CXX object src/libcalamares/CMakeFiles/calamares.dir/Job.cpp.o
[158/574] Building CXX object src/libcalamares/CMakeFiles/calamares.dir/geoip/Interface.cpp.o
[159/574] Building CXX object src/libcalamares/CMakeFiles/calamares.dir/geoip/GeoIPFixed.cpp.o
[160/574] Building CXX object src/libcalamares/CMakeFiles/calamares.dir/ProcessJob.cpp.o
[161/574] Building CXX object src/libcalamares/CMakeFiles/calamares.dir/calamares_autogen/mocs_compilation.cpp.o
[162/574] Building CXX object src/libcalamares/CMakeFiles/calamares.dir/GlobalStorage.cpp.o
[163/574] Building CXX object src/libcalamares/CMakeFiles/calamares.dir/geoip/GeoIPJSON.cpp.o
[164/574] Building CXX object src/libcalamares/CMakeFiles/calamares.dir/JobQueue.cpp.o
[165/574] Building CXX object src/libcalamares/CMakeFiles/calamares.dir/locale/Lookup.cpp.o
[166/574] Building CXX object src/libcalamares/CMakeFiles/calamares.dir/locale/Global.cpp.o
[167/574] Building CXX object src/libcalamares/CMakeFiles/calamares.dir/locale/TranslatableString.cpp.o
[168/574] Building CXX object src/libcalamares/CMakeFiles/calamares.dir/geoip/Handler.cpp.o
[169/574] Building CXX object src/libcalamares/CMakeFiles/calamares.dir/locale/TranslatableConfiguration.cpp.o
[170/574] Building CXX object src/libcalamares/CMakeFiles/calamares.dir/Settings.cpp.o
[171/574] Building CXX object src/libcalamares/CMakeFiles/calamares.dir/locale/Translation.cpp.o
[172/574] Building CXX object src/libcalamares/CMakeFiles/calamares.dir/locale/TimeZone.cpp.o
/build/source/src/libcalamares/locale/TimeZone.cpp: In member function 'void Calamares::Locale::RegionalZonesModel::setRegion(const QString&)':
/build/source/src/libcalamares/locale/TimeZone.cpp:474:25: warning: 'void QSortFilterProxyModel::invalidateFilter()' is deprecated: Use begin/endFilterChange() instead [-Wdeprecated-declarations]
  474 |         invalidateFilter();
      |         ~~~~~~~~~~~~~~~~^~
In file included from /nix/store/26vddq5pbmm4rjkhibwfy4xgngjy5cq5-qtbase-6.11.2/include/QtCore/QSortFilterProxyModel:1,
                 from /build/source/src/libcalamares/locale/TimeZone.h:31,
                 from /build/source/src/libcalamares/locale/TimeZone.cpp:11:
/nix/store/26vddq5pbmm4rjkhibwfy4xgngjy5cq5-qtbase-6.11.2/include/QtCore/qsortfilterproxymodel.h:128:10: note: declared here
  128 |     void invalidateFilter();
      |          ^~~~~~~~~~~~~~~~
[173/574] Building CXX object src/libcalamares/CMakeFiles/calamares.dir/modulesystem/InstanceKey.cpp.o
[174/574] Building CXX object src/libcalamares/CMakeFiles/calamares.dir/modulesystem/Config.cpp.o
[175/574] Building CXX object src/libcalamares/CMakeFiles/calamares.dir/locale/TranslationsModel.cpp.o
[176/574] Building CXX object src/libcalamares/CMakeFiles/calamares.dir/modulesystem/Descriptor.cpp.o
[177/574] Building CXX object src/libcalamares/CMakeFiles/calamares.dir/modulesystem/Module.cpp.o
[178/574] Building CXX object src/libcalamares/CMakeFiles/calamares.dir/modulesystem/Preset.cpp.o
[179/574] Building CXX object src/libcalamares/CMakeFiles/calamares.dir/modulesystem/RequirementsModel.cpp.o
[180/574] Building CXX object src/libcalamares/CMakeFiles/calamares.dir/partition/Global.cpp.o
[181/574] Building CXX object src/libcalamares/CMakeFiles/calamares.dir/packages/Globals.cpp.o
[182/574] Building CXX object src/libcalamares/CMakeFiles/calamares.dir/partition/PartitionSize.cpp.o
[183/574] Building CXX object src/libcalamares/CMakeFiles/calamares.dir/network/Manager.cpp.o
[184/574] Building CXX object src/libcalamares/CMakeFiles/calamares.dir/partition/Sync.cpp.o
[185/574] Building CXX object src/libcalamares/CMakeFiles/calamares.dir/utils/Entropy.cpp.o
[186/574] Building CXX object src/libcalamares/CMakeFiles/calamares.dir/partition/Mount.cpp.o
[187/574] Building CXX object src/libcalamares/CMakeFiles/calamares.dir/utils/Dirs.cpp.o
[188/574] Building CXX object src/libcalamares/CMakeFiles/calamares.dir/utils/Permissions.cpp.o
[189/574] Building CXX object src/libcalamares/CMakeFiles/calamares.dir/utils/PluginFactory.cpp.o
[190/574] Building CXX object src/libcalamares/CMakeFiles/calamares.dir/utils/Logger.cpp.o
/build/source/src/libcalamares/utils/Logger.cpp: In function 'void Logger::setupLogfile()':
/build/source/src/libcalamares/utils/Logger.cpp:169:19: warning: ignoring return value of 'virtual bool QFile::open(QIODeviceBase::OpenMode)', declared with attribute 'nodiscard' [-Wunused-result]
  169 |             f.open( QIODevice::ReadOnly | QIODevice::Text );
      |             ~~~~~~^~~~~~~~~~~~~~~~~~~~~~~~~~~~~~~~~~~~~~~~~
In file included from /nix/store/26vddq5pbmm4rjkhibwfy4xgngjy5cq5-qtbase-6.11.2/include/QtCore/qdir.h:11,
                 from /nix/store/26vddq5pbmm4rjkhibwfy4xgngjy5cq5-qtbase-6.11.2/include/QtCore/QDir:1,
                 from /build/source/src/libcalamares/utils/Dirs.h:22,
                 from /build/source/src/libcalamares/utils/Logger.cpp:19:
/nix/store/26vddq5pbmm4rjkhibwfy4xgngjy5cq5-qtbase-6.11.2/include/QtCore/qfile.h:264:32: note: declared here
  264 |     QFILE_MAYBE_NODISCARD bool open(OpenMode flags) override;
      |                                ^~~~
/build/source/src/libcalamares/utils/Logger.cpp:178:19: warning: ignoring return value of 'virtual bool QFile::open(QIODeviceBase::OpenMode)', declared with attribute 'nodiscard' [-Wunused-result]
  178 |             f.open( QIODevice::WriteOnly | QIODevice::Text );
      |             ~~~~~~^~~~~~~~~~~~~~~~~~~~~~~~~~~~~~~~~~~~~~~~~~
/nix/store/26vddq5pbmm4rjkhibwfy4xgngjy5cq5-qtbase-6.11.2/include/QtCore/qfile.h:264:32: note: declared here
  264 |     QFILE_MAYBE_NODISCARD bool open(OpenMode flags) override;
      |                                ^~~~
[191/574] Building CXX object src/libcalamares/CMakeFiles/calamares.dir/utils/UMask.cpp.o
[192/574] Building CXX object src/libcalamares/CMakeFiles/calamares.dir/modulesystem/RequirementsChecker.cpp.o
[193/574] Building CXX object src/libcalamares/CMakeFiles/calamares.dir/utils/Retranslator.cpp.o
[194/574] Building CXX object src/libcalamares/CMakeFiles/calamares.dir/utils/String.cpp.o
[195/574] Building CXX object src/libcalamares/CMakeFiles/calamares.dir/utils/CommandList.cpp.o
[196/574] Building CXX object src/libcalamares/CMakeFiles/calamares.dir/utils/StringExpander.cpp.o
[197/574] Building CXX object src/libcalamares/CMakeFiles/calamares.dir/utils/Variant.cpp.o
[198/574] Building CXX object src/libcalamares/CMakeFiles/calamares.dir/utils/System.cpp.o
[199/574] Building CXX object src/libcalamares/CMakeFiles/calamares.dir/utils/Runner.cpp.o
[200/574] Building CXX object src/libcalamares/CMakeFiles/calamares.dir/geoip/GeoIPXML.cpp.o
[201/574] Building CXX object src/libcalamares/CMakeFiles/calamares.dir/partition/FileSystem.cpp.o
[202/574] Building CXX object src/libcalamares/CMakeFiles/calamares.dir/partition/AutoMount.cpp.o
[203/574] Building CXX object src/libcalamares/CMakeFiles/calamares.dir/partition/PartitionIterator.cpp.o
[204/574] Building CXX object src/libcalamares/CMakeFiles/calamares.dir/partition/KPMManager.cpp.o
[205/574] Linking CXX static library libkdsingleapplication.a
[206/574] Building CXX object lang/CMakeFiles/calamares-i18n.dir/qrc_calamares-i18n.cxx.o
[207/574] Building CXX object src/libcalamares/CMakeFiles/calamares.dir/utils/Yaml.cpp.o
[208/574] Linking CXX executable lang/txload
[209/574] Building CXX object src/libcalamares/CMakeFiles/calamares.dir/partition/PartitionQuery.cpp.o
[210/574] Building CXX object src/libcalamares/CMakeFiles/test_automount.dir/partition/calautomount.cpp.o
[211/574] Building CXX object src/libcalamares/CMakeFiles/calamares.dir/python/Variant.cpp.o
[212/574] Building CXX object src/libcalamares/CMakeFiles/calamares.dir/python/Api.cpp.o
[213/574] Building CXX object src/libcalamares/CMakeFiles/calamares.dir/pybind11/Api.cpp.o
[214/574] Building CXX object src/libcalamares/CMakeFiles/calamares.dir/pybind11/PythonJob.cpp.o
[215/574] Linking CXX shared library libcalamares.so.3.4.2
[216/574] Creating library symlink libcalamares.so.3.4 libcalamares.so
[217/574] Automatic MOC for target test_geoip
[218/574] Automatic MOC for target calamares_job_fsresizer
[219/574] Automatic MOC for target calamares_job_contextualprocess
[220/574] Automatic MOC for target calamares_job_dracutlukscfg
[221/574] Automatic MOC for target calamares_job_dummycpp
[222/574] Automatic MOC for target calamares_job_initcpio
[223/574] Automatic MOC for target calamares_job_hostinfo
[224/574] Automatic MOC for target users_internal
[225/574] Automatic MOC for target calamares_job_initramfs
[226/574] Automatic MOC for target calamares_job_luksbootkeyfile
[227/574] Automatic MOC for target calamares_job_luksopenswaphookcfg
[228/574] Automatic MOC for target calamares_job_machineid
[229/574] Automatic MOC for target calamares_job_removeuser
[230/574] Automatic MOC for target calamares_job_preservefiles
[231/574] Automatic MOC and UIC for target calamaresui
[232/574] Automatic RCC for libcalamaresui.qrc
[233/574] Building CXX object src/modules/users/CMakeFiles/users_internal.dir/ActiveDirectoryJob.cpp.o
[234/574] Building CXX object src/modules/users/CMakeFiles/users_internal.dir/users_internal_autogen/mocs_compilation.cpp.o
[235/574] Building CXX object src/modules/users/CMakeFiles/users_internal.dir/SetPasswordJob.cpp.o
[236/574] Building CXX object src/modules/users/CMakeFiles/users_internal.dir/SetHostNameJob.cpp.o
[237/574] Building CXX object src/modules/users/CMakeFiles/users_internal.dir/CheckPWQuality.cpp.o
[238/574] Building CXX object src/modules/users/CMakeFiles/users_internal.dir/CreateUserJob.cpp.o
[239/574] Building CXX object src/modules/users/CMakeFiles/users_internal.dir/MiscJobs.cpp.o
[240/574] Building CXX object src/libcalamaresui/CMakeFiles/calamaresui.dir/modulesystem/CppJobModule.cpp.o
[241/574] Building CXX object src/libcalamaresui/CMakeFiles/calamaresui.dir/modulesystem/ModuleFactory.cpp.o
[242/574] Building CXX object src/libcalamaresui/CMakeFiles/calamaresui.dir/modulesystem/ProcessJobModule.cpp.o
[243/574] Building CXX object src/libcalamaresui/CMakeFiles/calamaresui.dir/modulesystem/ViewModule.cpp.o
[244/574] Building CXX object src/libcalamaresui/CMakeFiles/calamaresui.dir/utils/Gui.cpp.o
[245/574] Building CXX object src/libcalamaresui/CMakeFiles/calamaresui.dir/calamaresui_autogen/mocs_compilation.cpp.o
[246/574] Building CXX object src/libcalamaresui/CMakeFiles/calamaresui.dir/utils/ImageRegistry.cpp.o
[247/574] Building CXX object src/libcalamaresui/CMakeFiles/calamaresui.dir/viewpages/BlankViewStep.cpp.o
[248/574] Building CXX object src/libcalamaresui/CMakeFiles/calamaresui.dir/utils/Paste.cpp.o
[249/574] Building CXX object src/libcalamaresui/CMakeFiles/calamaresui.dir/viewpages/ViewStep.cpp.o
[250/574] Building CXX object src/libcalamaresui/CMakeFiles/calamaresui.dir/widgets/ClickableLabel.cpp.o
[251/574] Building CXX object src/libcalamaresui/CMakeFiles/calamaresui.dir/modulesystem/ModuleManager.cpp.o
[252/574] Building CXX object src/libcalamaresui/CMakeFiles/calamaresui.dir/viewpages/ExecutionViewStep.cpp.o
[253/574] Building CXX object src/libcalamaresui/CMakeFiles/calamaresui.dir/widgets/FixedAspectRatioLabel.cpp.o
[254/574] Building CXX object src/libcalamaresui/CMakeFiles/calamaresui.dir/viewpages/Slideshow.cpp.o
[255/574] Building CXX object src/libcalamaresui/CMakeFiles/calamaresui.dir/widgets/ErrorDialog.cpp.o
[256/574] Building CXX object src/libcalamaresui/CMakeFiles/calamaresui.dir/widgets/PrettyRadioButton.cpp.o
[257/574] Building CXX object src/libcalamaresui/CMakeFiles/calamaresui.dir/widgets/TranslationFix.cpp.o
[258/574] Building CXX object src/libcalamaresui/CMakeFiles/calamaresui.dir/widgets/LogWidget.cpp.o
[259/574] Building CXX object src/libcalamaresui/CMakeFiles/calamaresui.dir/calamaresui_autogen/EWIEGA46WW/qrc_libcalamaresui.cpp.o
[260/574] Building CXX object src/libcalamaresui/CMakeFiles/calamaresui.dir/widgets/WaitingWidget.cpp.o
[261/574] Automatic MOC for target calamares_job_shellprocess
[262/574] Automatic MOC for target calamares_job_umount
[263/574] Building CXX object src/libcalamaresui/CMakeFiles/calamaresui.dir/widgets/waitingspinnerwidget.cpp.o
[264/574] Automatic MOC for target calamares_job_unpackfsc
[265/574] Building CXX object src/libcalamares/CMakeFiles/test_geoip.dir/test_geoip_autogen/mocs_compilation.cpp.o
[266/574] Automatic MOC for target calamares_job_zfs
[267/574] Building CXX object src/libcalamaresui/CMakeFiles/calamaresui.dir/modulesystem/PythonJobModule.cpp.o
[268/574] Building CXX object src/libcalamaresui/CMakeFiles/calamaresui.dir/ViewManager.cpp.o
[269/574] Building CXX object src/libcalamares/CMakeFiles/test_geoip.dir/geoip/GeoIPFixed.cpp.o
[270/574] Building CXX object src/libcalamaresui/CMakeFiles/calamaresui.dir/viewpages/QmlViewStep.cpp.o
[271/574] Building CXX object src/libcalamaresui/CMakeFiles/calamaresui.dir/utils/Qml.cpp.o
[272/574] Building CXX object src/libcalamares/CMakeFiles/test_geoip.dir/geoip/test_geoip.cpp.o
[273/574] Building CXX object src/modules/contextualprocess/CMakeFiles/calamares_job_contextualprocess.dir/calamares_job_contextualprocess_autogen/mocs_compilation.cpp.o
[274/574] Building CXX object src/modules/dracutlukscfg/CMakeFiles/calamares_job_dracutlukscfg.dir/calamares_job_dracutlukscfg_autogen/mocs_compilation.cpp.o
[275/574] Building CXX object src/modules/users/CMakeFiles/users_internal.dir/Config.cpp.o
[276/574] Building CXX object src/modules/contextualprocess/CMakeFiles/calamares_job_contextualprocess.dir/ContextualProcessJob.cpp.o
[277/574] Building CXX object src/libcalamares/CMakeFiles/test_geoip.dir/geoip/GeoIPJSON.cpp.o
[278/574] Building CXX object src/modules/fsresizer/CMakeFiles/calamares_job_fsresizer.dir/calamares_job_fsresizer_autogen/mocs_compilation.cpp.o
[279/574] Building CXX object src/libcalamaresui/CMakeFiles/calamaresui.dir/Branding.cpp.o
/build/source/src/libcalamaresui/Branding.cpp: In function 'QString Calamares::_stylesheet(const QDir&)':
/build/source/src/libcalamaresui/Branding.cpp:411:28: warning: ignoring return value of 'virtual bool QFile::open(QIODeviceBase::OpenMode)', declared with attribute 'nodiscard' [-Wunused-result]
  411 |         stylesheetFile.open( QFile::ReadOnly );
      |         ~~~~~~~~~~~~~~~~~~~^~~~~~~~~~~~~~~~~~~
In file included from /nix/store/26vddq5pbmm4rjkhibwfy4xgngjy5cq5-qtbase-6.11.2/include/QtCore/qdir.h:11,
                 from /nix/store/26vddq5pbmm4rjkhibwfy4xgngjy5cq5-qtbase-6.11.2/include/QtCore/QDir:1,
                 from /build/source/src/libcalamaresui/Branding.cpp:24:
/nix/store/26vddq5pbmm4rjkhibwfy4xgngjy5cq5-qtbase-6.11.2/include/QtCore/qfile.h:264:32: note: declared here
  264 |     QFILE_MAYBE_NODISCARD bool open(OpenMode flags) override;
      |                                ^~~~
[280/574] Building CXX object src/modules/dracutlukscfg/CMakeFiles/calamares_job_dracutlukscfg.dir/DracutLuksCfgJob.cpp.o
[281/574] Building CXX object src/modules/dummycpp/CMakeFiles/calamares_job_dummycpp.dir/calamares_job_dummycpp_autogen/mocs_compilation.cpp.o
[282/574] Building CXX object src/modules/dummycpp/CMakeFiles/calamares_job_dummycpp.dir/DummyCppJob.cpp.o
[283/574] Linking CXX shared library libcalamaresui.so.3.4.2
[284/574] Creating library symlink libcalamaresui.so.3.4 libcalamaresui.so
[285/574] Building CXX object src/modules/hostinfo/CMakeFiles/calamares_job_hostinfo.dir/HostInfoJob.cpp.o
[286/574] Automatic MOC and UIC for target calamares_bin
[287/574] Building CXX object src/modules/hostinfo/CMakeFiles/calamares_job_hostinfo.dir/calamares_job_hostinfo_autogen/mocs_compilation.cpp.o
[288/574] Building CXX object src/modules/initcpio/CMakeFiles/calamares_job_initcpio.dir/calamares_job_initcpio_autogen/mocs_compilation.cpp.o
[289/574] Automatic MOC for target calamares_viewmodule_finishedq
[290/574] Automatic MOC for target calamares_viewmodule_keyboardq
[291/574] Automatic MOC and UIC for target calamares_viewmodule_keyboard
[292/574] Automatic MOC for target calamares_viewmodule_localeq
[293/574] Automatic MOC for target calamares_viewmodule_notesqml
[294/574] Building CXX object src/modules/initramfs/CMakeFiles/calamares_job_initramfs.dir/calamares_job_initramfs_autogen/mocs_compilation.cpp.o
[295/574] Automatic MOC for target calamares_viewmodule_locale
[296/574] Automatic MOC and UIC for target calamares_viewmodule_packagechooser
[297/574] Building CXX object src/modules/initcpio/CMakeFiles/calamares_job_initcpio.dir/InitcpioJob.cpp.o
[298/574] Automatic MOC for target calamares_viewmodule_packagechooserq
[299/574] Automatic MOC for target calamares_viewmodule_summaryq
[300/574] Building CXX object src/modules/fsresizer/CMakeFiles/calamares_job_fsresizer.dir/ResizeFSJob.cpp.o
[301/574] Automatic MOC and UIC for target calamares_viewmodule_tracking
[302/574] Automatic RCC for calamares.qrc
[303/574] Automatic RCC for finishedq-qt6.qrc
[304/574] Automatic MOC and UIC for target calamares_viewmodule_plasmalnf
[305/574] Automatic MOC and UIC for target calamares_viewmodule_users
[306/574] Automatic RCC for keyboard.qrc
[307/574] Automatic MOC for target calamares_viewmodule_usersq
[308/574] Automatic RCC for keyboardq-qt6.qrc
[309/574] Automatic RCC for locale.qrc
[310/574] Automatic RCC for localeq-qt6.qrc
[311/574] Building CXX object src/modules/initramfs/CMakeFiles/calamares_job_initramfs.dir/InitramfsJob.cpp.o
[312/574] Automatic RCC for notesqml.qrc
[313/574] Automatic RCC for packagechooser.qrc
[314/574] Automatic MOC for target calamares_viewmodule_welcomeq
[315/574] Automatic MOC and UIC for target calamares_viewmodule_finished
[316/574] Automatic MOC and UIC for target calamares_viewmodule_welcome
[317/574] Automatic MOC for target calamares_viewmodule_interactiveterminal
[318/574] Automatic RCC for packagechooserq-qt6.qrc
[319/574] Automatic RCC for page_plasmalnf.qrc
[320/574] Automatic MOC and UIC for target calamares_viewmodule_license
[321/574] Automatic RCC for summaryq-qt6.qrc
[322/574] Automatic RCC for users.qrc
[323/574] Automatic RCC for page_trackingstep.qrc
[324/574] Automatic RCC for usersq-qt6.qrc
[325/574] Automatic RCC for welcome.qrc
[326/574] Automatic RCC for welcomeq-qt6.qrc
[327/574] Automatic MOC and UIC for target calamares_viewmodule_oemid
[328/574] Automatic MOC for target calamares_viewmodule_summary
[329/574] Automatic MOC and UIC for target calamares_viewmodule_netinstall
[330/574] Automatic MOC and UIC for target calamares_viewmodule_partition
[331/574] Building CXX object src/calamares/CMakeFiles/calamares_bin.dir/main.cpp.o
[332/574] Building CXX object src/calamares/CMakeFiles/calamares_bin.dir/progresstree/ProgressTreeDelegate.cpp.o
[333/574] Building CXX object src/calamares/CMakeFiles/calamares_bin.dir/calamares_bin_autogen/EWIEGA46WW/qrc_calamares.cpp.o
[334/574] Building CXX object src/calamares/CMakeFiles/calamares_bin.dir/calamares_bin_autogen/mocs_compilation.cpp.o
[335/574] Building CXX object src/calamares/CMakeFiles/calamares_bin.dir/VariantModel.cpp.o
[336/574] Building CXX object src/calamares/CMakeFiles/calamares_bin.dir/CalamaresWindow.cpp.o
[337/574] Building CXX object src/calamares/CMakeFiles/calamares_bin.dir/progresstree/ProgressTreeView.cpp.o
[338/574] Building CXX object src/calamares/CMakeFiles/calamares_bin.dir/CalamaresApplication.cpp.o
[339/574] Building CXX object src/calamares/CMakeFiles/calamares_bin.dir/DebugWindow.cpp.o
[340/574] Building CXX object src/modules/finishedq/CMakeFiles/calamares_viewmodule_finishedq.dir/calamares_viewmodule_finishedq_autogen/EWIEGA46WW/qrc_finishedq-qt6.cpp.o
[341/574] Building CXX object src/modules/finished/CMakeFiles/calamares_viewmodule_finished.dir/calamares_viewmodule_finished_autogen/mocs_compilation.cpp.o
[342/574] Building CXX object src/modules/finished/CMakeFiles/calamares_viewmodule_finished.dir/Config.cpp.o
[343/574] Building CXX object src/modules/finished/CMakeFiles/calamares_viewmodule_finished.dir/FinishedViewStep.cpp.o
[344/574] Building CXX object src/modules/finishedq/CMakeFiles/calamares_viewmodule_finishedq.dir/FinishedQmlViewStep.cpp.o
[345/574] Building CXX object src/modules/finished/CMakeFiles/calamares_viewmodule_finished.dir/FinishedPage.cpp.o
[346/574] Building CXX object src/modules/finishedq/CMakeFiles/calamares_viewmodule_finishedq.dir/__/finished/Config.cpp.o
[347/574] Building CXX object src/modules/interactiveterminal/CMakeFiles/calamares_viewmodule_interactiveterminal.dir/calamares_viewmodule_interactiveterminal_autogen/mocs_compilation.cpp.o
[348/574] Building CXX object src/modules/finishedq/CMakeFiles/calamares_viewmodule_finishedq.dir/calamares_viewmodule_finishedq_autogen/mocs_compilation.cpp.o
[349/574] Building CXX object src/modules/interactiveterminal/CMakeFiles/calamares_viewmodule_interactiveterminal.dir/InteractiveTerminalViewStep.cpp.o
[350/574] Building CXX object src/modules/interactiveterminal/CMakeFiles/calamares_viewmodule_interactiveterminal.dir/InteractiveTerminalPage.cpp.o
[351/574] Building CXX object src/modules/keyboard/CMakeFiles/calamares_viewmodule_keyboard.dir/calamares_viewmodule_keyboard_autogen/mocs_compilation.cpp.o
[352/574] Building CXX object src/modules/keyboard/CMakeFiles/calamares_viewmodule_keyboard.dir/calamares_viewmodule_keyboard_autogen/EWIEGA46WW/qrc_keyboard.cpp.o
[353/574] Building CXX object src/modules/keyboard/CMakeFiles/calamares_viewmodule_keyboard.dir/KeyboardPage.cpp.o
[354/574] Building CXX object src/modules/keyboard/CMakeFiles/calamares_viewmodule_keyboard.dir/KeyboardViewStep.cpp.o
[355/574] Building CXX object src/modules/keyboard/CMakeFiles/calamares_viewmodule_keyboard.dir/SetKeyboardLayoutJob.cpp.o
/build/source/src/modules/keyboard/SetKeyboardLayoutJob.cpp: In member function 'bool SetKeyboardLayoutJob::writeVConsoleData(const QString&, const QString&) const':
/build/source/src/modules/keyboard/SetKeyboardLayoutJob.cpp:214:18: warning: ignoring return value of 'virtual bool QFile::open(QIODeviceBase::OpenMode)', declared with attribute 'nodiscard' [-Wunused-result]
  214 |         file.open( QIODevice::ReadOnly | QIODevice::Text );
      |         ~~~~~~~~~^~~~~~~~~~~~~~~~~~~~~~~~~~~~~~~~~~~~~~~~~
In file included from /nix/store/26vddq5pbmm4rjkhibwfy4xgngjy5cq5-qtbase-6.11.2/include/QtCore/qdir.h:11,
                 from /nix/store/26vddq5pbmm4rjkhibwfy4xgngjy5cq5-qtbase-6.11.2/include/QtCore/QDir:1,
                 from /build/source/src/modules/keyboard/SetKeyboardLayoutJob.cpp:26:
/nix/store/26vddq5pbmm4rjkhibwfy4xgngjy5cq5-qtbase-6.11.2/include/QtCore/qfile.h:264:32: note: declared here
  264 |     QFILE_MAYBE_NODISCARD bool open(OpenMode flags) override;
      |                                ^~~~
[356/574] Building CXX object src/modules/keyboard/CMakeFiles/calamares_viewmodule_keyboard.dir/keyboardwidget/keyboardglobal.cpp.o
/build/source/src/modules/keyboard/keyboardwidget/keyboardglobal.cpp: In function 'KeyboardGlobal::ModelsMap parseKeyboardModels(const char*)':
/build/source/src/modules/keyboard/keyboardwidget/keyboardglobal.cpp:62:12: warning: ignoring return value of 'virtual bool QFile::open(QIODeviceBase::OpenMode)', declared with attribute 'nodiscard' [-Wunused-result]
   62 |     fh.open( QIODevice::ReadOnly );
      |     ~~~~~~~^~~~~~~~~~~~~~~~~~~~~~~
In file included from /nix/store/26vddq5pbmm4rjkhibwfy4xgngjy5cq5-qtbase-6.11.2/include/QtCore/QFile:1,
                 from /build/source/src/modules/keyboard/keyboardwidget/keyboardglobal.cpp:23:
/nix/store/26vddq5pbmm4rjkhibwfy4xgngjy5cq5-qtbase-6.11.2/include/QtCore/qfile.h:264:32: note: declared here
  264 |     QFILE_MAYBE_NODISCARD bool open(OpenMode flags) override;
      |                                ^~~~
/build/source/src/modules/keyboard/keyboardwidget/keyboardglobal.cpp: In function 'KeyboardGlobal::LayoutsMap parseKeyboardLayouts(const char*)':
/build/source/src/modules/keyboard/keyboardwidget/keyboardglobal.cpp:113:12: warning: ignoring return value of 'virtual bool QFile::open(QIODeviceBase::OpenMode)', declared with attribute 'nodiscard' [-Wunused-result]
  113 |     fh.open( QIODevice::ReadOnly );
      |     ~~~~~~~^~~~~~~~~~~~~~~~~~~~~~~
/nix/store/26vddq5pbmm4rjkhibwfy4xgngjy5cq5-qtbase-6.11.2/include/QtCore/qfile.h:264:32: note: declared here
  264 |     QFILE_MAYBE_NODISCARD bool open(OpenMode flags) override;
      |                                ^~~~
/build/source/src/modules/keyboard/keyboardwidget/keyboardglobal.cpp: In function 'KeyboardGlobal::GroupsMap parseKeyboardGroupsSwitchers(const char*)':
/build/source/src/modules/keyboard/keyboardwidget/keyboardglobal.cpp:208:12: warning: ignoring return value of 'virtual bool QFile::open(QIODeviceBase::OpenMode)', declared with attribute 'nodiscard' [-Wunused-result]
  208 |     fh.open( QIODevice::ReadOnly );
      |     ~~~~~~~^~~~~~~~~~~~~~~~~~~~~~~
/nix/store/26vddq5pbmm4rjkhibwfy4xgngjy5cq5-qtbase-6.11.2/include/QtCore/qfile.h:264:32: note: declared here
  264 |     QFILE_MAYBE_NODISCARD bool open(OpenMode flags) override;
      |                                ^~~~
[357/574] Building CXX object src/modules/keyboard/CMakeFiles/calamares_viewmodule_keyboard.dir/KeyboardLayoutModel.cpp.o
[358/574] Building CXX object src/modules/keyboardq/CMakeFiles/calamares_viewmodule_keyboardq.dir/calamares_viewmodule_keyboardq_autogen/mocs_compilation.cpp.o
[359/574] Building CXX object src/modules/keyboardq/CMakeFiles/calamares_viewmodule_keyboardq.dir/calamares_viewmodule_keyboardq_autogen/EWIEGA46WW/qrc_keyboardq-qt6.cpp.o
[360/574] Building CXX object src/modules/keyboardq/CMakeFiles/calamares_viewmodule_keyboardq.dir/KeyboardQmlViewStep.cpp.o
[361/574] Building CXX object src/modules/keyboard/CMakeFiles/calamares_viewmodule_keyboard.dir/Config.cpp.o
[362/574] Building CXX object src/modules/keyboard/CMakeFiles/calamares_viewmodule_keyboard.dir/keyboardwidget/keyboardpreview.cpp.o
[363/574] Building CXX object src/modules/license/CMakeFiles/calamares_viewmodule_license.dir/calamares_viewmodule_license_autogen/mocs_compilation.cpp.o
[364/574] Building CXX object src/modules/license/CMakeFiles/calamares_viewmodule_license.dir/LicensePage.cpp.o
[365/574] Building CXX object src/modules/keyboardq/CMakeFiles/calamares_viewmodule_keyboardq.dir/__/keyboard/keyboardwidget/keyboardglobal.cpp.o
/build/source/src/modules/keyboard/keyboardwidget/keyboardglobal.cpp: In function 'KeyboardGlobal::ModelsMap parseKeyboardModels(const char*)':
/build/source/src/modules/keyboard/keyboardwidget/keyboardglobal.cpp:62:12: warning: ignoring return value of 'virtual bool QFile::open(QIODeviceBase::OpenMode)', declared with attribute 'nodiscard' [-Wunused-result]
   62 |     fh.open( QIODevice::ReadOnly );
      |     ~~~~~~~^~~~~~~~~~~~~~~~~~~~~~~
In file included from /nix/store/26vddq5pbmm4rjkhibwfy4xgngjy5cq5-qtbase-6.11.2/include/QtCore/QFile:1,
                 from /build/source/src/modules/keyboard/keyboardwidget/keyboardglobal.cpp:23:
/nix/store/26vddq5pbmm4rjkhibwfy4xgngjy5cq5-qtbase-6.11.2/include/QtCore/qfile.h:264:32: note: declared here
  264 |     QFILE_MAYBE_NODISCARD bool open(OpenMode flags) override;
      |                                ^~~~
/build/source/src/modules/keyboard/keyboardwidget/keyboardglobal.cpp: In function 'KeyboardGlobal::LayoutsMap parseKeyboardLayouts(const char*)':
/build/source/src/modules/keyboard/keyboardwidget/keyboardglobal.cpp:113:12: warning: ignoring return value of 'virtual bool QFile::open(QIODeviceBase::OpenMode)', declared with attribute 'nodiscard' [-Wunused-result]
  113 |     fh.open( QIODevice::ReadOnly );
      |     ~~~~~~~^~~~~~~~~~~~~~~~~~~~~~~
/nix/store/26vddq5pbmm4rjkhibwfy4xgngjy5cq5-qtbase-6.11.2/include/QtCore/qfile.h:264:32: note: declared here
  264 |     QFILE_MAYBE_NODISCARD bool open(OpenMode flags) override;
      |                                ^~~~
/build/source/src/modules/keyboard/keyboardwidget/keyboardglobal.cpp: In function 'KeyboardGlobal::GroupsMap parseKeyboardGroupsSwitchers(const char*)':
/build/source/src/modules/keyboard/keyboardwidget/keyboardglobal.cpp:208:12: warning: ignoring return value of 'virtual bool QFile::open(QIODeviceBase::OpenMode)', declared with attribute 'nodiscard' [-Wunused-result]
  208 |     fh.open( QIODevice::ReadOnly );
      |     ~~~~~~~^~~~~~~~~~~~~~~~~~~~~~~
/nix/store/26vddq5pbmm4rjkhibwfy4xgngjy5cq5-qtbase-6.11.2/include/QtCore/qfile.h:264:32: note: declared here
  264 |     QFILE_MAYBE_NODISCARD bool open(OpenMode flags) override;
      |                                ^~~~
[366/574] Building CXX object src/modules/keyboardq/CMakeFiles/calamares_viewmodule_keyboardq.dir/__/keyboard/SetKeyboardLayoutJob.cpp.o
/build/source/src/modules/keyboard/SetKeyboardLayoutJob.cpp: In member function 'bool SetKeyboardLayoutJob::writeVConsoleData(const QString&, const QString&) const':
/build/source/src/modules/keyboard/SetKeyboardLayoutJob.cpp:214:18: warning: ignoring return value of 'virtual bool QFile::open(QIODeviceBase::OpenMode)', declared with attribute 'nodiscard' [-Wunused-result]
  214 |         file.open( QIODevice::ReadOnly | QIODevice::Text );
      |         ~~~~~~~~~^~~~~~~~~~~~~~~~~~~~~~~~~~~~~~~~~~~~~~~~~
In file included from /nix/store/26vddq5pbmm4rjkhibwfy4xgngjy5cq5-qtbase-6.11.2/include/QtCore/qdir.h:11,
                 from /nix/store/26vddq5pbmm4rjkhibwfy4xgngjy5cq5-qtbase-6.11.2/include/QtCore/QDir:1,
                 from /build/source/src/modules/keyboard/SetKeyboardLayoutJob.cpp:26:
/nix/store/26vddq5pbmm4rjkhibwfy4xgngjy5cq5-qtbase-6.11.2/include/QtCore/qfile.h:264:32: note: declared here
  264 |     QFILE_MAYBE_NODISCARD bool open(OpenMode flags) override;
      |                                ^~~~
[367/574] Building CXX object src/modules/keyboardq/CMakeFiles/calamares_viewmodule_keyboardq.dir/__/keyboard/Config.cpp.o
[368/574] Building CXX object src/modules/license/CMakeFiles/calamares_viewmodule_license.dir/LicenseViewStep.cpp.o
[369/574] Building CXX object src/modules/license/CMakeFiles/calamares_viewmodule_license.dir/LicenseWidget.cpp.o
[370/574] Building CXX object src/modules/keyboardq/CMakeFiles/calamares_viewmodule_keyboardq.dir/__/keyboard/KeyboardLayoutModel.cpp.o
[371/574] Building CXX object src/modules/locale/CMakeFiles/calamares_viewmodule_locale.dir/LCLocaleDialog.cpp.o
[372/574] Building CXX object src/modules/locale/CMakeFiles/calamares_viewmodule_locale.dir/LocaleNames.cpp.o
[373/574] Building CXX object src/modules/locale/CMakeFiles/calamares_viewmodule_locale.dir/calamares_viewmodule_locale_autogen/mocs_compilation.cpp.o
[374/574] Building CXX object src/modules/locale/CMakeFiles/calamares_viewmodule_locale.dir/calamares_viewmodule_locale_autogen/EWIEGA46WW/qrc_locale.cpp.o
[375/574] Building CXX object src/modules/locale/CMakeFiles/calamares_viewmodule_locale.dir/LocalePage.cpp.o
[376/574] Building CXX object src/modules/locale/CMakeFiles/calamares_viewmodule_locale.dir/LocaleViewStep.cpp.o
[377/574] Building CXX object src/modules/locale/CMakeFiles/calamares_viewmodule_locale.dir/Config.cpp.o
[378/574] Building CXX object src/modules/locale/CMakeFiles/calamares_viewmodule_locale.dir/SetTimezoneJob.cpp.o
[379/574] Building CXX object src/modules/locale/CMakeFiles/calamares_viewmodule_locale.dir/LocaleConfiguration.cpp.o
[380/574] Building CXX object src/modules/locale/CMakeFiles/calamares_viewmodule_locale.dir/timezonewidget/timezonewidget.cpp.o
[381/574] Building CXX object src/modules/localeq/CMakeFiles/calamares_viewmodule_localeq.dir/calamares_viewmodule_localeq_autogen/EWIEGA46WW/qrc_localeq-qt6.cpp.o
[382/574] Building CXX object src/modules/locale/CMakeFiles/calamares_viewmodule_locale.dir/timezonewidget/TimeZoneImage.cpp.o
[383/574] Building CXX object src/modules/localeq/CMakeFiles/calamares_viewmodule_localeq.dir/LocaleQmlViewStep.cpp.o
[384/574] Building CXX object src/modules/localeq/CMakeFiles/calamares_viewmodule_localeq.dir/calamares_viewmodule_localeq_autogen/mocs_compilation.cpp.o
[385/574] Building CXX object src/modules/localeq/CMakeFiles/calamares_viewmodule_localeq.dir/__/locale/LocaleNames.cpp.o
[386/574] Building CXX object src/modules/luksopenswaphookcfg/CMakeFiles/calamares_job_luksopenswaphookcfg.dir/calamares_job_luksopenswaphookcfg_autogen/mocs_compilation.cpp.o
[387/574] Building CXX object src/modules/luksbootkeyfile/CMakeFiles/calamares_job_luksbootkeyfile.dir/calamares_job_luksbootkeyfile_autogen/mocs_compilation.cpp.o
[388/574] Building CXX object src/modules/localeq/CMakeFiles/calamares_viewmodule_localeq.dir/__/locale/SetTimezoneJob.cpp.o
[389/574] Building CXX object src/modules/localeq/CMakeFiles/calamares_viewmodule_localeq.dir/__/locale/LocaleConfiguration.cpp.o
[390/574] Building CXX object src/modules/machineid/CMakeFiles/calamares_job_machineid.dir/calamares_job_machineid_autogen/mocs_compilation.cpp.o
[391/574] Building CXX object src/modules/luksopenswaphookcfg/CMakeFiles/calamares_job_luksopenswaphookcfg.dir/LOSHJob.cpp.o
[392/574] Building CXX object src/modules/luksbootkeyfile/CMakeFiles/calamares_job_luksbootkeyfile.dir/LuksBootKeyFileJob.cpp.o
[393/574] Building CXX object src/modules/localeq/CMakeFiles/calamares_viewmodule_localeq.dir/__/locale/Config.cpp.o
[394/574] Building CXX object src/modules/machineid/CMakeFiles/calamares_job_machineid.dir/MachineIdJob.cpp.o
[395/574] Building CXX object src/modules/machineid/CMakeFiles/calamares_job_machineid.dir/Workers.cpp.o
[396/574] Building CXX object src/modules/netinstall/CMakeFiles/calamares_viewmodule_netinstall.dir/Config.cpp.o
[397/574] Building CXX object src/modules/netinstall/CMakeFiles/calamares_viewmodule_netinstall.dir/groupstreeview.cpp.o
[398/574] Building CXX object src/modules/netinstall/CMakeFiles/calamares_viewmodule_netinstall.dir/calamares_viewmodule_netinstall_autogen/mocs_compilation.cpp.o
[399/574] Building CXX object src/modules/notesqml/CMakeFiles/calamares_viewmodule_notesqml.dir/calamares_viewmodule_notesqml_autogen/EWIEGA46WW/qrc_notesqml.cpp.o
[400/574] Building CXX object src/modules/netinstall/CMakeFiles/calamares_viewmodule_netinstall.dir/NetInstallViewStep.cpp.o
[401/574] Building CXX object src/modules/netinstall/CMakeFiles/calamares_viewmodule_netinstall.dir/NetInstallPage.cpp.o
[402/574] Building CXX object src/modules/netinstall/CMakeFiles/calamares_viewmodule_netinstall.dir/PackageTreeItem.cpp.o
[403/574] Building CXX object src/modules/notesqml/CMakeFiles/calamares_viewmodule_notesqml.dir/calamares_viewmodule_notesqml_autogen/mocs_compilation.cpp.o
[404/574] Building CXX object src/modules/netinstall/CMakeFiles/calamares_viewmodule_netinstall.dir/LoaderQueue.cpp.o
[405/574] Building CXX object src/modules/notesqml/CMakeFiles/calamares_viewmodule_notesqml.dir/NotesQmlViewStep.cpp.o
[406/574] Building CXX object src/modules/oemid/CMakeFiles/calamares_viewmodule_oemid.dir/calamares_viewmodule_oemid_autogen/mocs_compilation.cpp.o
[407/574] Building CXX object src/modules/oemid/CMakeFiles/calamares_viewmodule_oemid.dir/IDJob.cpp.o
[408/574] Building CXX object src/modules/packagechooser/CMakeFiles/calamares_viewmodule_packagechooser.dir/calamares_viewmodule_packagechooser_autogen/EWIEGA46WW/qrc_packagechooser.cpp.o
[409/574] Building CXX object src/modules/netinstall/CMakeFiles/calamares_viewmodule_netinstall.dir/PackageModel.cpp.o
[410/574] Building CXX object src/modules/oemid/CMakeFiles/calamares_viewmodule_oemid.dir/OEMViewStep.cpp.o
[411/574] Building CXX object src/modules/packagechooser/CMakeFiles/calamares_viewmodule_packagechooser.dir/calamares_viewmodule_packagechooser_autogen/mocs_compilation.cpp.o
[412/574] Building CXX object src/modules/packagechooser/CMakeFiles/calamares_viewmodule_packagechooser.dir/PackageChooserViewStep.cpp.o
[413/574] Building CXX object src/modules/packagechooserq/CMakeFiles/calamares_viewmodule_packagechooserq.dir/calamares_viewmodule_packagechooserq_autogen/EWIEGA46WW/qrc_packagechooserq-qt6.cpp.o
[414/574] Building CXX object src/modules/packagechooser/CMakeFiles/calamares_viewmodule_packagechooser.dir/Config.cpp.o
[415/574] Building CXX object src/modules/packagechooserq/CMakeFiles/calamares_viewmodule_packagechooserq.dir/PackageChooserQmlViewStep.cpp.o
[416/574] Building CXX object src/modules/packagechooser/CMakeFiles/calamares_viewmodule_packagechooser.dir/PackageChooserPage.cpp.o
[417/574] Building CXX object src/modules/packagechooserq/CMakeFiles/calamares_viewmodule_packagechooserq.dir/calamares_viewmodule_packagechooserq_autogen/mocs_compilation.cpp.o
[418/574] Building CXX object src/modules/packagechooser/CMakeFiles/calamares_viewmodule_packagechooser.dir/PackageModel.cpp.o
[419/574] Building CXX object src/modules/packagechooserq/CMakeFiles/calamares_viewmodule_packagechooserq.dir/__/packagechooser/Config.cpp.o
[420/574] Building CXX object src/modules/packagechooserq/CMakeFiles/calamares_viewmodule_packagechooserq.dir/__/packagechooser/PackageModel.cpp.o
[421/574] Building CXX object src/modules/partition/CMakeFiles/calamares_viewmodule_partition.dir/core/ColorUtils.cpp.o
[422/574] Building CXX object src/modules/partition/CMakeFiles/calamares_viewmodule_partition.dir/core/DeviceList.cpp.o
[423/574] Building CXX object src/modules/partition/CMakeFiles/calamares_viewmodule_partition.dir/core/BootLoaderModel.cpp.o
[424/574] Building CXX object src/modules/partition/CMakeFiles/calamares_viewmodule_partition.dir/Config.cpp.o
[425/574] Building CXX object src/modules/partition/CMakeFiles/calamares_viewmodule_partition.dir/core/KPMHelpers.cpp.o
[426/574] Building CXX object src/modules/partition/CMakeFiles/calamares_viewmodule_partition.dir/core/OsproberEntry.cpp.o
[427/574] Building CXX object src/modules/partition/CMakeFiles/calamares_viewmodule_partition.dir/core/DeviceModel.cpp.o
[428/574] Building CXX object src/modules/partition/CMakeFiles/calamares_viewmodule_partition.dir/calamares_viewmodule_partition_autogen/mocs_compilation.cpp.o
[429/574] Building CXX object src/modules/partition/CMakeFiles/calamares_viewmodule_partition.dir/core/PartitionInfo.cpp.o
[430/574] Building CXX object src/modules/partition/CMakeFiles/calamares_viewmodule_partition.dir/core/PartitionActions.cpp.o
[431/574] Building CXX object src/modules/partition/CMakeFiles/calamares_viewmodule_partition.dir/core/DirFSRestrictLayout.cpp.o
[432/574] Building CXX object src/modules/partition/CMakeFiles/calamares_viewmodule_partition.dir/core/PartitionModel.cpp.o
[433/574] Building CXX object src/modules/partition/CMakeFiles/calamares_viewmodule_partition.dir/core/PartitionLayout.cpp.o
[434/574] Building CXX object src/modules/partition/CMakeFiles/calamares_viewmodule_partition.dir/gui/BootInfoWidget.cpp.o
[435/574] Building CXX object src/modules/partition/CMakeFiles/calamares_viewmodule_partition.dir/PartitionViewStep.cpp.o
[436/574] Building CXX object src/modules/partition/CMakeFiles/calamares_viewmodule_partition.dir/gui/CreateVolumeGroupDialog.cpp.o
[437/574] Building CXX object src/modules/partition/CMakeFiles/calamares_viewmodule_partition.dir/core/PartUtils.cpp.o
[438/574] Building CXX object src/modules/partition/CMakeFiles/calamares_viewmodule_partition.dir/gui/DeviceInfoWidget.cpp.o
[439/574] Building CXX object src/modules/partition/CMakeFiles/calamares_viewmodule_partition.dir/gui/CreatePartitionDialog.cpp.o
[440/574] Building CXX object src/modules/partition/CMakeFiles/calamares_viewmodule_partition.dir/gui/ListPhysicalVolumeWidgetItem.cpp.o
[441/574] Building CXX object src/modules/partition/CMakeFiles/calamares_viewmodule_partition.dir/gui/EncryptWidget.cpp.o
[442/574] Building CXX object src/modules/partition/CMakeFiles/calamares_viewmodule_partition.dir/gui/EditExistingPartitionDialog.cpp.o
[443/574] Building CXX object src/modules/partition/CMakeFiles/calamares_viewmodule_partition.dir/core/PartitionCoreModule.cpp.o
[444/574] Building CXX object src/modules/partition/CMakeFiles/calamares_viewmodule_partition.dir/gui/PartitionBarsView.cpp.o
[445/574] Building CXX object src/modules/partition/CMakeFiles/calamares_viewmodule_partition.dir/gui/ChoicePage.cpp.o
[446/574] Building CXX object src/modules/partition/CMakeFiles/calamares_viewmodule_partition.dir/gui/PartitionSizeController.cpp.o
[447/574] Building CXX object src/modules/partition/CMakeFiles/calamares_viewmodule_partition.dir/gui/PartitionDialogHelpers.cpp.o
[448/574] Building CXX object src/modules/partition/CMakeFiles/calamares_viewmodule_partition.dir/gui/PartitionLabelsView.cpp.o
[449/574] Building CXX object src/modules/partition/CMakeFiles/calamares_viewmodule_partition.dir/gui/ResizeVolumeGroupDialog.cpp.o
[450/574] Building CXX object src/modules/partition/CMakeFiles/calamares_viewmodule_partition.dir/jobs/AutoMountManagementJob.cpp.o
[451/574] Building CXX object src/modules/partition/CMakeFiles/calamares_viewmodule_partition.dir/gui/PartitionPage.cpp.o
[452/574] Building CXX object src/modules/partition/CMakeFiles/calamares_viewmodule_partition.dir/jobs/ChangeFilesystemLabelJob.cpp.o
[453/574] Building CXX object src/modules/partition/CMakeFiles/calamares_viewmodule_partition.dir/gui/VolumeGroupBaseDialog.cpp.o
[454/574] Building CXX object src/modules/partition/CMakeFiles/calamares_viewmodule_partition.dir/gui/ScanningDialog.cpp.o
[455/574] Building CXX object src/modules/partition/CMakeFiles/calamares_viewmodule_partition.dir/gui/PartitionSplitterWidget.cpp.o
[456/574] Building CXX object src/modules/partition/CMakeFiles/calamares_viewmodule_partition.dir/jobs/CreatePartitionTableJob.cpp.o
[457/574] Building CXX object src/modules/partition/CMakeFiles/calamares_viewmodule_partition.dir/jobs/DeactivateVolumeGroupJob.cpp.o
[458/574] Building CXX object src/modules/partition/CMakeFiles/calamares_viewmodule_partition.dir/jobs/ClearTempMountsJob.cpp.o
[459/574] Building CXX object src/modules/partition/CMakeFiles/calamares_viewmodule_partition.dir/jobs/ClearMountsJob.cpp.o
[460/574] Building CXX object src/modules/partition/CMakeFiles/calamares_viewmodule_partition.dir/jobs/CreateVolumeGroupJob.cpp.o
[461/574] Building CXX object src/modules/partition/CMakeFiles/calamares_viewmodule_partition.dir/jobs/CreatePartitionJob.cpp.o
[462/574] Building CXX object src/modules/partition/CMakeFiles/calamares_viewmodule_partition.dir/jobs/DeletePartitionJob.cpp.o
[463/574] Building CXX object src/modules/partition/CMakeFiles/calamares_viewmodule_partition.dir/jobs/PartitionJob.cpp.o
[464/574] Building CXX object src/modules/partition/CMakeFiles/calamares_viewmodule_partition.dir/jobs/RemoveVolumeGroupJob.cpp.o
[465/574] Building CXX object src/modules/partition/CMakeFiles/calamares_viewmodule_partition.dir/jobs/FormatPartitionJob.cpp.o
[466/574] Building CXX object src/modules/partition/CMakeFiles/calamares_viewmodule_partition.dir/jobs/ResizePartitionJob.cpp.o
[467/574] Building CXX object src/modules/partition/CMakeFiles/calamares_viewmodule_partition.dir/jobs/SetPartitionFlagsJob.cpp.o
[468/574] Building CXX object src/modules/partition/CMakeFiles/calamares_viewmodule_partition.dir/jobs/ResizeVolumeGroupJob.cpp.o
[469/574] Building CXX object src/modules/plasmalnf/CMakeFiles/calamares_viewmodule_plasmalnf.dir/calamares_viewmodule_plasmalnf_autogen/EWIEGA46WW/qrc_page_plasmalnf.cpp.o
[470/574] Building CXX object src/modules/plasmalnf/CMakeFiles/calamares_viewmodule_plasmalnf.dir/PlasmaLnfViewStep.cpp.o
[471/574] Building CXX object src/modules/plasmalnf/CMakeFiles/calamares_viewmodule_plasmalnf.dir/calamares_viewmodule_plasmalnf_autogen/mocs_compilation.cpp.o
[472/574] Building CXX object src/modules/plasmalnf/CMakeFiles/calamares_viewmodule_plasmalnf.dir/PlasmaLnfJob.cpp.o
[473/574] Building CXX object src/modules/plasmalnf/CMakeFiles/calamares_viewmodule_plasmalnf.dir/PlasmaLnfPage.cpp.o
[474/574] Building CXX object src/modules/plasmalnf/CMakeFiles/calamares_viewmodule_plasmalnf.dir/Config.cpp.o
[475/574] Building CXX object src/modules/preservefiles/CMakeFiles/calamares_job_preservefiles.dir/calamares_job_preservefiles_autogen/mocs_compilation.cpp.o
[476/574] Building CXX object src/modules/partition/CMakeFiles/calamares_viewmodule_partition.dir/jobs/FillGlobalStorageJob.cpp.o
[477/574] Building CXX object src/modules/preservefiles/CMakeFiles/calamares_job_preservefiles.dir/Item.cpp.o
[478/574] Building CXX object src/modules/plasmalnf/CMakeFiles/calamares_viewmodule_plasmalnf.dir/ThemeInfo.cpp.o
[479/574] Building CXX object src/modules/removeuser/CMakeFiles/calamares_job_removeuser.dir/calamares_job_removeuser_autogen/mocs_compilation.cpp.o
[480/574] Building CXX object src/modules/removeuser/CMakeFiles/calamares_job_removeuser.dir/RemoveUserJob.cpp.o
[481/574] Building CXX object src/modules/preservefiles/CMakeFiles/calamares_job_preservefiles.dir/PreserveFiles.cpp.o
[482/574] Building CXX object src/modules/shellprocess/CMakeFiles/calamares_job_shellprocess.dir/calamares_job_shellprocess_autogen/mocs_compilation.cpp.o
[483/574] Building CXX object src/modules/shellprocess/CMakeFiles/calamares_job_shellprocess.dir/ShellProcessJob.cpp.o
[484/574] Building CXX object src/modules/summary/CMakeFiles/calamares_viewmodule_summary.dir/calamares_viewmodule_summary_autogen/mocs_compilation.cpp.o
[485/574] Building CXX object src/modules/summary/CMakeFiles/calamares_viewmodule_summary.dir/Config.cpp.o
[486/574] Building CXX object src/modules/summaryq/CMakeFiles/calamares_viewmodule_summaryq.dir/calamares_viewmodule_summaryq_autogen/EWIEGA46WW/qrc_summaryq-qt6.cpp.o
[487/574] Building CXX object src/modules/summary/CMakeFiles/calamares_viewmodule_summary.dir/SummaryViewStep.cpp.o
[488/574] Building CXX object src/modules/summary/CMakeFiles/calamares_viewmodule_summary.dir/SummaryModel.cpp.o
[489/574] Building CXX object src/modules/summary/CMakeFiles/calamares_viewmodule_summary.dir/SummaryPage.cpp.o
[490/574] Building CXX object src/modules/summaryq/CMakeFiles/calamares_viewmodule_summaryq.dir/calamares_viewmodule_summaryq_autogen/mocs_compilation.cpp.o
[491/574] Building CXX object src/modules/summaryq/CMakeFiles/calamares_viewmodule_summaryq.dir/SummaryQmlViewStep.cpp.o
[492/574] Building CXX object src/modules/tracking/CMakeFiles/calamares_viewmodule_tracking.dir/calamares_viewmodule_tracking_autogen/EWIEGA46WW/qrc_page_trackingstep.cpp.o
[493/574] Building CXX object src/modules/tracking/CMakeFiles/calamares_viewmodule_tracking.dir/calamares_viewmodule_tracking_autogen/mocs_compilation.cpp.o
[494/574] Building CXX object src/modules/summaryq/CMakeFiles/calamares_viewmodule_summaryq.dir/__/summary/Config.cpp.o
[495/574] Building CXX object src/modules/summaryq/CMakeFiles/calamares_viewmodule_summaryq.dir/__/summary/SummaryModel.cpp.o
[496/574] Building CXX object src/modules/tracking/CMakeFiles/calamares_viewmodule_tracking.dir/Config.cpp.o
[497/574] Building CXX object src/modules/tracking/CMakeFiles/calamares_viewmodule_tracking.dir/TrackingJobs.cpp.o
[498/574] Building CXX object src/modules/umount/CMakeFiles/calamares_job_umount.dir/calamares_job_umount_autogen/mocs_compilation.cpp.o
[499/574] Building CXX object src/modules/tracking/CMakeFiles/calamares_viewmodule_tracking.dir/TrackingPage.cpp.o
[500/574] Building CXX object src/modules/tracking/CMakeFiles/calamares_viewmodule_tracking.dir/TrackingViewStep.cpp.o
[501/574] Building CXX object src/modules/unpackfsc/CMakeFiles/calamares_job_unpackfsc.dir/calamares_job_unpackfsc_autogen/mocs_compilation.cpp.o
[502/574] Building CXX object src/modules/unpackfsc/CMakeFiles/calamares_job_unpackfsc.dir/Runners.cpp.o
[503/574] Building CXX object src/modules/unpackfsc/CMakeFiles/calamares_job_unpackfsc.dir/ErofsRunner.cpp.o
[504/574] Building CXX object src/modules/unpackfsc/CMakeFiles/calamares_job_unpackfsc.dir/UnpackFSCJob.cpp.o
[505/574] Building CXX object src/modules/users/CMakeFiles/calamares_viewmodule_users.dir/calamares_viewmodule_users_autogen/EWIEGA46WW/qrc_users.cpp.o
[506/574] Building CXX object src/modules/umount/CMakeFiles/calamares_job_umount.dir/UmountJob.cpp.o
[507/574] Building CXX object src/modules/unpackfsc/CMakeFiles/calamares_job_unpackfsc.dir/FSArchiverRunner.cpp.o
[508/574] Building CXX object src/modules/unpackfsc/CMakeFiles/calamares_job_unpackfsc.dir/TarballRunner.cpp.o
[509/574] Building CXX object src/modules/usersq/CMakeFiles/calamares_viewmodule_usersq.dir/calamares_viewmodule_usersq_autogen/EWIEGA46WW/qrc_usersq-qt6.cpp.o
[510/574] Building CXX object src/modules/unpackfsc/CMakeFiles/calamares_job_unpackfsc.dir/UnsquashRunner.cpp.o
[511/574] Building CXX object src/modules/users/CMakeFiles/calamares_viewmodule_users.dir/UsersViewStep.cpp.o
[512/574] Building CXX object src/modules/users/CMakeFiles/calamares_viewmodule_users.dir/calamares_viewmodule_users_autogen/mocs_compilation.cpp.o
[513/574] Building CXX object src/modules/usersq/CMakeFiles/calamares_viewmodule_usersq.dir/UsersQmlViewStep.cpp.o
[514/574] Building C object src/modules/welcome/CMakeFiles/calamares_viewmodule_welcome.dir/checker/partman_devices.c.o
[515/574] Building CXX object src/modules/usersq/CMakeFiles/calamares_viewmodule_usersq.dir/calamares_viewmodule_usersq_autogen/mocs_compilation.cpp.o
[516/574] Building CXX object src/modules/welcome/CMakeFiles/calamares_viewmodule_welcome.dir/checker/CheckerContainer.cpp.o
[517/574] Building CXX object src/modules/users/CMakeFiles/calamares_viewmodule_users.dir/UsersPage.cpp.o
[518/574] Building CXX object src/modules/welcome/CMakeFiles/calamares_viewmodule_welcome.dir/calamares_viewmodule_welcome_autogen/EWIEGA46WW/qrc_welcome.cpp.o
[519/574] Building CXX object src/modules/welcome/CMakeFiles/calamares_viewmodule_welcome.dir/checker/ResultDelegate.cpp.o
[520/574] Building CXX object src/modules/welcome/CMakeFiles/calamares_viewmodule_welcome.dir/checker/ResultsListWidget.cpp.o
[521/574] Building C object src/modules/welcomeq/CMakeFiles/calamares_viewmodule_welcomeq.dir/__/welcome/checker/partman_devices.c.o
[522/574] Building CXX object src/modules/welcome/CMakeFiles/calamares_viewmodule_welcome.dir/calamares_viewmodule_welcome_autogen/mocs_compilation.cpp.o
[523/574] Building CXX object src/modules/welcome/CMakeFiles/calamares_viewmodule_welcome.dir/WelcomeViewStep.cpp.o
[524/574] Building CXX object src/modules/welcomeq/CMakeFiles/calamares_viewmodule_welcomeq.dir/calamares_viewmodule_welcomeq_autogen/EWIEGA46WW/qrc_welcomeq-qt6.cpp.o
[525/574] Building CXX object src/modules/welcome/CMakeFiles/calamares_viewmodule_welcome.dir/checker/GeneralRequirements.cpp.o
[526/574] Building CXX object src/modules/welcome/CMakeFiles/calamares_viewmodule_welcome.dir/WelcomePage.cpp.o
[527/574] Building CXX object src/modules/welcome/CMakeFiles/calamares_viewmodule_welcome.dir/Config.cpp.o
[528/574] Building CXX object src/modules/welcomeq/CMakeFiles/calamares_viewmodule_welcomeq.dir/calamares_viewmodule_welcomeq_autogen/mocs_compilation.cpp.o
[529/574] Building CXX object src/modules/zfs/CMakeFiles/calamares_job_zfs.dir/calamares_job_zfs_autogen/mocs_compilation.cpp.o
[530/574] Linking CXX executable test_geoip
[531/574] Linking CXX executable test_automount
[532/574] Linking CXX shared library src/modules/contextualprocess/libcalamares_job_contextualprocess.so
[533/574] Building CXX object src/modules/welcomeq/CMakeFiles/calamares_viewmodule_welcomeq.dir/WelcomeQmlViewStep.cpp.o
[534/574] Linking CXX executable calamares
[535/574] Linking CXX shared library src/modules/dummycpp/libcalamares_job_dummycpp.so
[536/574] Linking CXX shared library src/modules/dracutlukscfg/libcalamares_job_dracutlukscfg.so
[537/574] Linking CXX shared library src/modules/finished/libcalamares_viewmodule_finished.so
[538/574] Linking CXX shared library src/modules/finishedq/libcalamares_viewmodule_finishedq.so
[539/574] Building CXX object src/modules/welcomeq/CMakeFiles/calamares_viewmodule_welcomeq.dir/__/welcome/Config.cpp.o
[540/574] Linking CXX shared library src/modules/fsresizer/libcalamares_job_fsresizer.so
[541/574] Building CXX object src/modules/welcomeq/CMakeFiles/calamares_viewmodule_welcomeq.dir/__/welcome/checker/GeneralRequirements.cpp.o
[542/574] Linking CXX shared library src/modules/hostinfo/libcalamares_job_hostinfo.so
[543/574] Linking CXX shared library src/modules/initcpio/libcalamares_job_initcpio.so
[544/574] Linking CXX shared library src/modules/initramfs/libcalamares_job_initramfs.so
[545/574] Linking CXX shared library src/modules/interactiveterminal/libcalamares_viewmodule_interactiveterminal.so
[546/574] Linking CXX shared library src/modules/keyboard/libcalamares_viewmodule_keyboard.so
[547/574] Linking CXX shared library src/modules/luksbootkeyfile/libcalamares_job_luksbootkeyfile.so
[548/574] Linking CXX shared library src/modules/license/libcalamares_viewmodule_license.so
[549/574] Linking CXX shared library src/modules/keyboardq/libcalamares_viewmodule_keyboardq.so
[550/574] Linking CXX shared library src/modules/locale/libcalamares_viewmodule_locale.so
[551/574] Linking CXX shared library src/modules/localeq/libcalamares_viewmodule_localeq.so
[552/574] Linking CXX shared library src/modules/luksopenswaphookcfg/libcalamares_job_luksopenswaphookcfg.so
[553/574] Linking CXX shared library src/modules/machineid/libcalamares_job_machineid.so
[554/574] Linking CXX shared library src/modules/notesqml/libcalamares_viewmodule_notesqml.so
[555/574] Linking CXX shared library src/modules/oemid/libcalamares_viewmodule_oemid.so
[556/574] Linking CXX shared library src/modules/netinstall/libcalamares_viewmodule_netinstall.so
[557/574] Linking CXX shared library src/modules/packagechooserq/libcalamares_viewmodule_packagechooserq.so
[558/574] Linking CXX shared library src/modules/packagechooser/libcalamares_viewmodule_packagechooser.so
[559/574] Linking CXX shared library src/modules/preservefiles/libcalamares_job_preservefiles.so
[560/574] Linking CXX shared library src/modules/removeuser/libcalamares_job_removeuser.so
[561/574] Linking CXX shared library src/modules/shellprocess/libcalamares_job_shellprocess.so
[562/574] Linking CXX shared library src/modules/plasmalnf/libcalamares_viewmodule_plasmalnf.so
[563/574] Linking CXX shared library src/modules/summaryq/libcalamares_viewmodule_summaryq.so
[564/574] Linking CXX shared library src/modules/summary/libcalamares_viewmodule_summary.so
[565/574] Linking CXX shared library src/modules/umount/libcalamares_job_umount.so
[566/574] Linking CXX shared library src/modules/partition/libcalamares_viewmodule_partition.so
[567/574] Linking CXX shared library src/modules/tracking/libcalamares_viewmodule_tracking.so
[568/574] Building CXX object src/modules/zfs/CMakeFiles/calamares_job_zfs.dir/ZfsJob.cpp.o
[569/574] Linking CXX shared library src/modules/unpackfsc/libcalamares_job_unpackfsc.so
[570/574] Linking CXX shared library src/modules/users/libcalamares_viewmodule_users.so
[571/574] Linking CXX shared library src/modules/welcome/libcalamares_viewmodule_welcome.so
[572/574] Linking CXX shared library src/modules/usersq/libcalamares_viewmodule_usersq.so
[573/574] Linking CXX shared library src/modules/welcomeq/libcalamares_viewmodule_welcomeq.so
[574/574] Linking CXX shared library src/modules/zfs/libcalamares_job_zfs.so
buildPhase completed in 7 minutes 42 seconds
Running phase: glibPreInstallPhase
Running phase: installPhase
install flags: -j8 install
[1/2] cd /build/source/build/src/branding && /nix/store/hkldf6z3rlgdrkza4avb5r4hplr4kfa0-cmake-4.1.6/bin/cmake -E make_directory /build/source/build/src/branding/default/lang/ && /nix/store/hkldf6z3rlgdrkza4avb5r4hplr4kfa0-cmake-4.1.6/bin/cmake -E copy /build/source/build/src/branding/calamares-default_ar.qm /build/source/build/src/branding/calamares-default_en.qm /build/source/build/src/branding/calamares-default_eo.qm /build/source/build/src/branding/calamares-default_fr.qm /build/source/build/src/branding/calamares-default_nl.qm /build/source/build/src/branding/default/lang/
[1/2] Install the project...
-- Install configuration: "Release"
-- Installing: /nix/store/yhvpqh8zj2n31jhw25gb0yw0nc9v8zql-calamares-3.4.2/share/locale/ar/LC_MESSAGES/calamares-python.mo
-- Installing: /nix/store/yhvpqh8zj2n31jhw25gb0yw0nc9v8zql-calamares-3.4.2/share/locale/as/LC_MESSAGES/calamares-python.mo
-- Installing: /nix/store/yhvpqh8zj2n31jhw25gb0yw0nc9v8zql-calamares-3.4.2/share/locale/ast/LC_MESSAGES/calamares-python.mo
-- Installing: /nix/store/yhvpqh8zj2n31jhw25gb0yw0nc9v8zql-calamares-3.4.2/share/locale/az/LC_MESSAGES/calamares-python.mo
-- Installing: /nix/store/yhvpqh8zj2n31jhw25gb0yw0nc9v8zql-calamares-3.4.2/share/locale/az_AZ/LC_MESSAGES/calamares-python.mo
-- Installing: /nix/store/yhvpqh8zj2n31jhw25gb0yw0nc9v8zql-calamares-3.4.2/share/locale/be/LC_MESSAGES/calamares-python.mo
-- Installing: /nix/store/yhvpqh8zj2n31jhw25gb0yw0nc9v8zql-calamares-3.4.2/share/locale/bg/LC_MESSAGES/calamares-python.mo
-- Installing: /nix/store/yhvpqh8zj2n31jhw25gb0yw0nc9v8zql-calamares-3.4.2/share/locale/bn/LC_MESSAGES/calamares-python.mo
-- Installing: /nix/store/yhvpqh8zj2n31jhw25gb0yw0nc9v8zql-calamares-3.4.2/share/locale/ca/LC_MESSAGES/calamares-python.mo
-- Installing: /nix/store/yhvpqh8zj2n31jhw25gb0yw0nc9v8zql-calamares-3.4.2/share/locale/ca@valencia/LC_MESSAGES/calamares-python.mo
-- Installing: /nix/store/yhvpqh8zj2n31jhw25gb0yw0nc9v8zql-calamares-3.4.2/share/locale/cs_CZ/LC_MESSAGES/calamares-python.mo
-- Installing: /nix/store/yhvpqh8zj2n31jhw25gb0yw0nc9v8zql-calamares-3.4.2/share/locale/da/LC_MESSAGES/calamares-python.mo
-- Installing: /nix/store/yhvpqh8zj2n31jhw25gb0yw0nc9v8zql-calamares-3.4.2/share/locale/de/LC_MESSAGES/calamares-python.mo
-- Installing: /nix/store/yhvpqh8zj2n31jhw25gb0yw0nc9v8zql-calamares-3.4.2/share/locale/el/LC_MESSAGES/calamares-python.mo
-- Installing: /nix/store/yhvpqh8zj2n31jhw25gb0yw0nc9v8zql-calamares-3.4.2/share/locale/en_GB/LC_MESSAGES/calamares-python.mo
-- Installing: /nix/store/yhvpqh8zj2n31jhw25gb0yw0nc9v8zql-calamares-3.4.2/share/locale/eo/LC_MESSAGES/calamares-python.mo
-- Installing: /nix/store/yhvpqh8zj2n31jhw25gb0yw0nc9v8zql-calamares-3.4.2/share/locale/es/LC_MESSAGES/calamares-python.mo
-- Installing: /nix/store/yhvpqh8zj2n31jhw25gb0yw0nc9v8zql-calamares-3.4.2/share/locale/es_AR/LC_MESSAGES/calamares-python.mo
-- Installing: /nix/store/yhvpqh8zj2n31jhw25gb0yw0nc9v8zql-calamares-3.4.2/share/locale/es_MX/LC_MESSAGES/calamares-python.mo
-- Installing: /nix/store/yhvpqh8zj2n31jhw25gb0yw0nc9v8zql-calamares-3.4.2/share/locale/et/LC_MESSAGES/calamares-python.mo
-- Installing: /nix/store/yhvpqh8zj2n31jhw25gb0yw0nc9v8zql-calamares-3.4.2/share/locale/eu/LC_MESSAGES/calamares-python.mo
-- Installing: /nix/store/yhvpqh8zj2n31jhw25gb0yw0nc9v8zql-calamares-3.4.2/share/locale/fa/LC_MESSAGES/calamares-python.mo
-- Installing: /nix/store/yhvpqh8zj2n31jhw25gb0yw0nc9v8zql-calamares-3.4.2/share/locale/fi_FI/LC_MESSAGES/calamares-python.mo
-- Installing: /nix/store/yhvpqh8zj2n31jhw25gb0yw0nc9v8zql-calamares-3.4.2/share/locale/fr/LC_MESSAGES/calamares-python.mo
-- Installing: /nix/store/yhvpqh8zj2n31jhw25gb0yw0nc9v8zql-calamares-3.4.2/share/locale/fur/LC_MESSAGES/calamares-python.mo
-- Installing: /nix/store/yhvpqh8zj2n31jhw25gb0yw0nc9v8zql-calamares-3.4.2/share/locale/gl/LC_MESSAGES/calamares-python.mo
-- Installing: /nix/store/yhvpqh8zj2n31jhw25gb0yw0nc9v8zql-calamares-3.4.2/share/locale/he/LC_MESSAGES/calamares-python.mo
-- Installing: /nix/store/yhvpqh8zj2n31jhw25gb0yw0nc9v8zql-calamares-3.4.2/share/locale/hi/LC_MESSAGES/calamares-python.mo
-- Installing: /nix/store/yhvpqh8zj2n31jhw25gb0yw0nc9v8zql-calamares-3.4.2/share/locale/hr/LC_MESSAGES/calamares-python.mo
-- Installing: /nix/store/yhvpqh8zj2n31jhw25gb0yw0nc9v8zql-calamares-3.4.2/share/locale/hu/LC_MESSAGES/calamares-python.mo
-- Installing: /nix/store/yhvpqh8zj2n31jhw25gb0yw0nc9v8zql-calamares-3.4.2/share/locale/ia/LC_MESSAGES/calamares-python.mo
-- Installing: /nix/store/yhvpqh8zj2n31jhw25gb0yw0nc9v8zql-calamares-3.4.2/share/locale/id/LC_MESSAGES/calamares-python.mo
-- Installing: /nix/store/yhvpqh8zj2n31jhw25gb0yw0nc9v8zql-calamares-3.4.2/share/locale/is/LC_MESSAGES/calamares-python.mo
-- Installing: /nix/store/yhvpqh8zj2n31jhw25gb0yw0nc9v8zql-calamares-3.4.2/share/locale/it_IT/LC_MESSAGES/calamares-python.mo
-- Installing: /nix/store/yhvpqh8zj2n31jhw25gb0yw0nc9v8zql-calamares-3.4.2/share/locale/ja/LC_MESSAGES/calamares-python.mo
-- Installing: /nix/store/yhvpqh8zj2n31jhw25gb0yw0nc9v8zql-calamares-3.4.2/share/locale/ka/LC_MESSAGES/calamares-python.mo
-- Installing: /nix/store/yhvpqh8zj2n31jhw25gb0yw0nc9v8zql-calamares-3.4.2/share/locale/kk/LC_MESSAGES/calamares-python.mo
-- Installing: /nix/store/yhvpqh8zj2n31jhw25gb0yw0nc9v8zql-calamares-3.4.2/share/locale/ko/LC_MESSAGES/calamares-python.mo
-- Installing: /nix/store/yhvpqh8zj2n31jhw25gb0yw0nc9v8zql-calamares-3.4.2/share/locale/lg/LC_MESSAGES/calamares-python.mo
-- Installing: /nix/store/yhvpqh8zj2n31jhw25gb0yw0nc9v8zql-calamares-3.4.2/share/locale/lt/LC_MESSAGES/calamares-python.mo
-- Installing: /nix/store/yhvpqh8zj2n31jhw25gb0yw0nc9v8zql-calamares-3.4.2/share/locale/ml/LC_MESSAGES/calamares-python.mo
-- Installing: /nix/store/yhvpqh8zj2n31jhw25gb0yw0nc9v8zql-calamares-3.4.2/share/locale/mr/LC_MESSAGES/calamares-python.mo
-- Installing: /nix/store/yhvpqh8zj2n31jhw25gb0yw0nc9v8zql-calamares-3.4.2/share/locale/nb/LC_MESSAGES/calamares-python.mo
-- Installing: /nix/store/yhvpqh8zj2n31jhw25gb0yw0nc9v8zql-calamares-3.4.2/share/locale/nl/LC_MESSAGES/calamares-python.mo
-- Installing: /nix/store/yhvpqh8zj2n31jhw25gb0yw0nc9v8zql-calamares-3.4.2/share/locale/oc/LC_MESSAGES/calamares-python.mo
-- Installing: /nix/store/yhvpqh8zj2n31jhw25gb0yw0nc9v8zql-calamares-3.4.2/share/locale/pl/LC_MESSAGES/calamares-python.mo
-- Installing: /nix/store/yhvpqh8zj2n31jhw25gb0yw0nc9v8zql-calamares-3.4.2/share/locale/pt_BR/LC_MESSAGES/calamares-python.mo
-- Installing: /nix/store/yhvpqh8zj2n31jhw25gb0yw0nc9v8zql-calamares-3.4.2/share/locale/pt_PT/LC_MESSAGES/calamares-python.mo
-- Installing: /nix/store/yhvpqh8zj2n31jhw25gb0yw0nc9v8zql-calamares-3.4.2/share/locale/ro/LC_MESSAGES/calamares-python.mo
-- Installing: /nix/store/yhvpqh8zj2n31jhw25gb0yw0nc9v8zql-calamares-3.4.2/share/locale/ru/LC_MESSAGES/calamares-python.mo
-- Installing: /nix/store/yhvpqh8zj2n31jhw25gb0yw0nc9v8zql-calamares-3.4.2/share/locale/si/LC_MESSAGES/calamares-python.mo
-- Installing: /nix/store/yhvpqh8zj2n31jhw25gb0yw0nc9v8zql-calamares-3.4.2/share/locale/sk/LC_MESSAGES/calamares-python.mo
-- Installing: /nix/store/yhvpqh8zj2n31jhw25gb0yw0nc9v8zql-calamares-3.4.2/share/locale/sl/LC_MESSAGES/calamares-python.mo
-- Installing: /nix/store/yhvpqh8zj2n31jhw25gb0yw0nc9v8zql-calamares-3.4.2/share/locale/sq/LC_MESSAGES/calamares-python.mo
-- Installing: /nix/store/yhvpqh8zj2n31jhw25gb0yw0nc9v8zql-calamares-3.4.2/share/locale/sr/LC_MESSAGES/calamares-python.mo
-- Installing: /nix/store/yhvpqh8zj2n31jhw25gb0yw0nc9v8zql-calamares-3.4.2/share/locale/sr@latin/LC_MESSAGES/calamares-python.mo
-- Installing: /nix/store/yhvpqh8zj2n31jhw25gb0yw0nc9v8zql-calamares-3.4.2/share/locale/sv/LC_MESSAGES/calamares-python.mo
-- Installing: /nix/store/yhvpqh8zj2n31jhw25gb0yw0nc9v8zql-calamares-3.4.2/share/locale/tg/LC_MESSAGES/calamares-python.mo
-- Installing: /nix/store/yhvpqh8zj2n31jhw25gb0yw0nc9v8zql-calamares-3.4.2/share/locale/th/LC_MESSAGES/calamares-python.mo
-- Installing: /nix/store/yhvpqh8zj2n31jhw25gb0yw0nc9v8zql-calamares-3.4.2/share/locale/tr_TR/LC_MESSAGES/calamares-python.mo
-- Installing: /nix/store/yhvpqh8zj2n31jhw25gb0yw0nc9v8zql-calamares-3.4.2/share/locale/uk/LC_MESSAGES/calamares-python.mo
-- Installing: /nix/store/yhvpqh8zj2n31jhw25gb0yw0nc9v8zql-calamares-3.4.2/share/locale/uz/LC_MESSAGES/calamares-python.mo
-- Installing: /nix/store/yhvpqh8zj2n31jhw25gb0yw0nc9v8zql-calamares-3.4.2/share/locale/vi/LC_MESSAGES/calamares-python.mo
-- Installing: /nix/store/yhvpqh8zj2n31jhw25gb0yw0nc9v8zql-calamares-3.4.2/share/locale/zh_CN/LC_MESSAGES/calamares-python.mo
-- Installing: /nix/store/yhvpqh8zj2n31jhw25gb0yw0nc9v8zql-calamares-3.4.2/share/locale/zh_TW/LC_MESSAGES/calamares-python.mo
-- Installing: /nix/store/yhvpqh8zj2n31jhw25gb0yw0nc9v8zql-calamares-3.4.2/lib/libcalamares.so.3.4.2
-- Installing: /nix/store/yhvpqh8zj2n31jhw25gb0yw0nc9v8zql-calamares-3.4.2/lib/libcalamares.so.3.4
-- Installing: /nix/store/yhvpqh8zj2n31jhw25gb0yw0nc9v8zql-calamares-3.4.2/lib/libcalamares.so
-- Installing: /nix/store/yhvpqh8zj2n31jhw25gb0yw0nc9v8zql-calamares-3.4.2/include/libcalamares/CalamaresConfig.h
-- Installing: /nix/store/yhvpqh8zj2n31jhw25gb0yw0nc9v8zql-calamares-3.4.2/include/libcalamares/CalamaresVersion.h
-- Installing: /nix/store/yhvpqh8zj2n31jhw25gb0yw0nc9v8zql-calamares-3.4.2/include/libcalamares/CalamaresAbout.h
-- Installing: /nix/store/yhvpqh8zj2n31jhw25gb0yw0nc9v8zql-calamares-3.4.2/include/libcalamares/CppJob.h
-- Installing: /nix/store/yhvpqh8zj2n31jhw25gb0yw0nc9v8zql-calamares-3.4.2/include/libcalamares/DllMacro.h
-- Installing: /nix/store/yhvpqh8zj2n31jhw25gb0yw0nc9v8zql-calamares-3.4.2/include/libcalamares/GlobalStorage.h
-- Installing: /nix/store/yhvpqh8zj2n31jhw25gb0yw0nc9v8zql-calamares-3.4.2/include/libcalamares/Job.h
-- Installing: /nix/store/yhvpqh8zj2n31jhw25gb0yw0nc9v8zql-calamares-3.4.2/include/libcalamares/JobExample.h
-- Installing: /nix/store/yhvpqh8zj2n31jhw25gb0yw0nc9v8zql-calamares-3.4.2/include/libcalamares/JobQueue.h
-- Installing: /nix/store/yhvpqh8zj2n31jhw25gb0yw0nc9v8zql-calamares-3.4.2/include/libcalamares/ProcessJob.h
-- Installing: /nix/store/yhvpqh8zj2n31jhw25gb0yw0nc9v8zql-calamares-3.4.2/include/libcalamares/Settings.h
-- Installing: /nix/store/yhvpqh8zj2n31jhw25gb0yw0nc9v8zql-calamares-3.4.2/include/libcalamares/geoip/GeoIPFixed.h
-- Installing: /nix/store/yhvpqh8zj2n31jhw25gb0yw0nc9v8zql-calamares-3.4.2/include/libcalamares/geoip/GeoIPJSON.h
-- Installing: /nix/store/yhvpqh8zj2n31jhw25gb0yw0nc9v8zql-calamares-3.4.2/include/libcalamares/geoip/GeoIPTests.h
-- Installing: /nix/store/yhvpqh8zj2n31jhw25gb0yw0nc9v8zql-calamares-3.4.2/include/libcalamares/geoip/GeoIPXML.h
-- Installing: /nix/store/yhvpqh8zj2n31jhw25gb0yw0nc9v8zql-calamares-3.4.2/include/libcalamares/geoip/Handler.h
-- Installing: /nix/store/yhvpqh8zj2n31jhw25gb0yw0nc9v8zql-calamares-3.4.2/include/libcalamares/geoip/Interface.h
-- Installing: /nix/store/yhvpqh8zj2n31jhw25gb0yw0nc9v8zql-calamares-3.4.2/include/libcalamares/locale/Global.h
-- Installing: /nix/store/yhvpqh8zj2n31jhw25gb0yw0nc9v8zql-calamares-3.4.2/include/libcalamares/locale/Lookup.h
-- Installing: /nix/store/yhvpqh8zj2n31jhw25gb0yw0nc9v8zql-calamares-3.4.2/include/libcalamares/locale/TimeZone.h
-- Installing: /nix/store/yhvpqh8zj2n31jhw25gb0yw0nc9v8zql-calamares-3.4.2/include/libcalamares/locale/TranslatableConfiguration.h
-- Installing: /nix/store/yhvpqh8zj2n31jhw25gb0yw0nc9v8zql-calamares-3.4.2/include/libcalamares/locale/TranslatableString.h
-- Installing: /nix/store/yhvpqh8zj2n31jhw25gb0yw0nc9v8zql-calamares-3.4.2/include/libcalamares/locale/Translation.h
-- Installing: /nix/store/yhvpqh8zj2n31jhw25gb0yw0nc9v8zql-calamares-3.4.2/include/libcalamares/locale/TranslationsModel.h
-- Installing: /nix/store/yhvpqh8zj2n31jhw25gb0yw0nc9v8zql-calamares-3.4.2/include/libcalamares/modulesystem/Actions.h
-- Installing: /nix/store/yhvpqh8zj2n31jhw25gb0yw0nc9v8zql-calamares-3.4.2/include/libcalamares/modulesystem/Config.h
-- Installing: /nix/store/yhvpqh8zj2n31jhw25gb0yw0nc9v8zql-calamares-3.4.2/include/libcalamares/modulesystem/Descriptor.h
-- Installing: /nix/store/yhvpqh8zj2n31jhw25gb0yw0nc9v8zql-calamares-3.4.2/include/libcalamares/modulesystem/InstanceKey.h
-- Installing: /nix/store/yhvpqh8zj2n31jhw25gb0yw0nc9v8zql-calamares-3.4.2/include/libcalamares/modulesystem/Module.h
-- Installing: /nix/store/yhvpqh8zj2n31jhw25gb0yw0nc9v8zql-calamares-3.4.2/include/libcalamares/modulesystem/Preset.h
-- Installing: /nix/store/yhvpqh8zj2n31jhw25gb0yw0nc9v8zql-calamares-3.4.2/include/libcalamares/modulesystem/Requirement.h
-- Installing: /nix/store/yhvpqh8zj2n31jhw25gb0yw0nc9v8zql-calamares-3.4.2/include/libcalamares/modulesystem/RequirementsChecker.h
-- Installing: /nix/store/yhvpqh8zj2n31jhw25gb0yw0nc9v8zql-calamares-3.4.2/include/libcalamares/modulesystem/RequirementsModel.h
-- Installing: /nix/store/yhvpqh8zj2n31jhw25gb0yw0nc9v8zql-calamares-3.4.2/include/libcalamares/network/Manager.h
-- Installing: /nix/store/yhvpqh8zj2n31jhw25gb0yw0nc9v8zql-calamares-3.4.2/include/libcalamares/network/Tests.h
-- Installing: /nix/store/yhvpqh8zj2n31jhw25gb0yw0nc9v8zql-calamares-3.4.2/include/libcalamares/partition/AutoMount.h
-- Installing: /nix/store/yhvpqh8zj2n31jhw25gb0yw0nc9v8zql-calamares-3.4.2/include/libcalamares/partition/FileSystem.h
-- Installing: /nix/store/yhvpqh8zj2n31jhw25gb0yw0nc9v8zql-calamares-3.4.2/include/libcalamares/partition/Global.h
-- Installing: /nix/store/yhvpqh8zj2n31jhw25gb0yw0nc9v8zql-calamares-3.4.2/include/libcalamares/partition/KPMHelper.h
-- Installing: /nix/store/yhvpqh8zj2n31jhw25gb0yw0nc9v8zql-calamares-3.4.2/include/libcalamares/partition/KPMManager.h
-- Installing: /nix/store/yhvpqh8zj2n31jhw25gb0yw0nc9v8zql-calamares-3.4.2/include/libcalamares/partition/Mount.h
-- Installing: /nix/store/yhvpqh8zj2n31jhw25gb0yw0nc9v8zql-calamares-3.4.2/include/libcalamares/partition/PartitionIterator.h
-- Installing: /nix/store/yhvpqh8zj2n31jhw25gb0yw0nc9v8zql-calamares-3.4.2/include/libcalamares/partition/PartitionQuery.h
-- Installing: /nix/store/yhvpqh8zj2n31jhw25gb0yw0nc9v8zql-calamares-3.4.2/include/libcalamares/partition/PartitionSize.h
-- Installing: /nix/store/yhvpqh8zj2n31jhw25gb0yw0nc9v8zql-calamares-3.4.2/include/libcalamares/partition/Sync.h
-- Installing: /nix/store/yhvpqh8zj2n31jhw25gb0yw0nc9v8zql-calamares-3.4.2/include/libcalamares/utils/CommandList.h
-- Installing: /nix/store/yhvpqh8zj2n31jhw25gb0yw0nc9v8zql-calamares-3.4.2/include/libcalamares/utils/Dirs.h
-- Installing: /nix/store/yhvpqh8zj2n31jhw25gb0yw0nc9v8zql-calamares-3.4.2/include/libcalamares/utils/Entropy.h
-- Installing: /nix/store/yhvpqh8zj2n31jhw25gb0yw0nc9v8zql-calamares-3.4.2/include/libcalamares/utils/Logger.h
-- Installing: /nix/store/yhvpqh8zj2n31jhw25gb0yw0nc9v8zql-calamares-3.4.2/include/libcalamares/utils/NamedEnum.h
-- Installing: /nix/store/yhvpqh8zj2n31jhw25gb0yw0nc9v8zql-calamares-3.4.2/include/libcalamares/utils/NamedSuffix.h
-- Installing: /nix/store/yhvpqh8zj2n31jhw25gb0yw0nc9v8zql-calamares-3.4.2/include/libcalamares/utils/Permissions.h
-- Installing: /nix/store/yhvpqh8zj2n31jhw25gb0yw0nc9v8zql-calamares-3.4.2/include/libcalamares/utils/PluginFactory.h
-- Installing: /nix/store/yhvpqh8zj2n31jhw25gb0yw0nc9v8zql-calamares-3.4.2/include/libcalamares/utils/RAII.h
-- Installing: /nix/store/yhvpqh8zj2n31jhw25gb0yw0nc9v8zql-calamares-3.4.2/include/libcalamares/utils/Retranslator.h
-- Installing: /nix/store/yhvpqh8zj2n31jhw25gb0yw0nc9v8zql-calamares-3.4.2/include/libcalamares/utils/Runner.h
-- Installing: /nix/store/yhvpqh8zj2n31jhw25gb0yw0nc9v8zql-calamares-3.4.2/include/libcalamares/utils/String.h
-- Installing: /nix/store/yhvpqh8zj2n31jhw25gb0yw0nc9v8zql-calamares-3.4.2/include/libcalamares/utils/StringExpander.h
-- Installing: /nix/store/yhvpqh8zj2n31jhw25gb0yw0nc9v8zql-calamares-3.4.2/include/libcalamares/utils/System.h
-- Installing: /nix/store/yhvpqh8zj2n31jhw25gb0yw0nc9v8zql-calamares-3.4.2/include/libcalamares/utils/Traits.h
-- Installing: /nix/store/yhvpqh8zj2n31jhw25gb0yw0nc9v8zql-calamares-3.4.2/include/libcalamares/utils/UMask.h
-- Installing: /nix/store/yhvpqh8zj2n31jhw25gb0yw0nc9v8zql-calamares-3.4.2/include/libcalamares/utils/Units.h
-- Installing: /nix/store/yhvpqh8zj2n31jhw25gb0yw0nc9v8zql-calamares-3.4.2/include/libcalamares/utils/Variant.h
-- Installing: /nix/store/yhvpqh8zj2n31jhw25gb0yw0nc9v8zql-calamares-3.4.2/include/libcalamares/utils/Yaml.h
-- Installing: /nix/store/yhvpqh8zj2n31jhw25gb0yw0nc9v8zql-calamares-3.4.2/include/libcalamares/utils/moc-warnings.h
-- Installing: /nix/store/yhvpqh8zj2n31jhw25gb0yw0nc9v8zql-calamares-3.4.2/include/libcalamares/compat/CheckBox.h
-- Installing: /nix/store/yhvpqh8zj2n31jhw25gb0yw0nc9v8zql-calamares-3.4.2/include/libcalamares/compat/Mutex.h
-- Installing: /nix/store/yhvpqh8zj2n31jhw25gb0yw0nc9v8zql-calamares-3.4.2/include/libcalamares/compat/Size.h
-- Installing: /nix/store/yhvpqh8zj2n31jhw25gb0yw0nc9v8zql-calamares-3.4.2/include/libcalamares/compat/Variant.h
-- Installing: /nix/store/yhvpqh8zj2n31jhw25gb0yw0nc9v8zql-calamares-3.4.2/include/libcalamares/compat/Xml.h
-- Installing: /nix/store/yhvpqh8zj2n31jhw25gb0yw0nc9v8zql-calamares-3.4.2/include/libcalamares/packages/Globals.h
-- Installing: /nix/store/yhvpqh8zj2n31jhw25gb0yw0nc9v8zql-calamares-3.4.2/lib/libcalamaresui.so.3.4.2
-- Installing: /nix/store/yhvpqh8zj2n31jhw25gb0yw0nc9v8zql-calamares-3.4.2/lib/libcalamaresui.so.3.4
-- Set non-toolchain portion of runtime path of "/nix/store/yhvpqh8zj2n31jhw25gb0yw0nc9v8zql-calamares-3.4.2/lib/libcalamaresui.so.3.4.2" to ""
-- Installing: /nix/store/yhvpqh8zj2n31jhw25gb0yw0nc9v8zql-calamares-3.4.2/lib/libcalamaresui.so
-- Installing: /nix/store/yhvpqh8zj2n31jhw25gb0yw0nc9v8zql-calamares-3.4.2/include/libcalamares/Branding.h
-- Installing: /nix/store/yhvpqh8zj2n31jhw25gb0yw0nc9v8zql-calamares-3.4.2/include/libcalamares/ViewManager.h
-- Installing: /nix/store/yhvpqh8zj2n31jhw25gb0yw0nc9v8zql-calamares-3.4.2/include/libcalamares/modulesystem/CppJobModule.h
-- Installing: /nix/store/yhvpqh8zj2n31jhw25gb0yw0nc9v8zql-calamares-3.4.2/include/libcalamares/modulesystem/ModuleFactory.h
-- Installing: /nix/store/yhvpqh8zj2n31jhw25gb0yw0nc9v8zql-calamares-3.4.2/include/libcalamares/modulesystem/ModuleManager.h
-- Installing: /nix/store/yhvpqh8zj2n31jhw25gb0yw0nc9v8zql-calamares-3.4.2/include/libcalamares/modulesystem/ProcessJobModule.h
-- Installing: /nix/store/yhvpqh8zj2n31jhw25gb0yw0nc9v8zql-calamares-3.4.2/include/libcalamares/modulesystem/PythonJobModule.h
-- Installing: /nix/store/yhvpqh8zj2n31jhw25gb0yw0nc9v8zql-calamares-3.4.2/include/libcalamares/modulesystem/ViewModule.h
-- Installing: /nix/store/yhvpqh8zj2n31jhw25gb0yw0nc9v8zql-calamares-3.4.2/include/libcalamares/utils/Gui.h
-- Installing: /nix/store/yhvpqh8zj2n31jhw25gb0yw0nc9v8zql-calamares-3.4.2/include/libcalamares/utils/ImageRegistry.h
-- Installing: /nix/store/yhvpqh8zj2n31jhw25gb0yw0nc9v8zql-calamares-3.4.2/include/libcalamares/utils/Paste.h
-- Installing: /nix/store/yhvpqh8zj2n31jhw25gb0yw0nc9v8zql-calamares-3.4.2/include/libcalamares/utils/Qml.h
-- Installing: /nix/store/yhvpqh8zj2n31jhw25gb0yw0nc9v8zql-calamares-3.4.2/include/libcalamares/utils/QtCompat.h
-- Installing: /nix/store/yhvpqh8zj2n31jhw25gb0yw0nc9v8zql-calamares-3.4.2/include/libcalamares/viewpages/BlankViewStep.h
-- Installing: /nix/store/yhvpqh8zj2n31jhw25gb0yw0nc9v8zql-calamares-3.4.2/include/libcalamares/viewpages/ExecutionViewStep.h
-- Installing: /nix/store/yhvpqh8zj2n31jhw25gb0yw0nc9v8zql-calamares-3.4.2/include/libcalamares/viewpages/QmlViewStep.h
-- Installing: /nix/store/yhvpqh8zj2n31jhw25gb0yw0nc9v8zql-calamares-3.4.2/include/libcalamares/viewpages/Slideshow.h
-- Installing: /nix/store/yhvpqh8zj2n31jhw25gb0yw0nc9v8zql-calamares-3.4.2/include/libcalamares/viewpages/ViewStep.h
-- Installing: /nix/store/yhvpqh8zj2n31jhw25gb0yw0nc9v8zql-calamares-3.4.2/include/libcalamares/widgets/ClickableLabel.h
-- Installing: /nix/store/yhvpqh8zj2n31jhw25gb0yw0nc9v8zql-calamares-3.4.2/include/libcalamares/widgets/ErrorDialog.h
-- Installing: /nix/store/yhvpqh8zj2n31jhw25gb0yw0nc9v8zql-calamares-3.4.2/include/libcalamares/widgets/FixedAspectRatioLabel.h
-- Installing: /nix/store/yhvpqh8zj2n31jhw25gb0yw0nc9v8zql-calamares-3.4.2/include/libcalamares/widgets/LogWidget.h
-- Installing: /nix/store/yhvpqh8zj2n31jhw25gb0yw0nc9v8zql-calamares-3.4.2/include/libcalamares/widgets/PrettyRadioButton.h
-- Installing: /nix/store/yhvpqh8zj2n31jhw25gb0yw0nc9v8zql-calamares-3.4.2/include/libcalamares/widgets/TranslationFix.h
-- Installing: /nix/store/yhvpqh8zj2n31jhw25gb0yw0nc9v8zql-calamares-3.4.2/include/libcalamares/widgets/WaitingWidget.h
-- Installing: /nix/store/yhvpqh8zj2n31jhw25gb0yw0nc9v8zql-calamares-3.4.2/include/libcalamares/widgets/waitingspinnerwidget.h
-- Installing: /nix/store/yhvpqh8zj2n31jhw25gb0yw0nc9v8zql-calamares-3.4.2/share/calamares/qml/calamares/slideshow/BackButton.qml
-- Installing: /nix/store/yhvpqh8zj2n31jhw25gb0yw0nc9v8zql-calamares-3.4.2/share/calamares/qml/calamares/slideshow/ForwardButton.qml
-- Installing: /nix/store/yhvpqh8zj2n31jhw25gb0yw0nc9v8zql-calamares-3.4.2/share/calamares/qml/calamares/slideshow/NavButton.qml
-- Installing: /nix/store/yhvpqh8zj2n31jhw25gb0yw0nc9v8zql-calamares-3.4.2/share/calamares/qml/calamares/slideshow/Presentation.qml
-- Installing: /nix/store/yhvpqh8zj2n31jhw25gb0yw0nc9v8zql-calamares-3.4.2/share/calamares/qml/calamares/slideshow/Slide.qml
-- Installing: /nix/store/yhvpqh8zj2n31jhw25gb0yw0nc9v8zql-calamares-3.4.2/share/calamares/qml/calamares/slideshow/SlideCounter.qml
-- Installing: /nix/store/yhvpqh8zj2n31jhw25gb0yw0nc9v8zql-calamares-3.4.2/share/calamares/qml/calamares/slideshow/qmldir
-- Installing: /nix/store/yhvpqh8zj2n31jhw25gb0yw0nc9v8zql-calamares-3.4.2/share/calamares/qml/calamares/slideshow/qmldir.license
-- Installing: /nix/store/yhvpqh8zj2n31jhw25gb0yw0nc9v8zql-calamares-3.4.2/bin/calamares
-- Set non-toolchain portion of runtime path of "/nix/store/yhvpqh8zj2n31jhw25gb0yw0nc9v8zql-calamares-3.4.2/bin/calamares" to ""
-- Installing: /nix/store/yhvpqh8zj2n31jhw25gb0yw0nc9v8zql-calamares-3.4.2/share/icons/hicolor/scalable/apps/calamares.svg
-- Installing: /nix/store/yhvpqh8zj2n31jhw25gb0yw0nc9v8zql-calamares-3.4.2/lib/calamares/modules/bootloader/bootloader.schema.yaml
-- Installing: /nix/store/yhvpqh8zj2n31jhw25gb0yw0nc9v8zql-calamares-3.4.2/lib/calamares/modules/bootloader/main.py
-- Installing: /nix/store/yhvpqh8zj2n31jhw25gb0yw0nc9v8zql-calamares-3.4.2/lib/calamares/modules/bootloader/module.desc
-- Installing: /nix/store/yhvpqh8zj2n31jhw25gb0yw0nc9v8zql-calamares-3.4.2/lib/calamares/modules/bootloader/test.yaml
-- Installing: /nix/store/yhvpqh8zj2n31jhw25gb0yw0nc9v8zql-calamares-3.4.2/lib/calamares/modules/contextualprocess/libcalamares_job_contextualprocess.so
-- Set non-toolchain portion of runtime path of "/nix/store/yhvpqh8zj2n31jhw25gb0yw0nc9v8zql-calamares-3.4.2/lib/calamares/modules/contextualprocess/libcalamares_job_contextualprocess.so" to ""
-- Installing: /nix/store/yhvpqh8zj2n31jhw25gb0yw0nc9v8zql-calamares-3.4.2/lib/calamares/modules/contextualprocess/module.desc
-- Installing: /nix/store/yhvpqh8zj2n31jhw25gb0yw0nc9v8zql-calamares-3.4.2/lib/calamares/modules/displaymanager/displaymanager.schema.yaml
-- Installing: /nix/store/yhvpqh8zj2n31jhw25gb0yw0nc9v8zql-calamares-3.4.2/lib/calamares/modules/displaymanager/main.py
-- Installing: /nix/store/yhvpqh8zj2n31jhw25gb0yw0nc9v8zql-calamares-3.4.2/lib/calamares/modules/displaymanager/module.desc
-- Installing: /nix/store/yhvpqh8zj2n31jhw25gb0yw0nc9v8zql-calamares-3.4.2/lib/calamares/modules/dracut/dracut.schema.yaml
-- Installing: /nix/store/yhvpqh8zj2n31jhw25gb0yw0nc9v8zql-calamares-3.4.2/lib/calamares/modules/dracut/main.py
-- Installing: /nix/store/yhvpqh8zj2n31jhw25gb0yw0nc9v8zql-calamares-3.4.2/lib/calamares/modules/dracut/module.desc
-- Installing: /nix/store/yhvpqh8zj2n31jhw25gb0yw0nc9v8zql-calamares-3.4.2/lib/calamares/modules/dracutlukscfg/libcalamares_job_dracutlukscfg.so
-- Set non-toolchain portion of runtime path of "/nix/store/yhvpqh8zj2n31jhw25gb0yw0nc9v8zql-calamares-3.4.2/lib/calamares/modules/dracutlukscfg/libcalamares_job_dracutlukscfg.so" to ""
-- Installing: /nix/store/yhvpqh8zj2n31jhw25gb0yw0nc9v8zql-calamares-3.4.2/lib/calamares/modules/dracutlukscfg/module.desc
-- Installing: /nix/store/yhvpqh8zj2n31jhw25gb0yw0nc9v8zql-calamares-3.4.2/lib/calamares/modules/dummycpp/libcalamares_job_dummycpp.so
-- Set non-toolchain portion of runtime path of "/nix/store/yhvpqh8zj2n31jhw25gb0yw0nc9v8zql-calamares-3.4.2/lib/calamares/modules/dummycpp/libcalamares_job_dummycpp.so" to ""
-- Installing: /nix/store/yhvpqh8zj2n31jhw25gb0yw0nc9v8zql-calamares-3.4.2/lib/calamares/modules/dummycpp/module.desc
-- Installing: /nix/store/yhvpqh8zj2n31jhw25gb0yw0nc9v8zql-calamares-3.4.2/lib/calamares/modules/dummyprocess/module.desc
-- Installing: /nix/store/yhvpqh8zj2n31jhw25gb0yw0nc9v8zql-calamares-3.4.2/lib/calamares/modules/dummypython/main.py
-- Installing: /nix/store/yhvpqh8zj2n31jhw25gb0yw0nc9v8zql-calamares-3.4.2/lib/calamares/modules/dummypython/module.desc
-- Installing: /nix/store/yhvpqh8zj2n31jhw25gb0yw0nc9v8zql-calamares-3.4.2/lib/calamares/modules/finished/libcalamares_viewmodule_finished.so
-- Set non-toolchain portion of runtime path of "/nix/store/yhvpqh8zj2n31jhw25gb0yw0nc9v8zql-calamares-3.4.2/lib/calamares/modules/finished/libcalamares_viewmodule_finished.so" to ""
-- Installing: /nix/store/yhvpqh8zj2n31jhw25gb0yw0nc9v8zql-calamares-3.4.2/lib/calamares/modules/finished/module.desc
-- Installing: /nix/store/yhvpqh8zj2n31jhw25gb0yw0nc9v8zql-calamares-3.4.2/lib/calamares/modules/finishedq/libcalamares_viewmodule_finishedq.so
-- Set non-toolchain portion of runtime path of "/nix/store/yhvpqh8zj2n31jhw25gb0yw0nc9v8zql-calamares-3.4.2/lib/calamares/modules/finishedq/libcalamares_viewmodule_finishedq.so" to ""
-- Installing: /nix/store/yhvpqh8zj2n31jhw25gb0yw0nc9v8zql-calamares-3.4.2/lib/calamares/modules/finishedq/module.desc
-- Installing: /nix/store/yhvpqh8zj2n31jhw25gb0yw0nc9v8zql-calamares-3.4.2/lib/calamares/modules/fsresizer/libcalamares_job_fsresizer.so
-- Set non-toolchain portion of runtime path of "/nix/store/yhvpqh8zj2n31jhw25gb0yw0nc9v8zql-calamares-3.4.2/lib/calamares/modules/fsresizer/libcalamares_job_fsresizer.so" to ""
-- Installing: /nix/store/yhvpqh8zj2n31jhw25gb0yw0nc9v8zql-calamares-3.4.2/lib/calamares/modules/fsresizer/module.desc
-- Installing: /nix/store/yhvpqh8zj2n31jhw25gb0yw0nc9v8zql-calamares-3.4.2/lib/calamares/modules/fstab/fstab.schema.yaml
-- Installing: /nix/store/yhvpqh8zj2n31jhw25gb0yw0nc9v8zql-calamares-3.4.2/lib/calamares/modules/fstab/main.py
-- Installing: /nix/store/yhvpqh8zj2n31jhw25gb0yw0nc9v8zql-calamares-3.4.2/lib/calamares/modules/fstab/module.desc
-- Installing: /nix/store/yhvpqh8zj2n31jhw25gb0yw0nc9v8zql-calamares-3.4.2/lib/calamares/modules/fstab/test.yaml
-- Installing: /nix/store/yhvpqh8zj2n31jhw25gb0yw0nc9v8zql-calamares-3.4.2/lib/calamares/modules/fstab/test2.yaml
-- Installing: /nix/store/yhvpqh8zj2n31jhw25gb0yw0nc9v8zql-calamares-3.4.2/lib/calamares/modules/grubcfg/grubcfg.schema.yaml
-- Installing: /nix/store/yhvpqh8zj2n31jhw25gb0yw0nc9v8zql-calamares-3.4.2/lib/calamares/modules/grubcfg/main.py
-- Installing: /nix/store/yhvpqh8zj2n31jhw25gb0yw0nc9v8zql-calamares-3.4.2/lib/calamares/modules/grubcfg/module.desc
-- Installing: /nix/store/yhvpqh8zj2n31jhw25gb0yw0nc9v8zql-calamares-3.4.2/lib/calamares/modules/hostinfo/libcalamares_job_hostinfo.so
-- Set non-toolchain portion of runtime path of "/nix/store/yhvpqh8zj2n31jhw25gb0yw0nc9v8zql-calamares-3.4.2/lib/calamares/modules/hostinfo/libcalamares_job_hostinfo.so" to ""
-- Installing: /nix/store/yhvpqh8zj2n31jhw25gb0yw0nc9v8zql-calamares-3.4.2/lib/calamares/modules/hostinfo/module.desc
-- Installing: /nix/store/yhvpqh8zj2n31jhw25gb0yw0nc9v8zql-calamares-3.4.2/lib/calamares/modules/hwclock/main.py
-- Installing: /nix/store/yhvpqh8zj2n31jhw25gb0yw0nc9v8zql-calamares-3.4.2/lib/calamares/modules/hwclock/module.desc
-- Installing: /nix/store/yhvpqh8zj2n31jhw25gb0yw0nc9v8zql-calamares-3.4.2/lib/calamares/modules/initcpio/libcalamares_job_initcpio.so
-- Set non-toolchain portion of runtime path of "/nix/store/yhvpqh8zj2n31jhw25gb0yw0nc9v8zql-calamares-3.4.2/lib/calamares/modules/initcpio/libcalamares_job_initcpio.so" to ""
-- Installing: /nix/store/yhvpqh8zj2n31jhw25gb0yw0nc9v8zql-calamares-3.4.2/lib/calamares/modules/initcpio/module.desc
-- Installing: /nix/store/yhvpqh8zj2n31jhw25gb0yw0nc9v8zql-calamares-3.4.2/lib/calamares/modules/initcpiocfg/initcpiocfg.schema.yaml
-- Installing: /nix/store/yhvpqh8zj2n31jhw25gb0yw0nc9v8zql-calamares-3.4.2/lib/calamares/modules/initcpiocfg/main.py
-- Installing: /nix/store/yhvpqh8zj2n31jhw25gb0yw0nc9v8zql-calamares-3.4.2/lib/calamares/modules/initcpiocfg/module.desc
-- Installing: /nix/store/yhvpqh8zj2n31jhw25gb0yw0nc9v8zql-calamares-3.4.2/lib/calamares/modules/initcpiocfg/test.yaml
-- Installing: /nix/store/yhvpqh8zj2n31jhw25gb0yw0nc9v8zql-calamares-3.4.2/lib/calamares/modules/initramfs/libcalamares_job_initramfs.so
-- Set non-toolchain portion of runtime path of "/nix/store/yhvpqh8zj2n31jhw25gb0yw0nc9v8zql-calamares-3.4.2/lib/calamares/modules/initramfs/libcalamares_job_initramfs.so" to ""
-- Installing: /nix/store/yhvpqh8zj2n31jhw25gb0yw0nc9v8zql-calamares-3.4.2/lib/calamares/modules/initramfs/module.desc
-- Installing: /nix/store/yhvpqh8zj2n31jhw25gb0yw0nc9v8zql-calamares-3.4.2/lib/calamares/modules/initramfscfg/encrypt_hook
-- Installing: /nix/store/yhvpqh8zj2n31jhw25gb0yw0nc9v8zql-calamares-3.4.2/lib/calamares/modules/initramfscfg/encrypt_hook_nokey
-- Installing: /nix/store/yhvpqh8zj2n31jhw25gb0yw0nc9v8zql-calamares-3.4.2/lib/calamares/modules/initramfscfg/main.py
-- Installing: /nix/store/yhvpqh8zj2n31jhw25gb0yw0nc9v8zql-calamares-3.4.2/lib/calamares/modules/initramfscfg/module.desc
-- Installing: /nix/store/yhvpqh8zj2n31jhw25gb0yw0nc9v8zql-calamares-3.4.2/lib/calamares/modules/interactiveterminal/libcalamares_viewmodule_interactiveterminal.so
-- Set non-toolchain portion of runtime path of "/nix/store/yhvpqh8zj2n31jhw25gb0yw0nc9v8zql-calamares-3.4.2/lib/calamares/modules/interactiveterminal/libcalamares_viewmodule_interactiveterminal.so" to ""
-- Installing: /nix/store/yhvpqh8zj2n31jhw25gb0yw0nc9v8zql-calamares-3.4.2/lib/calamares/modules/interactiveterminal/module.desc
-- Installing: /nix/store/yhvpqh8zj2n31jhw25gb0yw0nc9v8zql-calamares-3.4.2/lib/calamares/modules/keyboard/libcalamares_viewmodule_keyboard.so
-- Set non-toolchain portion of runtime path of "/nix/store/yhvpqh8zj2n31jhw25gb0yw0nc9v8zql-calamares-3.4.2/lib/calamares/modules/keyboard/libcalamares_viewmodule_keyboard.so" to ""
-- Installing: /nix/store/yhvpqh8zj2n31jhw25gb0yw0nc9v8zql-calamares-3.4.2/lib/calamares/modules/keyboard/module.desc
-- Installing: /nix/store/yhvpqh8zj2n31jhw25gb0yw0nc9v8zql-calamares-3.4.2/lib/calamares/modules/keyboardq/libcalamares_viewmodule_keyboardq.so
-- Set non-toolchain portion of runtime path of "/nix/store/yhvpqh8zj2n31jhw25gb0yw0nc9v8zql-calamares-3.4.2/lib/calamares/modules/keyboardq/libcalamares_viewmodule_keyboardq.so" to ""
-- Installing: /nix/store/yhvpqh8zj2n31jhw25gb0yw0nc9v8zql-calamares-3.4.2/lib/calamares/modules/keyboardq/module.desc
-- Installing: /nix/store/yhvpqh8zj2n31jhw25gb0yw0nc9v8zql-calamares-3.4.2/lib/calamares/modules/license/libcalamares_viewmodule_license.so
-- Set non-toolchain portion of runtime path of "/nix/store/yhvpqh8zj2n31jhw25gb0yw0nc9v8zql-calamares-3.4.2/lib/calamares/modules/license/libcalamares_viewmodule_license.so" to ""
-- Installing: /nix/store/yhvpqh8zj2n31jhw25gb0yw0nc9v8zql-calamares-3.4.2/lib/calamares/modules/license/module.desc
-- Installing: /nix/store/yhvpqh8zj2n31jhw25gb0yw0nc9v8zql-calamares-3.4.2/lib/calamares/modules/locale/libcalamares_viewmodule_locale.so
-- Set non-toolchain portion of runtime path of "/nix/store/yhvpqh8zj2n31jhw25gb0yw0nc9v8zql-calamares-3.4.2/lib/calamares/modules/locale/libcalamares_viewmodule_locale.so" to ""
-- Installing: /nix/store/yhvpqh8zj2n31jhw25gb0yw0nc9v8zql-calamares-3.4.2/lib/calamares/modules/locale/module.desc
-- Installing: /nix/store/yhvpqh8zj2n31jhw25gb0yw0nc9v8zql-calamares-3.4.2/lib/calamares/modules/localecfg/main.py
-- Installing: /nix/store/yhvpqh8zj2n31jhw25gb0yw0nc9v8zql-calamares-3.4.2/lib/calamares/modules/localecfg/module.desc
-- Installing: /nix/store/yhvpqh8zj2n31jhw25gb0yw0nc9v8zql-calamares-3.4.2/lib/calamares/modules/localeq/libcalamares_viewmodule_localeq.so
-- Set non-toolchain portion of runtime path of "/nix/store/yhvpqh8zj2n31jhw25gb0yw0nc9v8zql-calamares-3.4.2/lib/calamares/modules/localeq/libcalamares_viewmodule_localeq.so" to ""
-- Installing: /nix/store/yhvpqh8zj2n31jhw25gb0yw0nc9v8zql-calamares-3.4.2/lib/calamares/modules/localeq/module.desc
-- Installing: /nix/store/yhvpqh8zj2n31jhw25gb0yw0nc9v8zql-calamares-3.4.2/lib/calamares/modules/luksbootkeyfile/libcalamares_job_luksbootkeyfile.so
-- Set non-toolchain portion of runtime path of "/nix/store/yhvpqh8zj2n31jhw25gb0yw0nc9v8zql-calamares-3.4.2/lib/calamares/modules/luksbootkeyfile/libcalamares_job_luksbootkeyfile.so" to ""
-- Installing: /nix/store/yhvpqh8zj2n31jhw25gb0yw0nc9v8zql-calamares-3.4.2/lib/calamares/modules/luksbootkeyfile/module.desc
-- Installing: /nix/store/yhvpqh8zj2n31jhw25gb0yw0nc9v8zql-calamares-3.4.2/lib/calamares/modules/luksopenswaphookcfg/libcalamares_job_luksopenswaphookcfg.so
-- Set non-toolchain portion of runtime path of "/nix/store/yhvpqh8zj2n31jhw25gb0yw0nc9v8zql-calamares-3.4.2/lib/calamares/modules/luksopenswaphookcfg/libcalamares_job_luksopenswaphookcfg.so" to ""
-- Installing: /nix/store/yhvpqh8zj2n31jhw25gb0yw0nc9v8zql-calamares-3.4.2/lib/calamares/modules/luksopenswaphookcfg/module.desc
-- Installing: /nix/store/yhvpqh8zj2n31jhw25gb0yw0nc9v8zql-calamares-3.4.2/lib/calamares/modules/machineid/libcalamares_job_machineid.so
-- Set non-toolchain portion of runtime path of "/nix/store/yhvpqh8zj2n31jhw25gb0yw0nc9v8zql-calamares-3.4.2/lib/calamares/modules/machineid/libcalamares_job_machineid.so" to ""
-- Installing: /nix/store/yhvpqh8zj2n31jhw25gb0yw0nc9v8zql-calamares-3.4.2/lib/calamares/modules/machineid/module.desc
-- Installing: /nix/store/yhvpqh8zj2n31jhw25gb0yw0nc9v8zql-calamares-3.4.2/lib/calamares/modules/mkinitfs/main.py
-- Installing: /nix/store/yhvpqh8zj2n31jhw25gb0yw0nc9v8zql-calamares-3.4.2/lib/calamares/modules/mkinitfs/module.desc
-- Installing: /nix/store/yhvpqh8zj2n31jhw25gb0yw0nc9v8zql-calamares-3.4.2/lib/calamares/modules/mount/main.py
-- Installing: /nix/store/yhvpqh8zj2n31jhw25gb0yw0nc9v8zql-calamares-3.4.2/lib/calamares/modules/mount/module.desc
-- Installing: /nix/store/yhvpqh8zj2n31jhw25gb0yw0nc9v8zql-calamares-3.4.2/lib/calamares/modules/mount/mount.schema.yaml
-- Installing: /nix/store/yhvpqh8zj2n31jhw25gb0yw0nc9v8zql-calamares-3.4.2/lib/calamares/modules/netinstall/libcalamares_viewmodule_netinstall.so
-- Set non-toolchain portion of runtime path of "/nix/store/yhvpqh8zj2n31jhw25gb0yw0nc9v8zql-calamares-3.4.2/lib/calamares/modules/netinstall/libcalamares_viewmodule_netinstall.so" to ""
-- Installing: /nix/store/yhvpqh8zj2n31jhw25gb0yw0nc9v8zql-calamares-3.4.2/lib/calamares/modules/netinstall/module.desc
-- Installing: /nix/store/yhvpqh8zj2n31jhw25gb0yw0nc9v8zql-calamares-3.4.2/lib/calamares/modules/networkcfg/main.py
-- Installing: /nix/store/yhvpqh8zj2n31jhw25gb0yw0nc9v8zql-calamares-3.4.2/lib/calamares/modules/networkcfg/module.desc
-- Installing: /nix/store/yhvpqh8zj2n31jhw25gb0yw0nc9v8zql-calamares-3.4.2/lib/calamares/modules/notesqml/libcalamares_viewmodule_notesqml.so
-- Set non-toolchain portion of runtime path of "/nix/store/yhvpqh8zj2n31jhw25gb0yw0nc9v8zql-calamares-3.4.2/lib/calamares/modules/notesqml/libcalamares_viewmodule_notesqml.so" to ""
-- Installing: /nix/store/yhvpqh8zj2n31jhw25gb0yw0nc9v8zql-calamares-3.4.2/lib/calamares/modules/notesqml/module.desc
-- Installing: /nix/store/yhvpqh8zj2n31jhw25gb0yw0nc9v8zql-calamares-3.4.2/lib/calamares/modules/oemid/libcalamares_viewmodule_oemid.so
-- Set non-toolchain portion of runtime path of "/nix/store/yhvpqh8zj2n31jhw25gb0yw0nc9v8zql-calamares-3.4.2/lib/calamares/modules/oemid/libcalamares_viewmodule_oemid.so" to ""
-- Installing: /nix/store/yhvpqh8zj2n31jhw25gb0yw0nc9v8zql-calamares-3.4.2/lib/calamares/modules/oemid/module.desc
-- Installing: /nix/store/yhvpqh8zj2n31jhw25gb0yw0nc9v8zql-calamares-3.4.2/lib/calamares/modules/openrcdmcryptcfg/main.py
-- Installing: /nix/store/yhvpqh8zj2n31jhw25gb0yw0nc9v8zql-calamares-3.4.2/lib/calamares/modules/openrcdmcryptcfg/module.desc
-- Installing: /nix/store/yhvpqh8zj2n31jhw25gb0yw0nc9v8zql-calamares-3.4.2/lib/calamares/modules/packagechooser/libcalamares_viewmodule_packagechooser.so
-- Set non-toolchain portion of runtime path of "/nix/store/yhvpqh8zj2n31jhw25gb0yw0nc9v8zql-calamares-3.4.2/lib/calamares/modules/packagechooser/libcalamares_viewmodule_packagechooser.so" to ""
-- Installing: /nix/store/yhvpqh8zj2n31jhw25gb0yw0nc9v8zql-calamares-3.4.2/lib/calamares/modules/packagechooser/module.desc
-- Installing: /nix/store/yhvpqh8zj2n31jhw25gb0yw0nc9v8zql-calamares-3.4.2/lib/calamares/modules/packagechooserq/libcalamares_viewmodule_packagechooserq.so
-- Set non-toolchain portion of runtime path of "/nix/store/yhvpqh8zj2n31jhw25gb0yw0nc9v8zql-calamares-3.4.2/lib/calamares/modules/packagechooserq/libcalamares_viewmodule_packagechooserq.so" to ""
-- Installing: /nix/store/yhvpqh8zj2n31jhw25gb0yw0nc9v8zql-calamares-3.4.2/lib/calamares/modules/packagechooserq/module.desc
-- Installing: /nix/store/yhvpqh8zj2n31jhw25gb0yw0nc9v8zql-calamares-3.4.2/lib/calamares/modules/packages/main.py
-- Installing: /nix/store/yhvpqh8zj2n31jhw25gb0yw0nc9v8zql-calamares-3.4.2/lib/calamares/modules/packages/module.desc
-- Installing: /nix/store/yhvpqh8zj2n31jhw25gb0yw0nc9v8zql-calamares-3.4.2/lib/calamares/modules/packages/packages.schema.yaml
-- Installing: /nix/store/yhvpqh8zj2n31jhw25gb0yw0nc9v8zql-calamares-3.4.2/lib/calamares/modules/partition/libcalamares_viewmodule_partition.so
-- Set non-toolchain portion of runtime path of "/nix/store/yhvpqh8zj2n31jhw25gb0yw0nc9v8zql-calamares-3.4.2/lib/calamares/modules/partition/libcalamares_viewmodule_partition.so" to ""
-- Installing: /nix/store/yhvpqh8zj2n31jhw25gb0yw0nc9v8zql-calamares-3.4.2/lib/calamares/modules/partition/module.desc
-- Installing: /nix/store/yhvpqh8zj2n31jhw25gb0yw0nc9v8zql-calamares-3.4.2/lib/calamares/modules/plasmalnf/libcalamares_viewmodule_plasmalnf.so
-- Set non-toolchain portion of runtime path of "/nix/store/yhvpqh8zj2n31jhw25gb0yw0nc9v8zql-calamares-3.4.2/lib/calamares/modules/plasmalnf/libcalamares_viewmodule_plasmalnf.so" to ""
-- Installing: /nix/store/yhvpqh8zj2n31jhw25gb0yw0nc9v8zql-calamares-3.4.2/lib/calamares/modules/plasmalnf/module.desc
-- Installing: /nix/store/yhvpqh8zj2n31jhw25gb0yw0nc9v8zql-calamares-3.4.2/lib/calamares/modules/plymouthcfg/main.py
-- Installing: /nix/store/yhvpqh8zj2n31jhw25gb0yw0nc9v8zql-calamares-3.4.2/lib/calamares/modules/plymouthcfg/module.desc
-- Installing: /nix/store/yhvpqh8zj2n31jhw25gb0yw0nc9v8zql-calamares-3.4.2/lib/calamares/modules/plymouthcfg/plymouthcfg.schema.yaml
-- Installing: /nix/store/yhvpqh8zj2n31jhw25gb0yw0nc9v8zql-calamares-3.4.2/lib/calamares/modules/preservefiles/libcalamares_job_preservefiles.so
-- Set non-toolchain portion of runtime path of "/nix/store/yhvpqh8zj2n31jhw25gb0yw0nc9v8zql-calamares-3.4.2/lib/calamares/modules/preservefiles/libcalamares_job_preservefiles.so" to ""
-- Installing: /nix/store/yhvpqh8zj2n31jhw25gb0yw0nc9v8zql-calamares-3.4.2/lib/calamares/modules/preservefiles/module.desc
-- Installing: /nix/store/yhvpqh8zj2n31jhw25gb0yw0nc9v8zql-calamares-3.4.2/lib/calamares/modules/rawfs/main.py
-- Installing: /nix/store/yhvpqh8zj2n31jhw25gb0yw0nc9v8zql-calamares-3.4.2/lib/calamares/modules/rawfs/module.desc
-- Installing: /nix/store/yhvpqh8zj2n31jhw25gb0yw0nc9v8zql-calamares-3.4.2/lib/calamares/modules/removeuser/libcalamares_job_removeuser.so
-- Set non-toolchain portion of runtime path of "/nix/store/yhvpqh8zj2n31jhw25gb0yw0nc9v8zql-calamares-3.4.2/lib/calamares/modules/removeuser/libcalamares_job_removeuser.so" to ""
-- Installing: /nix/store/yhvpqh8zj2n31jhw25gb0yw0nc9v8zql-calamares-3.4.2/lib/calamares/modules/removeuser/module.desc
-- Installing: /nix/store/yhvpqh8zj2n31jhw25gb0yw0nc9v8zql-calamares-3.4.2/lib/calamares/modules/services-openrc/main.py
-- Installing: /nix/store/yhvpqh8zj2n31jhw25gb0yw0nc9v8zql-calamares-3.4.2/lib/calamares/modules/services-openrc/module.desc
-- Installing: /nix/store/yhvpqh8zj2n31jhw25gb0yw0nc9v8zql-calamares-3.4.2/lib/calamares/modules/services-systemd/main.py
-- Installing: /nix/store/yhvpqh8zj2n31jhw25gb0yw0nc9v8zql-calamares-3.4.2/lib/calamares/modules/services-systemd/module.desc
-- Installing: /nix/store/yhvpqh8zj2n31jhw25gb0yw0nc9v8zql-calamares-3.4.2/lib/calamares/modules/services-systemd/services-systemd.schema.yaml
-- Installing: /nix/store/yhvpqh8zj2n31jhw25gb0yw0nc9v8zql-calamares-3.4.2/lib/calamares/modules/shellprocess/libcalamares_job_shellprocess.so
-- Set non-toolchain portion of runtime path of "/nix/store/yhvpqh8zj2n31jhw25gb0yw0nc9v8zql-calamares-3.4.2/lib/calamares/modules/shellprocess/libcalamares_job_shellprocess.so" to ""
-- Installing: /nix/store/yhvpqh8zj2n31jhw25gb0yw0nc9v8zql-calamares-3.4.2/lib/calamares/modules/shellprocess/module.desc
-- Installing: /nix/store/yhvpqh8zj2n31jhw25gb0yw0nc9v8zql-calamares-3.4.2/lib/calamares/modules/summary/libcalamares_viewmodule_summary.so
-- Set non-toolchain portion of runtime path of "/nix/store/yhvpqh8zj2n31jhw25gb0yw0nc9v8zql-calamares-3.4.2/lib/calamares/modules/summary/libcalamares_viewmodule_summary.so" to ""
-- Installing: /nix/store/yhvpqh8zj2n31jhw25gb0yw0nc9v8zql-calamares-3.4.2/lib/calamares/modules/summary/module.desc
-- Installing: /nix/store/yhvpqh8zj2n31jhw25gb0yw0nc9v8zql-calamares-3.4.2/lib/calamares/modules/summaryq/libcalamares_viewmodule_summaryq.so
-- Set non-toolchain portion of runtime path of "/nix/store/yhvpqh8zj2n31jhw25gb0yw0nc9v8zql-calamares-3.4.2/lib/calamares/modules/summaryq/libcalamares_viewmodule_summaryq.so" to ""
-- Installing: /nix/store/yhvpqh8zj2n31jhw25gb0yw0nc9v8zql-calamares-3.4.2/lib/calamares/modules/summaryq/module.desc
-- Installing: /nix/store/yhvpqh8zj2n31jhw25gb0yw0nc9v8zql-calamares-3.4.2/lib/calamares/modules/tracking/libcalamares_viewmodule_tracking.so
-- Set non-toolchain portion of runtime path of "/nix/store/yhvpqh8zj2n31jhw25gb0yw0nc9v8zql-calamares-3.4.2/lib/calamares/modules/tracking/libcalamares_viewmodule_tracking.so" to ""
-- Installing: /nix/store/yhvpqh8zj2n31jhw25gb0yw0nc9v8zql-calamares-3.4.2/lib/calamares/modules/tracking/module.desc
-- Installing: /nix/store/yhvpqh8zj2n31jhw25gb0yw0nc9v8zql-calamares-3.4.2/lib/calamares/modules/umount/libcalamares_job_umount.so
-- Set non-toolchain portion of runtime path of "/nix/store/yhvpqh8zj2n31jhw25gb0yw0nc9v8zql-calamares-3.4.2/lib/calamares/modules/umount/libcalamares_job_umount.so" to ""
-- Installing: /nix/store/yhvpqh8zj2n31jhw25gb0yw0nc9v8zql-calamares-3.4.2/lib/calamares/modules/umount/module.desc
-- Installing: /nix/store/yhvpqh8zj2n31jhw25gb0yw0nc9v8zql-calamares-3.4.2/lib/calamares/modules/unpackfs/main.py
-- Installing: /nix/store/yhvpqh8zj2n31jhw25gb0yw0nc9v8zql-calamares-3.4.2/lib/calamares/modules/unpackfs/module.desc
-- Installing: /nix/store/yhvpqh8zj2n31jhw25gb0yw0nc9v8zql-calamares-3.4.2/lib/calamares/modules/unpackfs/runtests.sh
-- Installing: /nix/store/yhvpqh8zj2n31jhw25gb0yw0nc9v8zql-calamares-3.4.2/lib/calamares/modules/unpackfs/unpackfs.schema.yaml
-- Installing: /nix/store/yhvpqh8zj2n31jhw25gb0yw0nc9v8zql-calamares-3.4.2/lib/calamares/modules/unpackfsc/libcalamares_job_unpackfsc.so
-- Set non-toolchain portion of runtime path of "/nix/store/yhvpqh8zj2n31jhw25gb0yw0nc9v8zql-calamares-3.4.2/lib/calamares/modules/unpackfsc/libcalamares_job_unpackfsc.so" to ""
-- Installing: /nix/store/yhvpqh8zj2n31jhw25gb0yw0nc9v8zql-calamares-3.4.2/lib/calamares/modules/unpackfsc/module.desc
-- Installing: /nix/store/yhvpqh8zj2n31jhw25gb0yw0nc9v8zql-calamares-3.4.2/lib/calamares/modules/users/libcalamares_viewmodule_users.so
-- Set non-toolchain portion of runtime path of "/nix/store/yhvpqh8zj2n31jhw25gb0yw0nc9v8zql-calamares-3.4.2/lib/calamares/modules/users/libcalamares_viewmodule_users.so" to ""
-- Installing: /nix/store/yhvpqh8zj2n31jhw25gb0yw0nc9v8zql-calamares-3.4.2/lib/calamares/modules/users/module.desc
-- Installing: /nix/store/yhvpqh8zj2n31jhw25gb0yw0nc9v8zql-calamares-3.4.2/lib/calamares/modules/usersq/libcalamares_viewmodule_usersq.so
-- Set non-toolchain portion of runtime path of "/nix/store/yhvpqh8zj2n31jhw25gb0yw0nc9v8zql-calamares-3.4.2/lib/calamares/modules/usersq/libcalamares_viewmodule_usersq.so" to ""
-- Installing: /nix/store/yhvpqh8zj2n31jhw25gb0yw0nc9v8zql-calamares-3.4.2/lib/calamares/modules/usersq/module.desc
-- Installing: /nix/store/yhvpqh8zj2n31jhw25gb0yw0nc9v8zql-calamares-3.4.2/lib/calamares/modules/welcome/libcalamares_viewmodule_welcome.so
-- Set non-toolchain portion of runtime path of "/nix/store/yhvpqh8zj2n31jhw25gb0yw0nc9v8zql-calamares-3.4.2/lib/calamares/modules/welcome/libcalamares_viewmodule_welcome.so" to ""
-- Installing: /nix/store/yhvpqh8zj2n31jhw25gb0yw0nc9v8zql-calamares-3.4.2/lib/calamares/modules/welcome/module.desc
-- Installing: /nix/store/yhvpqh8zj2n31jhw25gb0yw0nc9v8zql-calamares-3.4.2/lib/calamares/modules/welcomeq/libcalamares_viewmodule_welcomeq.so
-- Set non-toolchain portion of runtime path of "/nix/store/yhvpqh8zj2n31jhw25gb0yw0nc9v8zql-calamares-3.4.2/lib/calamares/modules/welcomeq/libcalamares_viewmodule_welcomeq.so" to ""
-- Installing: /nix/store/yhvpqh8zj2n31jhw25gb0yw0nc9v8zql-calamares-3.4.2/lib/calamares/modules/welcomeq/module.desc
-- Installing: /nix/store/yhvpqh8zj2n31jhw25gb0yw0nc9v8zql-calamares-3.4.2/lib/calamares/modules/zfs/libcalamares_job_zfs.so
-- Set non-toolchain portion of runtime path of "/nix/store/yhvpqh8zj2n31jhw25gb0yw0nc9v8zql-calamares-3.4.2/lib/calamares/modules/zfs/libcalamares_job_zfs.so" to ""
-- Installing: /nix/store/yhvpqh8zj2n31jhw25gb0yw0nc9v8zql-calamares-3.4.2/lib/calamares/modules/zfs/module.desc
-- Installing: /nix/store/yhvpqh8zj2n31jhw25gb0yw0nc9v8zql-calamares-3.4.2/lib/calamares/modules/zfshostid/main.py
-- Installing: /nix/store/yhvpqh8zj2n31jhw25gb0yw0nc9v8zql-calamares-3.4.2/lib/calamares/modules/zfshostid/module.desc
-- Installing: /nix/store/yhvpqh8zj2n31jhw25gb0yw0nc9v8zql-calamares-3.4.2/lib/calamares/modules/zfshostid/zfshostid.schema.yaml
-- Installing: /nix/store/yhvpqh8zj2n31jhw25gb0yw0nc9v8zql-calamares-3.4.2/share/calamares/branding/default/banner.png
-- Installing: /nix/store/yhvpqh8zj2n31jhw25gb0yw0nc9v8zql-calamares-3.4.2/share/calamares/branding/default/banner.png.license
-- Installing: /nix/store/yhvpqh8zj2n31jhw25gb0yw0nc9v8zql-calamares-3.4.2/share/calamares/branding/default/branding.desc
-- Installing: /nix/store/yhvpqh8zj2n31jhw25gb0yw0nc9v8zql-calamares-3.4.2/share/calamares/branding/default/languages.png
-- Installing: /nix/store/yhvpqh8zj2n31jhw25gb0yw0nc9v8zql-calamares-3.4.2/share/calamares/branding/default/languages.png.license
-- Installing: /nix/store/yhvpqh8zj2n31jhw25gb0yw0nc9v8zql-calamares-3.4.2/share/calamares/branding/default/show.qml
-- Installing: /nix/store/yhvpqh8zj2n31jhw25gb0yw0nc9v8zql-calamares-3.4.2/share/calamares/branding/default/squid.png
-- Installing: /nix/store/yhvpqh8zj2n31jhw25gb0yw0nc9v8zql-calamares-3.4.2/share/calamares/branding/default/squid.png.license
-- Installing: /nix/store/yhvpqh8zj2n31jhw25gb0yw0nc9v8zql-calamares-3.4.2/share/calamares/branding/default/stylesheet.qss
-- Installing: /nix/store/yhvpqh8zj2n31jhw25gb0yw0nc9v8zql-calamares-3.4.2/share/calamares/branding/default/lang/calamares-default_ar.qm
-- Installing: /nix/store/yhvpqh8zj2n31jhw25gb0yw0nc9v8zql-calamares-3.4.2/share/calamares/branding/default/lang/calamares-default_en.qm
-- Installing: /nix/store/yhvpqh8zj2n31jhw25gb0yw0nc9v8zql-calamares-3.4.2/share/calamares/branding/default/lang/calamares-default_eo.qm
-- Installing: /nix/store/yhvpqh8zj2n31jhw25gb0yw0nc9v8zql-calamares-3.4.2/share/calamares/branding/default/lang/calamares-default_fr.qm
-- Installing: /nix/store/yhvpqh8zj2n31jhw25gb0yw0nc9v8zql-calamares-3.4.2/share/calamares/branding/default/lang/calamares-default_nl.qm
-- Installing: /nix/store/yhvpqh8zj2n31jhw25gb0yw0nc9v8zql-calamares-3.4.2/lib/cmake/Calamares/CalamaresTargets.cmake
-- Installing: /nix/store/yhvpqh8zj2n31jhw25gb0yw0nc9v8zql-calamares-3.4.2/lib/cmake/Calamares/CalamaresTargets-release.cmake
-- Installing: /nix/store/yhvpqh8zj2n31jhw25gb0yw0nc9v8zql-calamares-3.4.2/lib/cmake/Calamares/CalamaresConfig.cmake
-- Installing: /nix/store/yhvpqh8zj2n31jhw25gb0yw0nc9v8zql-calamares-3.4.2/lib/cmake/Calamares/CalamaresConfigVersion.cmake
-- Installing: /nix/store/yhvpqh8zj2n31jhw25gb0yw0nc9v8zql-calamares-3.4.2/lib/cmake/Calamares/CalamaresAddBrandingSubdirectory.cmake
-- Installing: /nix/store/yhvpqh8zj2n31jhw25gb0yw0nc9v8zql-calamares-3.4.2/lib/cmake/Calamares/CalamaresAddLibrary.cmake
-- Installing: /nix/store/yhvpqh8zj2n31jhw25gb0yw0nc9v8zql-calamares-3.4.2/lib/cmake/Calamares/CalamaresAddModuleSubdirectory.cmake
-- Installing: /nix/store/yhvpqh8zj2n31jhw25gb0yw0nc9v8zql-calamares-3.4.2/lib/cmake/Calamares/CalamaresAddPlugin.cmake
-- Installing: /nix/store/yhvpqh8zj2n31jhw25gb0yw0nc9v8zql-calamares-3.4.2/lib/cmake/Calamares/CalamaresAddTest.cmake
-- Installing: /nix/store/yhvpqh8zj2n31jhw25gb0yw0nc9v8zql-calamares-3.4.2/lib/cmake/Calamares/CalamaresAddTranslations.cmake
-- Installing: /nix/store/yhvpqh8zj2n31jhw25gb0yw0nc9v8zql-calamares-3.4.2/lib/cmake/Calamares/CalamaresAutomoc.cmake
-- Installing: /nix/store/yhvpqh8zj2n31jhw25gb0yw0nc9v8zql-calamares-3.4.2/lib/cmake/Calamares/CalamaresCheckModuleSelection.cmake
-- Installing: /nix/store/yhvpqh8zj2n31jhw25gb0yw0nc9v8zql-calamares-3.4.2/lib/cmake/Calamares/CMakeColors.cmake
-- Installing: /nix/store/yhvpqh8zj2n31jhw25gb0yw0nc9v8zql-calamares-3.4.2/lib/cmake/Calamares/FindYAMLCPP.cmake
-- Installing: /nix/store/yhvpqh8zj2n31jhw25gb0yw0nc9v8zql-calamares-3.4.2/share/polkit-1/actions/io.calamares.calamares.policy
-- Installing: /nix/store/yhvpqh8zj2n31jhw25gb0yw0nc9v8zql-calamares-3.4.2/share/applications/calamares.desktop
-- Installing: /nix/store/yhvpqh8zj2n31jhw25gb0yw0nc9v8zql-calamares-3.4.2/share/man/man8/calamares.8
Running phase: qtOwnPathsHook
Running phase: fixupPhase
wrapping Qt applications in /nix/store/yhvpqh8zj2n31jhw25gb0yw0nc9v8zql-calamares-3.4.2/bin /nix/store/yhvpqh8zj2n31jhw25gb0yw0nc9v8zql-calamares-3.4.2/sbin /nix/store/yhvpqh8zj2n31jhw25gb0yw0nc9v8zql-calamares-3.4.2/libexec /nix/store/yhvpqh8zj2n31jhw25gb0yw0nc9v8zql-calamares-3.4.2/Applications
wrapping /nix/store/yhvpqh8zj2n31jhw25gb0yw0nc9v8zql-calamares-3.4.2/bin/calamares
separating debug info from /nix/store/yhvpqh8zj2n31jhw25gb0yw0nc9v8zql-calamares-3.4.2/bin/.calamares-wrapped (build ID ff453d63c10f1be78f1b23fa3e7924704a0e5a3e)
separate-debug-info: copying patched source files to /nix/store/cipdhm9za5aqnsw1pnsp806i48b78jc5-calamares-3.4.2-debug/src/overlay...
/build /build/source/build
'source/CMakeLists.txt' -> '/nix/store/cipdhm9za5aqnsw1pnsp806i48b78jc5-calamares-3.4.2-debug/src/overlay/source/CMakeLists.txt'
'source/src/modules/locale/SetTimezoneJob.cpp' -> '/nix/store/cipdhm9za5aqnsw1pnsp806i48b78jc5-calamares-3.4.2-debug/src/overlay/source/src/modules/locale/SetTimezoneJob.cpp'
'source/src/modules/partition/gui/EditExistingPartitionDialog.cpp' -> '/nix/store/cipdhm9za5aqnsw1pnsp806i48b78jc5-calamares-3.4.2-debug/src/overlay/source/src/modules/partition/gui/EditExistingPartitionDialog.cpp'
'source/src/modules/partition/gui/CreatePartitionDialog.cpp' -> '/nix/store/cipdhm9za5aqnsw1pnsp806i48b78jc5-calamares-3.4.2-debug/src/overlay/source/src/modules/partition/gui/CreatePartitionDialog.cpp'
'source/src/modules/keyboard/keyboardwidget/keyboardglobal.cpp' -> '/nix/store/cipdhm9za5aqnsw1pnsp806i48b78jc5-calamares-3.4.2-debug/src/overlay/source/src/modules/keyboard/keyboardwidget/keyboardglobal.cpp'
'source/src/modules/users/Config.cpp' -> '/nix/store/cipdhm9za5aqnsw1pnsp806i48b78jc5-calamares-3.4.2-debug/src/overlay/source/src/modules/users/Config.cpp'
'source/src/libcalamares/locale/TimeZone.cpp' -> '/nix/store/cipdhm9za5aqnsw1pnsp806i48b78jc5-calamares-3.4.2-debug/src/overlay/source/src/libcalamares/locale/TimeZone.cpp'
'source/io.calamares.calamares.policy' -> '/nix/store/cipdhm9za5aqnsw1pnsp806i48b78jc5-calamares-3.4.2-debug/src/overlay/source/io.calamares.calamares.policy'
/build/source/build
separating debug info from /nix/store/yhvpqh8zj2n31jhw25gb0yw0nc9v8zql-calamares-3.4.2/bin/calamares (build ID 1f241ea5c3a3779b144d794ef0dec84d25102e04)
separating debug info from /nix/store/yhvpqh8zj2n31jhw25gb0yw0nc9v8zql-calamares-3.4.2/lib/calamares/modules/contextualprocess/libcalamares_job_contextualprocess.so (build ID a0c7279f2d539e3b0c643ba09f40dc1077ef0cd4)
separating debug info from /nix/store/yhvpqh8zj2n31jhw25gb0yw0nc9v8zql-calamares-3.4.2/lib/calamares/modules/dracutlukscfg/libcalamares_job_dracutlukscfg.so (build ID 88fb1a8ea3dbf3ac188acd46ceb09be667333ddf)
separating debug info from /nix/store/yhvpqh8zj2n31jhw25gb0yw0nc9v8zql-calamares-3.4.2/lib/calamares/modules/dummycpp/libcalamares_job_dummycpp.so (build ID 396cb54f98b63f0ecedb688e75e645976b78c04f)
separating debug info from /nix/store/yhvpqh8zj2n31jhw25gb0yw0nc9v8zql-calamares-3.4.2/lib/calamares/modules/finished/libcalamares_viewmodule_finished.so (build ID 63f8fe4b9a728c1a34eb221c3a3f8657dee44e4f)
separating debug info from /nix/store/yhvpqh8zj2n31jhw25gb0yw0nc9v8zql-calamares-3.4.2/lib/calamares/modules/finishedq/libcalamares_viewmodule_finishedq.so (build ID e54ec4ce1c2ffc99d8edae9cb31a86aaeefa2d7e)
separating debug info from /nix/store/yhvpqh8zj2n31jhw25gb0yw0nc9v8zql-calamares-3.4.2/lib/calamares/modules/fsresizer/libcalamares_job_fsresizer.so (build ID e2e211cc758b92a823849e2fee061f0f0bdfaf22)
separating debug info from /nix/store/yhvpqh8zj2n31jhw25gb0yw0nc9v8zql-calamares-3.4.2/lib/calamares/modules/hostinfo/libcalamares_job_hostinfo.so (build ID 883b993c05fc6b5df62ce4b54bac65f2d6876828)
separating debug info from /nix/store/yhvpqh8zj2n31jhw25gb0yw0nc9v8zql-calamares-3.4.2/lib/calamares/modules/initcpio/libcalamares_job_initcpio.so (build ID 5160dbfc8075ff3d6248460995639b19bf36783d)
separating debug info from /nix/store/yhvpqh8zj2n31jhw25gb0yw0nc9v8zql-calamares-3.4.2/lib/calamares/modules/initramfs/libcalamares_job_initramfs.so (build ID 7ece45f50790fb5a610d48b7a204054bc755188d)
separating debug info from /nix/store/yhvpqh8zj2n31jhw25gb0yw0nc9v8zql-calamares-3.4.2/lib/calamares/modules/interactiveterminal/libcalamares_viewmodule_interactiveterminal.so (build ID 170edd5e65d5b4bea2e653ae714e1429c7fd9691)
separating debug info from /nix/store/yhvpqh8zj2n31jhw25gb0yw0nc9v8zql-calamares-3.4.2/lib/calamares/modules/keyboard/libcalamares_viewmodule_keyboard.so (build ID c7e63d2107d6b4fa5748db1af10d81ff9617491c)
separating debug info from /nix/store/yhvpqh8zj2n31jhw25gb0yw0nc9v8zql-calamares-3.4.2/lib/calamares/modules/keyboardq/libcalamares_viewmodule_keyboardq.so (build ID 485761bd4201cf15218d7293129cecf4f3aca482)
separating debug info from /nix/store/yhvpqh8zj2n31jhw25gb0yw0nc9v8zql-calamares-3.4.2/lib/calamares/modules/license/libcalamares_viewmodule_license.so (build ID f7ec1587ef6e62afa9d73567b489c411f1021522)
separating debug info from /nix/store/yhvpqh8zj2n31jhw25gb0yw0nc9v8zql-calamares-3.4.2/lib/calamares/modules/locale/libcalamares_viewmodule_locale.so (build ID 9200c6bced6fba7b03c8ecff5fe6fdab0f972d13)
separating debug info from /nix/store/yhvpqh8zj2n31jhw25gb0yw0nc9v8zql-calamares-3.4.2/lib/calamares/modules/localeq/libcalamares_viewmodule_localeq.so (build ID 2e76410ad0138e797f4bb5b957fd018719fac502)
separating debug info from /nix/store/yhvpqh8zj2n31jhw25gb0yw0nc9v8zql-calamares-3.4.2/lib/calamares/modules/luksbootkeyfile/libcalamares_job_luksbootkeyfile.so (build ID 4f1c288c1e47b871225fcfbcdc1520902ae77f2b)
separating debug info from /nix/store/yhvpqh8zj2n31jhw25gb0yw0nc9v8zql-calamares-3.4.2/lib/calamares/modules/luksopenswaphookcfg/libcalamares_job_luksopenswaphookcfg.so (build ID 6516a07451f6569d84905bc4e335ee902d34e64d)
separating debug info from /nix/store/yhvpqh8zj2n31jhw25gb0yw0nc9v8zql-calamares-3.4.2/lib/calamares/modules/machineid/libcalamares_job_machineid.so (build ID 7a20d225f037b3df187cece3b321786c385c6f8c)
separating debug info from /nix/store/yhvpqh8zj2n31jhw25gb0yw0nc9v8zql-calamares-3.4.2/lib/calamares/modules/netinstall/libcalamares_viewmodule_netinstall.so (build ID c3941eaea4f9042f2b2b6c8087deddb8a85a4ff5)
separating debug info from /nix/store/yhvpqh8zj2n31jhw25gb0yw0nc9v8zql-calamares-3.4.2/lib/calamares/modules/notesqml/libcalamares_viewmodule_notesqml.so (build ID bb9592d9085f830c42633c7de06e002810b04fd7)
separating debug info from /nix/store/yhvpqh8zj2n31jhw25gb0yw0nc9v8zql-calamares-3.4.2/lib/calamares/modules/oemid/libcalamares_viewmodule_oemid.so (build ID 248f22ddf86fc62baa26ccc94e6281acda099151)
separating debug info from /nix/store/yhvpqh8zj2n31jhw25gb0yw0nc9v8zql-calamares-3.4.2/lib/calamares/modules/packagechooser/libcalamares_viewmodule_packagechooser.so (build ID bce57e2a939eaa1e5a17c12274969e89a8fce7bf)
separating debug info from /nix/store/yhvpqh8zj2n31jhw25gb0yw0nc9v8zql-calamares-3.4.2/lib/calamares/modules/packagechooserq/libcalamares_viewmodule_packagechooserq.so (build ID a1470d73ceccad9925ccad4c9509b95217007ae9)
separating debug info from /nix/store/yhvpqh8zj2n31jhw25gb0yw0nc9v8zql-calamares-3.4.2/lib/calamares/modules/partition/libcalamares_viewmodule_partition.so (build ID 1522793f5883f8e3f3e009ec8c3dab15dfd7e8d7)
separating debug info from /nix/store/yhvpqh8zj2n31jhw25gb0yw0nc9v8zql-calamares-3.4.2/lib/calamares/modules/plasmalnf/libcalamares_viewmodule_plasmalnf.so (build ID d7162937de4d26c86b237c7969b580de711dd851)
separating debug info from /nix/store/yhvpqh8zj2n31jhw25gb0yw0nc9v8zql-calamares-3.4.2/lib/calamares/modules/preservefiles/libcalamares_job_preservefiles.so (build ID 95b57c046bd88129f544a19462d579a747f9673c)
separating debug info from /nix/store/yhvpqh8zj2n31jhw25gb0yw0nc9v8zql-calamares-3.4.2/lib/calamares/modules/removeuser/libcalamares_job_removeuser.so (build ID 8b93e5bf813591dd2ebca66ed1670ee98faca11c)
separating debug info from /nix/store/yhvpqh8zj2n31jhw25gb0yw0nc9v8zql-calamares-3.4.2/lib/calamares/modules/shellprocess/libcalamares_job_shellprocess.so (build ID 225b7c1cb57812f8e3a9bdd52fd428ffc9057d71)
separating debug info from /nix/store/yhvpqh8zj2n31jhw25gb0yw0nc9v8zql-calamares-3.4.2/lib/calamares/modules/summary/libcalamares_viewmodule_summary.so (build ID c10a8f68c515bb593a762c27437550898175ab7f)
separating debug info from /nix/store/yhvpqh8zj2n31jhw25gb0yw0nc9v8zql-calamares-3.4.2/lib/calamares/modules/summaryq/libcalamares_viewmodule_summaryq.so (build ID 58c1c15d8d703b745454f5a2d36aa12bb3762db1)
separating debug info from /nix/store/yhvpqh8zj2n31jhw25gb0yw0nc9v8zql-calamares-3.4.2/lib/calamares/modules/tracking/libcalamares_viewmodule_tracking.so (build ID 41f72184cc6a1e1e869b88b484f791f52a2ed0b6)
separating debug info from /nix/store/yhvpqh8zj2n31jhw25gb0yw0nc9v8zql-calamares-3.4.2/lib/calamares/modules/umount/libcalamares_job_umount.so (build ID 365eb903ae50142ede94b06984201aaae8b1b4d7)
separating debug info from /nix/store/yhvpqh8zj2n31jhw25gb0yw0nc9v8zql-calamares-3.4.2/lib/calamares/modules/unpackfsc/libcalamares_job_unpackfsc.so (build ID e8ac4e75cd2e1d3fce6064b7823d9db60a2d6c06)
separating debug info from /nix/store/yhvpqh8zj2n31jhw25gb0yw0nc9v8zql-calamares-3.4.2/lib/calamares/modules/users/libcalamares_viewmodule_users.so (build ID 7e9d85a917137b723bc3bd0f0c0d44478b99dbd4)
separating debug info from /nix/store/yhvpqh8zj2n31jhw25gb0yw0nc9v8zql-calamares-3.4.2/lib/calamares/modules/usersq/libcalamares_viewmodule_usersq.so (build ID 0f285d05e5b3112e1e63c918de80708c4a31966b)
separating debug info from /nix/store/yhvpqh8zj2n31jhw25gb0yw0nc9v8zql-calamares-3.4.2/lib/calamares/modules/welcome/libcalamares_viewmodule_welcome.so (build ID 35b377776bab0cb35547ad017fc321be1d0f13cb)
separating debug info from /nix/store/yhvpqh8zj2n31jhw25gb0yw0nc9v8zql-calamares-3.4.2/lib/calamares/modules/welcomeq/libcalamares_viewmodule_welcomeq.so (build ID d1908206fefd56b1c5285697ac172fb7d1de396e)
separating debug info from /nix/store/yhvpqh8zj2n31jhw25gb0yw0nc9v8zql-calamares-3.4.2/lib/calamares/modules/zfs/libcalamares_job_zfs.so (build ID a614dec5bc4f154ca0ce8f3b6ec6d4e8faff549e)
separating debug info from /nix/store/yhvpqh8zj2n31jhw25gb0yw0nc9v8zql-calamares-3.4.2/lib/libcalamares.so.3.4.2 (build ID 2ab8ad12d4630bfec397832894d2a5d6281bef2e)
separating debug info from /nix/store/yhvpqh8zj2n31jhw25gb0yw0nc9v8zql-calamares-3.4.2/lib/libcalamaresui.so.3.4.2 (build ID be71cbb93bab9e6aafe3422ed97d6cc6b53738a8)
shrinking RPATHs of ELF executables and libraries in /nix/store/yhvpqh8zj2n31jhw25gb0yw0nc9v8zql-calamares-3.4.2
shrinking /nix/store/yhvpqh8zj2n31jhw25gb0yw0nc9v8zql-calamares-3.4.2/lib/libcalamaresui.so.3.4.2
shrinking /nix/store/yhvpqh8zj2n31jhw25gb0yw0nc9v8zql-calamares-3.4.2/lib/calamares/modules/luksopenswaphookcfg/libcalamares_job_luksopenswaphookcfg.so
shrinking /nix/store/yhvpqh8zj2n31jhw25gb0yw0nc9v8zql-calamares-3.4.2/lib/calamares/modules/usersq/libcalamares_viewmodule_usersq.so
shrinking /nix/store/yhvpqh8zj2n31jhw25gb0yw0nc9v8zql-calamares-3.4.2/lib/calamares/modules/welcomeq/libcalamares_viewmodule_welcomeq.so
shrinking /nix/store/yhvpqh8zj2n31jhw25gb0yw0nc9v8zql-calamares-3.4.2/lib/calamares/modules/interactiveterminal/libcalamares_viewmodule_interactiveterminal.so
shrinking /nix/store/yhvpqh8zj2n31jhw25gb0yw0nc9v8zql-calamares-3.4.2/lib/calamares/modules/machineid/libcalamares_job_machineid.so
shrinking /nix/store/yhvpqh8zj2n31jhw25gb0yw0nc9v8zql-calamares-3.4.2/lib/calamares/modules/tracking/libcalamares_viewmodule_tracking.so
shrinking /nix/store/yhvpqh8zj2n31jhw25gb0yw0nc9v8zql-calamares-3.4.2/lib/calamares/modules/luksbootkeyfile/libcalamares_job_luksbootkeyfile.so
shrinking /nix/store/yhvpqh8zj2n31jhw25gb0yw0nc9v8zql-calamares-3.4.2/lib/calamares/modules/plasmalnf/libcalamares_viewmodule_plasmalnf.so
shrinking /nix/store/yhvpqh8zj2n31jhw25gb0yw0nc9v8zql-calamares-3.4.2/lib/calamares/modules/license/libcalamares_viewmodule_license.so
shrinking /nix/store/yhvpqh8zj2n31jhw25gb0yw0nc9v8zql-calamares-3.4.2/lib/calamares/modules/locale/libcalamares_viewmodule_locale.so
shrinking /nix/store/yhvpqh8zj2n31jhw25gb0yw0nc9v8zql-calamares-3.4.2/lib/calamares/modules/removeuser/libcalamares_job_removeuser.so
shrinking /nix/store/yhvpqh8zj2n31jhw25gb0yw0nc9v8zql-calamares-3.4.2/lib/calamares/modules/partition/libcalamares_viewmodule_partition.so
shrinking /nix/store/yhvpqh8zj2n31jhw25gb0yw0nc9v8zql-calamares-3.4.2/lib/calamares/modules/initramfs/libcalamares_job_initramfs.so
shrinking /nix/store/yhvpqh8zj2n31jhw25gb0yw0nc9v8zql-calamares-3.4.2/lib/calamares/modules/initcpio/libcalamares_job_initcpio.so
shrinking /nix/store/yhvpqh8zj2n31jhw25gb0yw0nc9v8zql-calamares-3.4.2/lib/calamares/modules/finished/libcalamares_viewmodule_finished.so
shrinking /nix/store/yhvpqh8zj2n31jhw25gb0yw0nc9v8zql-calamares-3.4.2/lib/calamares/modules/keyboard/libcalamares_viewmodule_keyboard.so
shrinking /nix/store/yhvpqh8zj2n31jhw25gb0yw0nc9v8zql-calamares-3.4.2/lib/calamares/modules/fsresizer/libcalamares_job_fsresizer.so
shrinking /nix/store/yhvpqh8zj2n31jhw25gb0yw0nc9v8zql-calamares-3.4.2/lib/calamares/modules/oemid/libcalamares_viewmodule_oemid.so
shrinking /nix/store/yhvpqh8zj2n31jhw25gb0yw0nc9v8zql-calamares-3.4.2/lib/calamares/modules/umount/libcalamares_job_umount.so
shrinking /nix/store/yhvpqh8zj2n31jhw25gb0yw0nc9v8zql-calamares-3.4.2/lib/calamares/modules/finishedq/libcalamares_viewmodule_finishedq.so
shrinking /nix/store/yhvpqh8zj2n31jhw25gb0yw0nc9v8zql-calamares-3.4.2/lib/calamares/modules/preservefiles/libcalamares_job_preservefiles.so
shrinking /nix/store/yhvpqh8zj2n31jhw25gb0yw0nc9v8zql-calamares-3.4.2/lib/calamares/modules/welcome/libcalamares_viewmodule_welcome.so
shrinking /nix/store/yhvpqh8zj2n31jhw25gb0yw0nc9v8zql-calamares-3.4.2/lib/calamares/modules/zfs/libcalamares_job_zfs.so
shrinking /nix/store/yhvpqh8zj2n31jhw25gb0yw0nc9v8zql-calamares-3.4.2/lib/calamares/modules/unpackfsc/libcalamares_job_unpackfsc.so
shrinking /nix/store/yhvpqh8zj2n31jhw25gb0yw0nc9v8zql-calamares-3.4.2/lib/calamares/modules/summaryq/libcalamares_viewmodule_summaryq.so
shrinking /nix/store/yhvpqh8zj2n31jhw25gb0yw0nc9v8zql-calamares-3.4.2/lib/calamares/modules/packagechooser/libcalamares_viewmodule_packagechooser.so
shrinking /nix/store/yhvpqh8zj2n31jhw25gb0yw0nc9v8zql-calamares-3.4.2/lib/calamares/modules/netinstall/libcalamares_viewmodule_netinstall.so
shrinking /nix/store/yhvpqh8zj2n31jhw25gb0yw0nc9v8zql-calamares-3.4.2/lib/calamares/modules/keyboardq/libcalamares_viewmodule_keyboardq.so
shrinking /nix/store/yhvpqh8zj2n31jhw25gb0yw0nc9v8zql-calamares-3.4.2/lib/calamares/modules/localeq/libcalamares_viewmodule_localeq.so
shrinking /nix/store/yhvpqh8zj2n31jhw25gb0yw0nc9v8zql-calamares-3.4.2/lib/calamares/modules/dummycpp/libcalamares_job_dummycpp.so
shrinking /nix/store/yhvpqh8zj2n31jhw25gb0yw0nc9v8zql-calamares-3.4.2/lib/calamares/modules/notesqml/libcalamares_viewmodule_notesqml.so
shrinking /nix/store/yhvpqh8zj2n31jhw25gb0yw0nc9v8zql-calamares-3.4.2/lib/calamares/modules/users/libcalamares_viewmodule_users.so
shrinking /nix/store/yhvpqh8zj2n31jhw25gb0yw0nc9v8zql-calamares-3.4.2/lib/calamares/modules/contextualprocess/libcalamares_job_contextualprocess.so
shrinking /nix/store/yhvpqh8zj2n31jhw25gb0yw0nc9v8zql-calamares-3.4.2/lib/calamares/modules/dracutlukscfg/libcalamares_job_dracutlukscfg.so
shrinking /nix/store/yhvpqh8zj2n31jhw25gb0yw0nc9v8zql-calamares-3.4.2/lib/calamares/modules/summary/libcalamares_viewmodule_summary.so
shrinking /nix/store/yhvpqh8zj2n31jhw25gb0yw0nc9v8zql-calamares-3.4.2/lib/calamares/modules/shellprocess/libcalamares_job_shellprocess.so
shrinking /nix/store/yhvpqh8zj2n31jhw25gb0yw0nc9v8zql-calamares-3.4.2/lib/calamares/modules/hostinfo/libcalamares_job_hostinfo.so
shrinking /nix/store/yhvpqh8zj2n31jhw25gb0yw0nc9v8zql-calamares-3.4.2/lib/calamares/modules/packagechooserq/libcalamares_viewmodule_packagechooserq.so
shrinking /nix/store/yhvpqh8zj2n31jhw25gb0yw0nc9v8zql-calamares-3.4.2/lib/libcalamares.so.3.4.2
shrinking /nix/store/yhvpqh8zj2n31jhw25gb0yw0nc9v8zql-calamares-3.4.2/bin/.calamares-wrapped
shrinking /nix/store/yhvpqh8zj2n31jhw25gb0yw0nc9v8zql-calamares-3.4.2/bin/calamares
checking for references to /build/ in /nix/store/yhvpqh8zj2n31jhw25gb0yw0nc9v8zql-calamares-3.4.2...
gzipping man pages under /nix/store/yhvpqh8zj2n31jhw25gb0yw0nc9v8zql-calamares-3.4.2/share/man/
patching script interpreter paths in /nix/store/yhvpqh8zj2n31jhw25gb0yw0nc9v8zql-calamares-3.4.2
stripping (with command strip and flags -S -p) in  /nix/store/yhvpqh8zj2n31jhw25gb0yw0nc9v8zql-calamares-3.4.2/lib /nix/store/yhvpqh8zj2n31jhw25gb0yw0nc9v8zql-calamares-3.4.2/bin
wrapping Qt applications in /nix/store/cipdhm9za5aqnsw1pnsp806i48b78jc5-calamares-3.4.2-debug/bin /nix/store/cipdhm9za5aqnsw1pnsp806i48b78jc5-calamares-3.4.2-debug/sbin /nix/store/cipdhm9za5aqnsw1pnsp806i48b78jc5-calamares-3.4.2-debug/libexec /nix/store/cipdhm9za5aqnsw1pnsp806i48b78jc5-calamares-3.4.2-debug/Applications
shrinking RPATHs of ELF executables and libraries in /nix/store/cipdhm9za5aqnsw1pnsp806i48b78jc5-calamares-3.4.2-debug
checking for references to /build/ in /nix/store/cipdhm9za5aqnsw1pnsp806i48b78jc5-calamares-3.4.2-debug...
patching script interpreter paths in /nix/store/cipdhm9za5aqnsw1pnsp806i48b78jc5-calamares-3.4.2-debug
stripping (with command strip and flags -S -p) in  /nix/store/cipdhm9za5aqnsw1pnsp806i48b78jc5-calamares-3.4.2-debug/lib
making symlink relative: /nix/store/cipdhm9za5aqnsw1pnsp806i48b78jc5-calamares-3.4.2-debug/lib/debug/libcalamares_job_initramfs.so
making symlink relative: /nix/store/cipdhm9za5aqnsw1pnsp806i48b78jc5-calamares-3.4.2-debug/lib/debug/libcalamares_job_luksopenswaphookcfg.so
making symlink relative: /nix/store/cipdhm9za5aqnsw1pnsp806i48b78jc5-calamares-3.4.2-debug/lib/debug/libcalamares_job_fsresizer.so
making symlink relative: /nix/store/cipdhm9za5aqnsw1pnsp806i48b78jc5-calamares-3.4.2-debug/lib/debug/.calamares-wrapped
making symlink relative: /nix/store/cipdhm9za5aqnsw1pnsp806i48b78jc5-calamares-3.4.2-debug/lib/debug/libcalamares_job_contextualprocess.so
making symlink relative: /nix/store/cipdhm9za5aqnsw1pnsp806i48b78jc5-calamares-3.4.2-debug/lib/debug/libcalamares_job_shellprocess.so
making symlink relative: /nix/store/cipdhm9za5aqnsw1pnsp806i48b78jc5-calamares-3.4.2-debug/lib/debug/libcalamares_viewmodule_locale.so
making symlink relative: /nix/store/cipdhm9za5aqnsw1pnsp806i48b78jc5-calamares-3.4.2-debug/lib/debug/libcalamares_viewmodule_license.so
making symlink relative: /nix/store/cipdhm9za5aqnsw1pnsp806i48b78jc5-calamares-3.4.2-debug/lib/debug/libcalamares_viewmodule_packagechooser.so
making symlink relative: /nix/store/cipdhm9za5aqnsw1pnsp806i48b78jc5-calamares-3.4.2-debug/lib/debug/libcalamares_job_initcpio.so
making symlink relative: /nix/store/cipdhm9za5aqnsw1pnsp806i48b78jc5-calamares-3.4.2-debug/lib/debug/libcalamares_job_dummycpp.so
making symlink relative: /nix/store/cipdhm9za5aqnsw1pnsp806i48b78jc5-calamares-3.4.2-debug/lib/debug/.build-id/95/b57c046bd88129f544a19462d579a747f9673c.sourceoverlay
making symlink relative: /nix/store/cipdhm9za5aqnsw1pnsp806i48b78jc5-calamares-3.4.2-debug/lib/debug/.build-id/e2/e211cc758b92a823849e2fee061f0f0bdfaf22.sourceoverlay
making symlink relative: /nix/store/cipdhm9za5aqnsw1pnsp806i48b78jc5-calamares-3.4.2-debug/lib/debug/.build-id/d7/162937de4d26c86b237c7969b580de711dd851.sourceoverlay
making symlink relative: /nix/store/cipdhm9za5aqnsw1pnsp806i48b78jc5-calamares-3.4.2-debug/lib/debug/.build-id/35/b377776bab0cb35547ad017fc321be1d0f13cb.sourceoverlay
making symlink relative: /nix/store/cipdhm9za5aqnsw1pnsp806i48b78jc5-calamares-3.4.2-debug/lib/debug/.build-id/8b/93e5bf813591dd2ebca66ed1670ee98faca11c.sourceoverlay
making symlink relative: /nix/store/cipdhm9za5aqnsw1pnsp806i48b78jc5-calamares-3.4.2-debug/lib/debug/.build-id/51/60dbfc8075ff3d6248460995639b19bf36783d.sourceoverlay
making symlink relative: /nix/store/cipdhm9za5aqnsw1pnsp806i48b78jc5-calamares-3.4.2-debug/lib/debug/.build-id/c3/941eaea4f9042f2b2b6c8087deddb8a85a4ff5.sourceoverlay
making symlink relative: /nix/store/cipdhm9za5aqnsw1pnsp806i48b78jc5-calamares-3.4.2-debug/lib/debug/.build-id/15/22793f5883f8e3f3e009ec8c3dab15dfd7e8d7.sourceoverlay
making symlink relative: /nix/store/cipdhm9za5aqnsw1pnsp806i48b78jc5-calamares-3.4.2-debug/lib/debug/.build-id/a0/c7279f2d539e3b0c643ba09f40dc1077ef0cd4.sourceoverlay
making symlink relative: /nix/store/cipdhm9za5aqnsw1pnsp806i48b78jc5-calamares-3.4.2-debug/lib/debug/.build-id/7a/20d225f037b3df187cece3b321786c385c6f8c.sourceoverlay
making symlink relative: /nix/store/cipdhm9za5aqnsw1pnsp806i48b78jc5-calamares-3.4.2-debug/lib/debug/.build-id/58/c1c15d8d703b745454f5a2d36aa12bb3762db1.sourceoverlay
making symlink relative: /nix/store/cipdhm9za5aqnsw1pnsp806i48b78jc5-calamares-3.4.2-debug/lib/debug/.build-id/0f/285d05e5b3112e1e63c918de80708c4a31966b.sourceoverlay
making symlink relative: /nix/store/cipdhm9za5aqnsw1pnsp806i48b78jc5-calamares-3.4.2-debug/lib/debug/.build-id/65/16a07451f6569d84905bc4e335ee902d34e64d.sourceoverlay
making symlink relative: /nix/store/cipdhm9za5aqnsw1pnsp806i48b78jc5-calamares-3.4.2-debug/lib/debug/.build-id/4f/1c288c1e47b871225fcfbcdc1520902ae77f2b.sourceoverlay
making symlink relative: /nix/store/cipdhm9za5aqnsw1pnsp806i48b78jc5-calamares-3.4.2-debug/lib/debug/.build-id/63/f8fe4b9a728c1a34eb221c3a3f8657dee44e4f.sourceoverlay
making symlink relative: /nix/store/cipdhm9za5aqnsw1pnsp806i48b78jc5-calamares-3.4.2-debug/lib/debug/.build-id/22/5b7c1cb57812f8e3a9bdd52fd428ffc9057d71.sourceoverlay
making symlink relative: /nix/store/cipdhm9za5aqnsw1pnsp806i48b78jc5-calamares-3.4.2-debug/lib/debug/.build-id/d1/908206fefd56b1c5285697ac172fb7d1de396e.sourceoverlay
making symlink relative: /nix/store/cipdhm9za5aqnsw1pnsp806i48b78jc5-calamares-3.4.2-debug/lib/debug/.build-id/7e/9d85a917137b723bc3bd0f0c0d44478b99dbd4.sourceoverlay
making symlink relative: /nix/store/cipdhm9za5aqnsw1pnsp806i48b78jc5-calamares-3.4.2-debug/lib/debug/.build-id/7e/ce45f50790fb5a610d48b7a204054bc755188d.sourceoverlay
making symlink relative: /nix/store/cipdhm9za5aqnsw1pnsp806i48b78jc5-calamares-3.4.2-debug/lib/debug/.build-id/88/3b993c05fc6b5df62ce4b54bac65f2d6876828.sourceoverlay
making symlink relative: /nix/store/cipdhm9za5aqnsw1pnsp806i48b78jc5-calamares-3.4.2-debug/lib/debug/.build-id/88/fb1a8ea3dbf3ac188acd46ceb09be667333ddf.sourceoverlay
making symlink relative: /nix/store/cipdhm9za5aqnsw1pnsp806i48b78jc5-calamares-3.4.2-debug/lib/debug/.build-id/c7/e63d2107d6b4fa5748db1af10d81ff9617491c.sourceoverlay
making symlink relative: /nix/store/cipdhm9za5aqnsw1pnsp806i48b78jc5-calamares-3.4.2-debug/lib/debug/.build-id/bb/9592d9085f830c42633c7de06e002810b04fd7.sourceoverlay
making symlink relative: /nix/store/cipdhm9za5aqnsw1pnsp806i48b78jc5-calamares-3.4.2-debug/lib/debug/.build-id/92/00c6bced6fba7b03c8ecff5fe6fdab0f972d13.sourceoverlay
making symlink relative: /nix/store/cipdhm9za5aqnsw1pnsp806i48b78jc5-calamares-3.4.2-debug/lib/debug/.build-id/e5/4ec4ce1c2ffc99d8edae9cb31a86aaeefa2d7e.sourceoverlay
making symlink relative: /nix/store/cipdhm9za5aqnsw1pnsp806i48b78jc5-calamares-3.4.2-debug/lib/debug/.build-id/ff/453d63c10f1be78f1b23fa3e7924704a0e5a3e.sourceoverlay
making symlink relative: /nix/store/cipdhm9za5aqnsw1pnsp806i48b78jc5-calamares-3.4.2-debug/lib/debug/.build-id/bc/e57e2a939eaa1e5a17c12274969e89a8fce7bf.sourceoverlay
making symlink relative: /nix/store/cipdhm9za5aqnsw1pnsp806i48b78jc5-calamares-3.4.2-debug/lib/debug/.build-id/c1/0a8f68c515bb593a762c27437550898175ab7f.sourceoverlay
making symlink relative: /nix/store/cipdhm9za5aqnsw1pnsp806i48b78jc5-calamares-3.4.2-debug/lib/debug/.build-id/f7/ec1587ef6e62afa9d73567b489c411f1021522.sourceoverlay
making symlink relative: /nix/store/cipdhm9za5aqnsw1pnsp806i48b78jc5-calamares-3.4.2-debug/lib/debug/.build-id/48/5761bd4201cf15218d7293129cecf4f3aca482.sourceoverlay
making symlink relative: /nix/store/cipdhm9za5aqnsw1pnsp806i48b78jc5-calamares-3.4.2-debug/lib/debug/.build-id/2e/76410ad0138e797f4bb5b957fd018719fac502.sourceoverlay
making symlink relative: /nix/store/cipdhm9za5aqnsw1pnsp806i48b78jc5-calamares-3.4.2-debug/lib/debug/.build-id/17/0edd5e65d5b4bea2e653ae714e1429c7fd9691.sourceoverlay
making symlink relative: /nix/store/cipdhm9za5aqnsw1pnsp806i48b78jc5-calamares-3.4.2-debug/lib/debug/.build-id/a1/470d73ceccad9925ccad4c9509b95217007ae9.sourceoverlay
making symlink relative: /nix/store/cipdhm9za5aqnsw1pnsp806i48b78jc5-calamares-3.4.2-debug/lib/debug/.build-id/24/8f22ddf86fc62baa26ccc94e6281acda099151.sourceoverlay
making symlink relative: /nix/store/cipdhm9za5aqnsw1pnsp806i48b78jc5-calamares-3.4.2-debug/lib/debug/.build-id/a6/14dec5bc4f154ca0ce8f3b6ec6d4e8faff549e.sourceoverlay
making symlink relative: /nix/store/cipdhm9za5aqnsw1pnsp806i48b78jc5-calamares-3.4.2-debug/lib/debug/.build-id/36/5eb903ae50142ede94b06984201aaae8b1b4d7.sourceoverlay
making symlink relative: /nix/store/cipdhm9za5aqnsw1pnsp806i48b78jc5-calamares-3.4.2-debug/lib/debug/.build-id/e8/ac4e75cd2e1d3fce6064b7823d9db60a2d6c06.sourceoverlay
making symlink relative: /nix/store/cipdhm9za5aqnsw1pnsp806i48b78jc5-calamares-3.4.2-debug/lib/debug/.build-id/39/6cb54f98b63f0ecedb688e75e645976b78c04f.sourceoverlay
making symlink relative: /nix/store/cipdhm9za5aqnsw1pnsp806i48b78jc5-calamares-3.4.2-debug/lib/debug/.build-id/1f/241ea5c3a3779b144d794ef0dec84d25102e04.sourceoverlay
making symlink relative: /nix/store/cipdhm9za5aqnsw1pnsp806i48b78jc5-calamares-3.4.2-debug/lib/debug/.build-id/41/f72184cc6a1e1e869b88b484f791f52a2ed0b6.sourceoverlay
making symlink relative: /nix/store/cipdhm9za5aqnsw1pnsp806i48b78jc5-calamares-3.4.2-debug/lib/debug/.build-id/2a/b8ad12d4630bfec397832894d2a5d6281bef2e.sourceoverlay
making symlink relative: /nix/store/cipdhm9za5aqnsw1pnsp806i48b78jc5-calamares-3.4.2-debug/lib/debug/.build-id/be/71cbb93bab9e6aafe3422ed97d6cc6b53738a8.sourceoverlay
making symlink relative: /nix/store/cipdhm9za5aqnsw1pnsp806i48b78jc5-calamares-3.4.2-debug/lib/debug/libcalamares_viewmodule_usersq.so
making symlink relative: /nix/store/cipdhm9za5aqnsw1pnsp806i48b78jc5-calamares-3.4.2-debug/lib/debug/libcalamares_job_umount.so
making symlink relative: /nix/store/cipdhm9za5aqnsw1pnsp806i48b78jc5-calamares-3.4.2-debug/lib/debug/libcalamares_job_preservefiles.so
making symlink relative: /nix/store/cipdhm9za5aqnsw1pnsp806i48b78jc5-calamares-3.4.2-debug/lib/debug/libcalamares_viewmodule_tracking.so
making symlink relative: /nix/store/cipdhm9za5aqnsw1pnsp806i48b78jc5-calamares-3.4.2-debug/lib/debug/libcalamares_job_unpackfsc.so
making symlink relative: /nix/store/cipdhm9za5aqnsw1pnsp806i48b78jc5-calamares-3.4.2-debug/lib/debug/libcalamares_viewmodule_packagechooserq.so
making symlink relative: /nix/store/cipdhm9za5aqnsw1pnsp806i48b78jc5-calamares-3.4.2-debug/lib/debug/libcalamares_job_removeuser.so
making symlink relative: /nix/store/cipdhm9za5aqnsw1pnsp806i48b78jc5-calamares-3.4.2-debug/lib/debug/libcalamares_job_zfs.so
making symlink relative: /nix/store/cipdhm9za5aqnsw1pnsp806i48b78jc5-calamares-3.4.2-debug/lib/debug/libcalamares_viewmodule_notesqml.so
making symlink relative: /nix/store/cipdhm9za5aqnsw1pnsp806i48b78jc5-calamares-3.4.2-debug/lib/debug/libcalamares_viewmodule_summaryq.so
making symlink relative: /nix/store/cipdhm9za5aqnsw1pnsp806i48b78jc5-calamares-3.4.2-debug/lib/debug/libcalamares_viewmodule_partition.so
making symlink relative: /nix/store/cipdhm9za5aqnsw1pnsp806i48b78jc5-calamares-3.4.2-debug/lib/debug/libcalamares_viewmodule_keyboardq.so
making symlink relative: /nix/store/cipdhm9za5aqnsw1pnsp806i48b78jc5-calamares-3.4.2-debug/lib/debug/libcalamares_viewmodule_users.so
making symlink relative: /nix/store/cipdhm9za5aqnsw1pnsp806i48b78jc5-calamares-3.4.2-debug/lib/debug/libcalamares_viewmodule_finished.so
making symlink relative: /nix/store/cipdhm9za5aqnsw1pnsp806i48b78jc5-calamares-3.4.2-debug/lib/debug/libcalamaresui.so.3.4.2
making symlink relative: /nix/store/cipdhm9za5aqnsw1pnsp806i48b78jc5-calamares-3.4.2-debug/lib/debug/libcalamares_viewmodule_localeq.so
making symlink relative: /nix/store/cipdhm9za5aqnsw1pnsp806i48b78jc5-calamares-3.4.2-debug/lib/debug/calamares
making symlink relative: /nix/store/cipdhm9za5aqnsw1pnsp806i48b78jc5-calamares-3.4.2-debug/lib/debug/libcalamares_viewmodule_oemid.so
making symlink relative: /nix/store/cipdhm9za5aqnsw1pnsp806i48b78jc5-calamares-3.4.2-debug/lib/debug/libcalamares_job_luksbootkeyfile.so
making symlink relative: /nix/store/cipdhm9za5aqnsw1pnsp806i48b78jc5-calamares-3.4.2-debug/lib/debug/libcalamares_job_dracutlukscfg.so
making symlink relative: /nix/store/cipdhm9za5aqnsw1pnsp806i48b78jc5-calamares-3.4.2-debug/lib/debug/libcalamares_viewmodule_summary.so
making symlink relative: /nix/store/cipdhm9za5aqnsw1pnsp806i48b78jc5-calamares-3.4.2-debug/lib/debug/libcalamares_job_machineid.so
making symlink relative: /nix/store/cipdhm9za5aqnsw1pnsp806i48b78jc5-calamares-3.4.2-debug/lib/debug/libcalamares_viewmodule_plasmalnf.so
making symlink relative: /nix/store/cipdhm9za5aqnsw1pnsp806i48b78jc5-calamares-3.4.2-debug/lib/debug/libcalamares_job_hostinfo.so
making symlink relative: /nix/store/cipdhm9za5aqnsw1pnsp806i48b78jc5-calamares-3.4.2-debug/lib/debug/libcalamares_viewmodule_welcome.so
making symlink relative: /nix/store/cipdhm9za5aqnsw1pnsp806i48b78jc5-calamares-3.4.2-debug/lib/debug/libcalamares_viewmodule_interactiveterminal.so
making symlink relative: /nix/store/cipdhm9za5aqnsw1pnsp806i48b78jc5-calamares-3.4.2-debug/lib/debug/libcalamares_viewmodule_welcomeq.so
making symlink relative: /nix/store/cipdhm9za5aqnsw1pnsp806i48b78jc5-calamares-3.4.2-debug/lib/debug/libcalamares_viewmodule_keyboard.so
making symlink relative: /nix/store/cipdhm9za5aqnsw1pnsp806i48b78jc5-calamares-3.4.2-debug/lib/debug/libcalamares_viewmodule_finishedq.so
making symlink relative: /nix/store/cipdhm9za5aqnsw1pnsp806i48b78jc5-calamares-3.4.2-debug/lib/debug/libcalamares_viewmodule_netinstall.so
making symlink relative: /nix/store/cipdhm9za5aqnsw1pnsp806i48b78jc5-calamares-3.4.2-debug/lib/debug/libcalamares.so.3.4.2
Running phase: postPatchMkspecs
building '/nix/store/2v5c3iyqy1v18bbcfgd5pj0fpdyajp13-autostart-calamares.drv'...
building '/nix/store/5i9r0rkkifhm5nj5y7s9n03rpgjjzimf-calamares-offline.drv'...
building '/nix/store/5vlcivhr6kn8qrcnicc1bvmd7chncq3r-install-nixos.desktop.drv'...
building '/nix/store/h1c1jhrbhia7jfywg6j4880yv5fb60y5-system-path.drv'...
structuredAttrs is enabled
pkgs.buildEnv warning: creating dangling symlink `/nix/store/rslin61wj3iz9c5jcsj2z9frymwam7b4-system-path//etc/xdg/xdg-default.desktop' -> `/nix/store/933h9xdr426bs6j17h6q3f2wh9xdz0w8-mint-artwork-1.9.3/etc/xdg/xdg-default.desktop' -> `/usr/share/mint-artwork/xfce'
pkgs.buildEnv warning: creating dangling symlink `/nix/store/rslin61wj3iz9c5jcsj2z9frymwam7b4-system-path//etc/xdg/xdg-xfce' -> `/nix/store/933h9xdr426bs6j17h6q3f2wh9xdz0w8-mint-artwork-1.9.3/etc/xdg/xdg-xfce' -> `/usr/share/mint-artwork/xfce'
pkgs.buildEnv warning: creating dangling symlink `/nix/store/rslin61wj3iz9c5jcsj2z9frymwam7b4-system-path//etc/xdg/xdg-default' -> `/nix/store/933h9xdr426bs6j17h6q3f2wh9xdz0w8-mint-artwork-1.9.3/etc/xdg/xdg-default' -> `/usr/share/mint-artwork/xfce'
created 24774 symlinks in user environment
install-info: warning: no info dir entry in `/nix/store/rslin61wj3iz9c5jcsj2z9frymwam7b4-system-path/share/info/gawknotes.info'
gtk-update-icon-cache: Cache file created successfully.
gtk-update-icon-cache: Cache file created successfully.
gtk-update-icon-cache: Cache file created successfully.
gtk-update-icon-cache: Cache file created successfully.
gtk-update-icon-cache: Cache file created successfully.
gtk-update-icon-cache: Cache file created successfully.
gtk-update-icon-cache: Cache file created successfully.
building '/nix/store/sfagh6f9zmzzgc5bbh181d73avwc6cxg-X-Restart-Triggers-polkit.drv'...
building '/nix/store/d0jlgwww04aw9nzcr5m2jysd0gmljndb-dbus-1.drv'...
building '/nix/store/q42sg6hi1b5kgxw095n8ckxnfnmnbj4h-unit-accounts-daemon.service.drv'...
building '/nix/store/y9jm23as0s2i9vwvrkrsh3a5qk3q2hl0-X-Restart-Triggers-dbus-broker.drv'...
building '/nix/store/qawfx95pcaqam4x546ryw0clmycc368p-unit-polkit.service.drv'...
building '/nix/store/33msd0kimqh7vilgsgkvwh3qb3xw31gs-unit-dbus-broker.service.drv'...
building '/nix/store/wzkyc3438xyjp3rl5qaj4fnddxdf34a9-unit-dbus-broker.service.drv'...
building '/nix/store/8wj834g5bhkh5vmrg00pjn2l7s84hvgl-user-units.drv'...
building '/nix/store/wdfghlb9d8vi80g28qpq4s186q5l6mhk-system-units.drv'...
building '/nix/store/jdf64nhld4xclgzqh6awrwpcb2la6whp-etc.drv'...
building '/nix/store/zkhjgrjiqvc7k69wd8y4q936y9d7pbv0-activate.drv'...
