[2026-09-27T11:13:31Z] Building NixOS Bare ISO
Host:              Linux (non-NixOS, e.g. Ubuntu/WSL)
Nix version:       nix (Nix) 2.26.1
nixpkgs revision:  5e2305d577ca00acbba631b05cb1094d172b29f3  (nixos-26.05, pinned in nixpkgs-pin.json)
nixpkgs path:      /nix/store/pgy8nq09hh4mdgr30ir9v0lcjpz34vxb-source
Configuration:     /mnt/c/GITHUB/customnixosiso/iso-bare.nix
Output directory:  /mnt/c/GITHUB/customnixosiso
Log:               /mnt/c/GITHUB/customnixosiso/build-logs/nixos-bare-20260927T111331Z.log
cores/max-jobs:    2 / 2
Running pre-build validation...
Running static project checks...
Evaluating optional installed-system service modules...
Evaluating Bare ISO, installer, networking, firmware and packages...
{"checkCount":13,"edition":"bare","isoDrv":"/nix/store/v0lsl9xjqrk7y2b9ig2fxvhbbsby9q4r-nixos-26.05pre-git-x86_64-linux.iso.drv","nixpkgsSource":"/nix/store/pgy8nq09hh4mdgr30ir9v0lcjpz34vxb-source","packageCount":297}
Evaluating Bare installed-system profile and post-install networking...
{"checkCount":4,"edition":"bare","packageCount":139,"systemDrv":"/nix/store/0bw64szr3aqa04mrn1wbhq9r7bhndsw4-nixos-system-nixos-26.05pre-git.drv"}
Preflight passed for: bare
these 24 derivations will be built:
  /nix/store/n6r2q1pyrflf07ga77a8q8h4g9zqz4lj-offline-installed-profile.drv
  /nix/store/83brn75a331f28ns6ny3cnbvks1zcxd6-calamares-nixos-extensions-0.3.23.drv
  /nix/store/fh6gh2ds0d12lj68plfhnf9y75apll6n-calamares-3.4.2.drv
  /nix/store/6mi9yd52jf7s20fiwbvwipc04jvf18jg-autostart-calamares.drv
  /nix/store/vlw5x6nwzsizpvi611c6s6xz7n68dfg5-calamares-offline.drv
  /nix/store/71pahyqjak41q1x201n1p56kl6753122-install-nixos.desktop.drv
  /nix/store/1znn60ss7knjsallrvmw40pfbvqg7d0m-system-path.drv
  /nix/store/mbm7ak1zcapkp1wzwcp1nnlf6h9njf2k-dbus-1.drv
  /nix/store/n1fr7bq7shk3snnj63mnk90dmj8j5fng-X-Restart-Triggers-dbus-broker.drv
  /nix/store/28ssm03r94v9hw048fiw4sjygr0f3dji-unit-dbus-broker.service.drv
  /nix/store/3xqf62fm2zjz9pi595k4gnj1g4r388s5-user-units.drv
  /nix/store/4fzwa4hdkf3asq75qhbl4zfj9zjq90hv-X-Restart-Triggers-polkit.drv
  /nix/store/bd51c3hzdg3nhkjn8k8dw9gfqpfkg9km-unit-polkit.service.drv
  /nix/store/csh1yk9r2c0nhgc20bnsi9whm6k1i7pg-unit-accounts-daemon.service.drv
  /nix/store/nnx9bvzbgaf991v0xss1bxvbfyfm7m22-unit-dbus-broker.service.drv
  /nix/store/garipvdg7kg4c7rplc2viw4xjvav30b4-system-units.drv
  /nix/store/fhvdmga1ryddnkb63rcwra0d8pbpxw86-etc.drv
  /nix/store/kzgwkja06zfkw9w09lf1mbrk7ib8fc4l-activate.drv
  /nix/store/2ji49jhvl82pxz62ji1vaax9bbzw8dj3-nixos-system-nixos-bare-26.05pre-git.drv
  /nix/store/0s5x5pwlp5p6nmfqg7ww74rb1g7vpj0w-isolinux.cfg.drv
  /nix/store/5sblaj754days7gcvdm4paa4y5c5igfr-efi-directory.drv
  /nix/store/4dw8px2im08ykd2pshmv1l6bfqh4p2zj-efi-image_eltorito.drv
  /nix/store/4g3qz6j3g654swwhy2kdrnrmiai5230f-closure-info.drv
  /nix/store/v0lsl9xjqrk7y2b9ig2fxvhbbsby9q4r-nixos-26.05pre-git-x86_64-linux.iso.drv
building '/nix/store/n6r2q1pyrflf07ga77a8q8h4g9zqz4lj-offline-installed-profile.drv'...
building '/nix/store/83brn75a331f28ns6ny3cnbvks1zcxd6-calamares-nixos-extensions-0.3.23.drv'...
Running phase: unpackPhase
unpacking source archive /nix/store/9g961n0kn4iz5409391j0gg12dkn6ljs-src
source root is src
Running phase: patchPhase
Running phase: updateAutotoolsGnuConfigScriptsPhase
Running phase: configurePhase
no configure script, doing nothing
Running phase: buildPhase
no Makefile or custom buildPhase, doing nothing
Running phase: installPhase
Running phase: fixupPhase
shrinking RPATHs of ELF executables and libraries in /nix/store/kxbzb1jdh7qinq7klqr2xd4401r61vib-calamares-nixos-extensions-0.3.23
checking for references to /build/ in /nix/store/kxbzb1jdh7qinq7klqr2xd4401r61vib-calamares-nixos-extensions-0.3.23...
patching script interpreter paths in /nix/store/kxbzb1jdh7qinq7klqr2xd4401r61vib-calamares-nixos-extensions-0.3.23
stripping (with command strip and flags -S -p) in  /nix/store/kxbzb1jdh7qinq7klqr2xd4401r61vib-calamares-nixos-extensions-0.3.23/lib
building '/nix/store/fh6gh2ds0d12lj68plfhnf9y75apll6n-calamares-3.4.2.drv'...
Running phase: qtPreHook
Running phase: unpackPhase
unpacking source archive /nix/store/0y94dh014s9c53z323r6xwzvn1ay8anc-source
source root is source
separate-debug-info: recording checksum of source files for debug support...
Running phase: patchPhase
applying patch /nix/store/mf7vvjcimghw3b0fmm5qc9fdwjag44pv-dont-allow-manual-luks.patch
patching file src/modules/partition/gui/CreatePartitionDialog.cpp
Hunk #1 succeeded at 104 (offset -4 lines).
patching file src/modules/partition/gui/EditExistingPartitionDialog.cpp
Hunk #1 succeeded at 120 (offset 7 lines).
applying patch /nix/store/4ai7zflwcgqcp7x4g4kl594yly8c4b5k-dont-create-users.patch
patching file src/modules/users/Config.cpp
Hunk #1 succeeded at 1079 (offset 10 lines).
Hunk #2 succeeded at 1088 (offset 10 lines).
Running phase: updateAutotoolsGnuConfigScriptsPhase
Running phase: configurePhase
cmake flags: -GNinja -DCMAKE_FIND_USE_SYSTEM_PACKAGE_REGISTRY=OFF -DCMAKE_FIND_USE_PACKAGE_REGISTRY=OFF -DCMAKE_EXPORT_NO_PACKAGE_REGISTRY=ON -DCMAKE_BUILD_TYPE=Release -DBUILD_TESTING=OFF -DCMAKE_INSTALL_LOCALEDIR=/nix/store/9pq87i897npipqxm6naq0qgp917qzb8w-calamares-3.4.2/share/locale -DCMAKE_INSTALL_LIBEXECDIR=/nix/store/9pq87i897npipqxm6naq0qgp917qzb8w-calamares-3.4.2/libexec -DCMAKE_INSTALL_LIBDIR=/nix/store/9pq87i897npipqxm6naq0qgp917qzb8w-calamares-3.4.2/lib -DCMAKE_INSTALL_DOCDIR=/nix/store/9pq87i897npipqxm6naq0qgp917qzb8w-calamares-3.4.2/share/doc/CALAMARES -DCMAKE_INSTALL_INFODIR=/nix/store/9pq87i897npipqxm6naq0qgp917qzb8w-calamares-3.4.2/share/info -DCMAKE_INSTALL_MANDIR=/nix/store/9pq87i897npipqxm6naq0qgp917qzb8w-calamares-3.4.2/share/man -DCMAKE_INSTALL_INCLUDEDIR=/nix/store/9pq87i897npipqxm6naq0qgp917qzb8w-calamares-3.4.2/include -DCMAKE_INSTALL_SBINDIR=/nix/store/9pq87i897npipqxm6naq0qgp917qzb8w-calamares-3.4.2/sbin -DCMAKE_INSTALL_BINDIR=/nix/store/9pq87i897npipqxm6naq0qgp917qzb8w-calamares-3.4.2/bin -DCMAKE_INSTALL_NAME_DIR=/nix/store/9pq87i897npipqxm6naq0qgp917qzb8w-calamares-3.4.2/lib -DCMAKE_STRIP=/nix/store/79mr0jw3qccq7hhf1hh62knxd88dwazc-gcc-wrapper-15.3.0/bin/strip -DCMAKE_RANLIB=/nix/store/79mr0jw3qccq7hhf1hh62knxd88dwazc-gcc-wrapper-15.3.0/bin/ranlib -DCMAKE_AR=/nix/store/79mr0jw3qccq7hhf1hh62knxd88dwazc-gcc-wrapper-15.3.0/bin/ar -DCMAKE_C_COMPILER=gcc -DCMAKE_CXX_COMPILER=g++ -DCMAKE_INSTALL_PREFIX=/nix/store/9pq87i897npipqxm6naq0qgp917qzb8w-calamares-3.4.2 -DQT_OPTIONAL_TOOLS_PATH=/nix/store/420si31pm4ykgib2b0hgpy2s1f13af4i-qttools-6.11.2 -DQT_OPTIONAL_TOOLS_PATH=/nix/store/420si31pm4ykgib2b0hgpy2s1f13af4i-qttools-6.11.2 -DKDE_INSTALL_EXECROOTDIR=/nix/store/9pq87i897npipqxm6naq0qgp917qzb8w-calamares-3.4.2 -DKDE_INSTALL_BINDIR=/nix/store/9pq87i897npipqxm6naq0qgp917qzb8w-calamares-3.4.2/bin -DKDE_INSTALL_SBINDIR=/nix/store/9pq87i897npipqxm6naq0qgp917qzb8w-calamares-3.4.2/sbin -DKDE_INSTALL_LIBDIR=/nix/store/9pq87i897npipqxm6naq0qgp917qzb8w-calamares-3.4.2/lib -DKDE_INSTALL_LIBEXECDIR=/nix/store/9pq87i897npipqxm6naq0qgp917qzb8w-calamares-3.4.2/libexec -DKDE_INSTALL_CMAKEPACKAGEDIR=/nix/store/9pq87i897npipqxm6naq0qgp917qzb8w-calamares-3.4.2/lib/cmake -DKDE_INSTALL_QTPLUGINDIR=/nix/store/9pq87i897npipqxm6naq0qgp917qzb8w-calamares-3.4.2/lib/qt-6/plugins -DKDE_INSTALL_PLUGINDIR=/nix/store/9pq87i897npipqxm6naq0qgp917qzb8w-calamares-3.4.2/lib/qt-6/plugins -DKDE_INSTALL_QMLDIR=/nix/store/9pq87i897npipqxm6naq0qgp917qzb8w-calamares-3.4.2/lib/qt-6/qml -DKDE_INSTALL_INCLUDEDIR=/nix/store/9pq87i897npipqxm6naq0qgp917qzb8w-calamares-3.4.2/include -DKDE_INSTALL_LOCALSTATEDIR=/var -DKDE_INSTALL_SHAREDSTATEDIR=/com -DKDE_INSTALL_DATAROOTDIR=/nix/store/9pq87i897npipqxm6naq0qgp917qzb8w-calamares-3.4.2/share -DKDE_INSTALL_DATADIR=/nix/store/9pq87i897npipqxm6naq0qgp917qzb8w-calamares-3.4.2/share -DKDE_INSTALL_DOCBUNDLEDIR=/nix/store/9pq87i897npipqxm6naq0qgp917qzb8w-calamares-3.4.2/share/doc/HTML -DKDE_INSTALL_KCFGDIR=/nix/store/9pq87i897npipqxm6naq0qgp917qzb8w-calamares-3.4.2/share/config.kcfg -DKDE_INSTALL_KCONFUPDATEDIR=/nix/store/9pq87i897npipqxm6naq0qgp917qzb8w-calamares-3.4.2/share/kconf_update -DKDE_INSTALL_KAPPTEMPLATESDIR=/nix/store/9pq87i897npipqxm6naq0qgp917qzb8w-calamares-3.4.2/share/kdevappwizard/templates -DKDE_INSTALL_KFILETEMPLATESDIR=/nix/store/9pq87i897npipqxm6naq0qgp917qzb8w-calamares-3.4.2/share/kdevfiletemplates/templates -DKDE_INSTALL_KXMLGUIDIR=/nix/store/9pq87i897npipqxm6naq0qgp917qzb8w-calamares-3.4.2/share/kxmlgui5 -DKDE_INSTALL_KNOTIFYRCDIR=/nix/store/9pq87i897npipqxm6naq0qgp917qzb8w-calamares-3.4.2/share/knotifications6 -DKDE_INSTALL_ICONDIR=/nix/store/9pq87i897npipqxm6naq0qgp917qzb8w-calamares-3.4.2/share/icons -DKDE_INSTALL_LOCALEDIR=/nix/store/9pq87i897npipqxm6naq0qgp917qzb8w-calamares-3.4.2/share/locale -DKDE_INSTALL_SOUNDDIR=/nix/store/9pq87i897npipqxm6naq0qgp917qzb8w-calamares-3.4.2/share/sounds -DKDE_INSTALL_TEMPLATEDIR=/nix/store/9pq87i897npipqxm6naq0qgp917qzb8w-calamares-3.4.2/share/templates -DKDE_INSTALL_WALLPAPERDIR=/nix/store/9pq87i897npipqxm6naq0qgp917qzb8w-calamares-3.4.2/share/wallpapers -DKDE_INSTALL_APPDIR=/nix/store/9pq87i897npipqxm6naq0qgp917qzb8w-calamares-3.4.2/share/applications -DKDE_INSTALL_DESKTOPDIR=/nix/store/9pq87i897npipqxm6naq0qgp917qzb8w-calamares-3.4.2/share/desktop-directories -DKDE_INSTALL_MIMEDIR=/nix/store/9pq87i897npipqxm6naq0qgp917qzb8w-calamares-3.4.2/share/mime/packages -DKDE_INSTALL_METAINFODIR=/nix/store/9pq87i897npipqxm6naq0qgp917qzb8w-calamares-3.4.2/share/metainfo -DKDE_INSTALL_QTQCHDIR=/nix/store/9pq87i897npipqxm6naq0qgp917qzb8w-calamares-3.4.2/share/doc/qch -DKDE_INSTALL_QCHDIR=/nix/store/9pq87i897npipqxm6naq0qgp917qzb8w-calamares-3.4.2/share/doc/qch -DKDE_INSTALL_MANDIR=/nix/store/9pq87i897npipqxm6naq0qgp917qzb8w-calamares-3.4.2/share/man -DKDE_INSTALL_INFODIR=/nix/store/9pq87i897npipqxm6naq0qgp917qzb8w-calamares-3.4.2/share/info -DKDE_INSTALL_DBUSDIR=/nix/store/9pq87i897npipqxm6naq0qgp917qzb8w-calamares-3.4.2/share/dbus-1 -DKDE_INSTALL_DBUSINTERFACEDIR=/nix/store/9pq87i897npipqxm6naq0qgp917qzb8w-calamares-3.4.2/share/dbus-1/interfaces -DKDE_INSTALL_DBUSSERVICEDIR=/nix/store/9pq87i897npipqxm6naq0qgp917qzb8w-calamares-3.4.2/share/dbus-1/services -DKDE_INSTALL_DBUSSYSTEMSERVICEDIR=/nix/store/9pq87i897npipqxm6naq0qgp917qzb8w-calamares-3.4.2/share/dbus-1/system-services -DKDE_INSTALL_SYSCONFDIR=/nix/store/9pq87i897npipqxm6naq0qgp917qzb8w-calamares-3.4.2/etc -DKDE_INSTALL_CONFDIR=/nix/store/9pq87i897npipqxm6naq0qgp917qzb8w-calamares-3.4.2/etc/xdg -DKDE_INSTALL_AUTOSTARTDIR=/nix/store/9pq87i897npipqxm6naq0qgp917qzb8w-calamares-3.4.2/etc/xdg/autostart -DKDE_INSTALL_LOGGINGCATEGORIESDIR=/nix/store/9pq87i897npipqxm6naq0qgp917qzb8w-calamares-3.4.2/share/qlogging-categories6 -DKDE_INSTALL_SYSTEMDUNITDIR=/nix/store/9pq87i897npipqxm6naq0qgp917qzb8w-calamares-3.4.2/lib/systemd -DKDE_INSTALL_SYSTEMDUSERUNITDIR=/nix/store/9pq87i897npipqxm6naq0qgp917qzb8w-calamares-3.4.2/share/systemd/user -DKDE_INSTALL_EXECROOTDIR=/nix/store/9pq87i897npipqxm6naq0qgp917qzb8w-calamares-3.4.2 -DKDE_INSTALL_BINDIR=/nix/store/9pq87i897npipqxm6naq0qgp917qzb8w-calamares-3.4.2/bin -DKDE_INSTALL_SBINDIR=/nix/store/9pq87i897npipqxm6naq0qgp917qzb8w-calamares-3.4.2/sbin -DKDE_INSTALL_LIBDIR=/nix/store/9pq87i897npipqxm6naq0qgp917qzb8w-calamares-3.4.2/lib -DKDE_INSTALL_LIBEXECDIR=/nix/store/9pq87i897npipqxm6naq0qgp917qzb8w-calamares-3.4.2/libexec -DKDE_INSTALL_CMAKEPACKAGEDIR=/nix/store/9pq87i897npipqxm6naq0qgp917qzb8w-calamares-3.4.2/lib/cmake -DKDE_INSTALL_QTPLUGINDIR=/nix/store/9pq87i897npipqxm6naq0qgp917qzb8w-calamares-3.4.2/lib/qt-6/plugins -DKDE_INSTALL_PLUGINDIR=/nix/store/9pq87i897npipqxm6naq0qgp917qzb8w-calamares-3.4.2/lib/qt-6/plugins -DKDE_INSTALL_QMLDIR=/nix/store/9pq87i897npipqxm6naq0qgp917qzb8w-calamares-3.4.2/lib/qt-6/qml -DKDE_INSTALL_INCLUDEDIR=/nix/store/9pq87i897npipqxm6naq0qgp917qzb8w-calamares-3.4.2/include -DKDE_INSTALL_LOCALSTATEDIR=/var -DKDE_INSTALL_SHAREDSTATEDIR=/com -DKDE_INSTALL_DATAROOTDIR=/nix/store/9pq87i897npipqxm6naq0qgp917qzb8w-calamares-3.4.2/share -DKDE_INSTALL_DATADIR=/nix/store/9pq87i897npipqxm6naq0qgp917qzb8w-calamares-3.4.2/share -DKDE_INSTALL_DOCBUNDLEDIR=/nix/store/9pq87i897npipqxm6naq0qgp917qzb8w-calamares-3.4.2/share/doc/HTML -DKDE_INSTALL_KCFGDIR=/nix/store/9pq87i897npipqxm6naq0qgp917qzb8w-calamares-3.4.2/share/config.kcfg -DKDE_INSTALL_KCONFUPDATEDIR=/nix/store/9pq87i897npipqxm6naq0qgp917qzb8w-calamares-3.4.2/share/kconf_update -DKDE_INSTALL_KAPPTEMPLATESDIR=/nix/store/9pq87i897npipqxm6naq0qgp917qzb8w-calamares-3.4.2/share/kdevappwizard/templates -DKDE_INSTALL_KFILETEMPLATESDIR=/nix/store/9pq87i897npipqxm6naq0qgp917qzb8w-calamares-3.4.2/share/kdevfiletemplates/templates -DKDE_INSTALL_KXMLGUIDIR=/nix/store/9pq87i897npipqxm6naq0qgp917qzb8w-calamares-3.4.2/share/kxmlgui5 -DKDE_INSTALL_KNOTIFYRCDIR=/nix/store/9pq87i897npipqxm6naq0qgp917qzb8w-calamares-3.4.2/share/knotifications6 -DKDE_INSTALL_ICONDIR=/nix/store/9pq87i897npipqxm6naq0qgp917qzb8w-calamares-3.4.2/share/icons -DKDE_INSTALL_LOCALEDIR=/nix/store/9pq87i897npipqxm6naq0qgp917qzb8w-calamares-3.4.2/share/locale -DKDE_INSTALL_SOUNDDIR=/nix/store/9pq87i897npipqxm6naq0qgp917qzb8w-calamares-3.4.2/share/sounds -DKDE_INSTALL_TEMPLATEDIR=/nix/store/9pq87i897npipqxm6naq0qgp917qzb8w-calamares-3.4.2/share/templates -DKDE_INSTALL_WALLPAPERDIR=/nix/store/9pq87i897npipqxm6naq0qgp917qzb8w-calamares-3.4.2/share/wallpapers -DKDE_INSTALL_APPDIR=/nix/store/9pq87i897npipqxm6naq0qgp917qzb8w-calamares-3.4.2/share/applications -DKDE_INSTALL_DESKTOPDIR=/nix/store/9pq87i897npipqxm6naq0qgp917qzb8w-calamares-3.4.2/share/desktop-directories -DKDE_INSTALL_MIMEDIR=/nix/store/9pq87i897npipqxm6naq0qgp917qzb8w-calamares-3.4.2/share/mime/packages -DKDE_INSTALL_METAINFODIR=/nix/store/9pq87i897npipqxm6naq0qgp917qzb8w-calamares-3.4.2/share/metainfo -DKDE_INSTALL_QTQCHDIR=/nix/store/9pq87i897npipqxm6naq0qgp917qzb8w-calamares-3.4.2/share/doc/qch -DKDE_INSTALL_QCHDIR=/nix/store/9pq87i897npipqxm6naq0qgp917qzb8w-calamares-3.4.2/share/doc/qch -DKDE_INSTALL_MANDIR=/nix/store/9pq87i897npipqxm6naq0qgp917qzb8w-calamares-3.4.2/share/man -DKDE_INSTALL_INFODIR=/nix/store/9pq87i897npipqxm6naq0qgp917qzb8w-calamares-3.4.2/share/info -DKDE_INSTALL_DBUSDIR=/nix/store/9pq87i897npipqxm6naq0qgp917qzb8w-calamares-3.4.2/share/dbus-1 -DKDE_INSTALL_DBUSINTERFACEDIR=/nix/store/9pq87i897npipqxm6naq0qgp917qzb8w-calamares-3.4.2/share/dbus-1/interfaces -DKDE_INSTALL_DBUSSERVICEDIR=/nix/store/9pq87i897npipqxm6naq0qgp917qzb8w-calamares-3.4.2/share/dbus-1/services -DKDE_INSTALL_DBUSSYSTEMSERVICEDIR=/nix/store/9pq87i897npipqxm6naq0qgp917qzb8w-calamares-3.4.2/share/dbus-1/system-services -DKDE_INSTALL_SYSCONFDIR=/nix/store/9pq87i897npipqxm6naq0qgp917qzb8w-calamares-3.4.2/etc -DKDE_INSTALL_CONFDIR=/nix/store/9pq87i897npipqxm6naq0qgp917qzb8w-calamares-3.4.2/etc/xdg -DKDE_INSTALL_AUTOSTARTDIR=/nix/store/9pq87i897npipqxm6naq0qgp917qzb8w-calamares-3.4.2/etc/xdg/autostart -DKDE_INSTALL_LOGGINGCATEGORIESDIR=/nix/store/9pq87i897npipqxm6naq0qgp917qzb8w-calamares-3.4.2/share/qlogging-categories6 -DKDE_INSTALL_SYSTEMDUNITDIR=/nix/store/9pq87i897npipqxm6naq0qgp917qzb8w-calamares-3.4.2/lib/systemd -DKDE_INSTALL_SYSTEMDUSERUNITDIR=/nix/store/9pq87i897npipqxm6naq0qgp917qzb8w-calamares-3.4.2/share/systemd/user
-- The C compiler identification is GNU 15.3.0
-- The CXX compiler identification is GNU 15.3.0
-- Detecting C compiler ABI info
-- Detecting C compiler ABI info - done
-- Check for working C compiler: /nix/store/79mr0jw3qccq7hhf1hh62knxd88dwazc-gcc-wrapper-15.3.0/bin/gcc - skipped
-- Detecting C compile features
-- Detecting C compile features - done
-- Detecting CXX compiler ABI info
-- Detecting CXX compiler ABI info - done
-- Check for working CXX compiler: /nix/store/79mr0jw3qccq7hhf1hh62knxd88dwazc-gcc-wrapper-15.3.0/bin/g++ - skipped
-- Detecting CXX compile features
-- Detecting CXX compile features - done
-- Building Calamares with Qt6
-- Found GNU g++ 15.3.0, enabling colorized error messages.
-- Performing Test CMAKE_HAVE_LIBC_PTHREAD
-- Performing Test CMAKE_HAVE_LIBC_PTHREAD - Success
-- Found Threads: TRUE
-- Performing Test HAVE_STDATOMIC
-- Performing Test HAVE_STDATOMIC - Success
-- Found WrapAtomic: TRUE
-- Found OpenGL: /nix/store/mwlz1nal5bznpy8mlp02ry79h3083k1b-libglvnd-1.7.0/lib/libOpenGL.so
-- Found WrapOpenGL: TRUE
-- Found WrapVulkanHeaders: /nix/store/y5cj46l7dvhhz63rwgqd71h723i3q8c0-vulkan-headers-1.4.341.0/include
-- Found YAMLCPP: /nix/store/k2in4s7hv1s42gql8xlsw39wfz9qa4xa-yaml-cpp-0.8.0/include (Required is at least version "0.5.1")
-- Found KDE ECM /nix/store/dw4fnvkahpz1dnw2yssnfw6plknapcm2-extra-cmake-modules-6.26.0/share/ECM/modules/;/nix/store/dw4fnvkahpz1dnw2yssnfw6plknapcm2-extra-cmake-modules-6.26.0/share/ECM/find-modules/;/nix/store/dw4fnvkahpz1dnw2yssnfw6plknapcm2-extra-cmake-modules-6.26.0/share/ECM/kde-modules
-- Found Python3: /nix/store/9r02ykx9y35lf4gk6gc30gnag1y8ncp7-python3-3.13.15/bin/python3.13 (found version "3.13.15") found components: Interpreter
Installing in /nix/store/9pq87i897npipqxm6naq0qgp917qzb8w-calamares-3.4.2. Run /build/source/build/prefix.sh to set the environment for CALAMARES.
-- Found Python: /nix/store/9r02ykx9y35lf4gk6gc30gnag1y8ncp7-python3-3.13.15/bin/python3.13 (found suitable version "3.13.15", minimum required is "3.6") found components: Interpreter Development Development.Module Development.Embed
No module named 'jsonschema'

Dependencies for this tool are: py-yaml and py-jsonschema.

    https://pyyaml.org/
    https://github.com/Julian/jsonschema

Simple installation is `pip install pyyaml jsonschema`

-- Checked for config-validation dependencies: NOT-FOUND
-- Found Gettext: /nix/store/f1f91rpyx593qcjrwkpl7n0rzyl2rkfg-gettext-1.0/bin/msgmerge (found version "1.0")
-- Installing gettext translations for python
--   Installing python.mo from /build/source/lang/python
--   Skipping python translations for en_US
-- Configured QML module: calamares.slideshow

-- Config bootloader.conf
-- Non-Config bootloader.schema.yaml
-- Non-Config main.py
-- Non-Config module.desc
-- Non-Config test.yaml
-- Found Calamares module: bootloader
   TYPE: jobmodule
   MODULE_DESTINATION: /nix/store/9pq87i897npipqxm6naq0qgp917qzb8w-calamares-3.4.2/lib/calamares/modules/bootloader
   CONFIGURATION_FILES: bootloader.conf => [Build directory only]

-- Found Calamares module: contextualprocess
   TYPE: job
   LINK_LIBRARIES: 
   LINK_PRIVATE_LIBRARIES: 
   PLUGIN_DESTINATION: /nix/store/9pq87i897npipqxm6naq0qgp917qzb8w-calamares-3.4.2/lib/calamares/modules/contextualprocess
   CONFIGURATION_FILES: contextualprocess.conf => [Build directory only]

-- Config displaymanager.conf
-- Non-Config displaymanager.schema.yaml
-- Non-Config main.py
-- Non-Config module.desc
-- Found Calamares module: displaymanager
   TYPE: jobmodule
   MODULE_DESTINATION: /nix/store/9pq87i897npipqxm6naq0qgp917qzb8w-calamares-3.4.2/lib/calamares/modules/displaymanager
   CONFIGURATION_FILES: displaymanager.conf => [Build directory only]

-- Config dracut.conf
-- Non-Config dracut.schema.yaml
-- Non-Config main.py
-- Non-Config module.desc
-- Found Calamares module: dracut
   TYPE: jobmodule
   MODULE_DESTINATION: /nix/store/9pq87i897npipqxm6naq0qgp917qzb8w-calamares-3.4.2/lib/calamares/modules/dracut
   CONFIGURATION_FILES: dracut.conf => [Build directory only]

-- Found Calamares module: dracutlukscfg
   TYPE: job
   LINK_LIBRARIES: 
   LINK_PRIVATE_LIBRARIES: 
   PLUGIN_DESTINATION: /nix/store/9pq87i897npipqxm6naq0qgp917qzb8w-calamares-3.4.2/lib/calamares/modules/dracutlukscfg

-- Found Calamares module: dummycpp
   TYPE: job
   LINK_LIBRARIES: 
   LINK_PRIVATE_LIBRARIES: 
   PLUGIN_DESTINATION: /nix/store/9pq87i897npipqxm6naq0qgp917qzb8w-calamares-3.4.2/lib/calamares/modules/dummycpp
   CONFIGURATION_FILES: dummycpp.conf => [Build directory only]

-- Non-Config module.desc
-- Found Calamares module: dummyprocess
   TYPE: jobmodule
   MODULE_DESTINATION: /nix/store/9pq87i897npipqxm6naq0qgp917qzb8w-calamares-3.4.2/lib/calamares/modules/dummyprocess

-- Config dummypython.conf
-- Non-Config main.py
-- Non-Config module.desc
-- Found Calamares module: dummypython
   TYPE: jobmodule
   MODULE_DESTINATION: /nix/store/9pq87i897npipqxm6naq0qgp917qzb8w-calamares-3.4.2/lib/calamares/modules/dummypython
   CONFIGURATION_FILES: dummypython.conf => [Build directory only]

-- Found Calamares module: finished
   TYPE: viewmodule
   LINK_LIBRARIES: 
   LINK_PRIVATE_LIBRARIES: Qt6::DBus
   PLUGIN_DESTINATION: /nix/store/9pq87i897npipqxm6naq0qgp917qzb8w-calamares-3.4.2/lib/calamares/modules/finished
   CONFIGURATION_FILES: finished.conf => [Build directory only]

-- Found Calamares module: finishedq
   TYPE: viewmodule
   LINK_LIBRARIES: 
   LINK_PRIVATE_LIBRARIES: Qt6::DBus
   PLUGIN_DESTINATION: /nix/store/9pq87i897npipqxm6naq0qgp917qzb8w-calamares-3.4.2/lib/calamares/modules/finishedq
   CONFIGURATION_FILES: finishedq.conf => [Build directory only]
   RESOURCES: finishedq-qt6.qrc

-- KPMcore has already been found
-- Found Calamares module: fsresizer
   TYPE: job
   LINK_LIBRARIES: 
   LINK_PRIVATE_LIBRARIES: calamares::kpmcore
   PLUGIN_DESTINATION: /nix/store/9pq87i897npipqxm6naq0qgp917qzb8w-calamares-3.4.2/lib/calamares/modules/fsresizer
   CONFIGURATION_FILES: fsresizer.conf => [Build directory only]

-- Config fstab.conf
-- Non-Config fstab.schema.yaml
-- Non-Config main.py
-- Non-Config module.desc
-- Non-Config test.yaml
-- Non-Config test2.yaml
-- Found Calamares module: fstab
   TYPE: jobmodule
   MODULE_DESTINATION: /nix/store/9pq87i897npipqxm6naq0qgp917qzb8w-calamares-3.4.2/lib/calamares/modules/fstab
   CONFIGURATION_FILES: fstab.conf => [Build directory only]

-- Config grubcfg.conf
-- Non-Config grubcfg.schema.yaml
-- Non-Config main.py
-- Non-Config module.desc
-- Found Calamares module: grubcfg
   TYPE: jobmodule
   MODULE_DESTINATION: /nix/store/9pq87i897npipqxm6naq0qgp917qzb8w-calamares-3.4.2/lib/calamares/modules/grubcfg
   CONFIGURATION_FILES: grubcfg.conf => [Build directory only]

-- Found Calamares module: hostinfo
   TYPE: job
   LINK_LIBRARIES: 
   LINK_PRIVATE_LIBRARIES: 
   PLUGIN_DESTINATION: /nix/store/9pq87i897npipqxm6naq0qgp917qzb8w-calamares-3.4.2/lib/calamares/modules/hostinfo

-- Non-Config main.py
-- Non-Config module.desc
-- Found Calamares module: hwclock
   TYPE: jobmodule
   MODULE_DESTINATION: /nix/store/9pq87i897npipqxm6naq0qgp917qzb8w-calamares-3.4.2/lib/calamares/modules/hwclock

-- Found Calamares module: initcpio
   TYPE: job
   LINK_LIBRARIES: 
   LINK_PRIVATE_LIBRARIES: 
   PLUGIN_DESTINATION: /nix/store/9pq87i897npipqxm6naq0qgp917qzb8w-calamares-3.4.2/lib/calamares/modules/initcpio
   CONFIGURATION_FILES: initcpio.conf => [Build directory only]

-- Config initcpiocfg.conf
-- Non-Config initcpiocfg.schema.yaml
-- Non-Config main.py
-- Non-Config module.desc
-- Non-Config test.yaml
-- Found Calamares module: initcpiocfg
   TYPE: jobmodule
   MODULE_DESTINATION: /nix/store/9pq87i897npipqxm6naq0qgp917qzb8w-calamares-3.4.2/lib/calamares/modules/initcpiocfg
   CONFIGURATION_FILES: initcpiocfg.conf => [Build directory only]

-- Found Calamares module: initramfs
   TYPE: job
   LINK_LIBRARIES: 
   LINK_PRIVATE_LIBRARIES: 
   PLUGIN_DESTINATION: /nix/store/9pq87i897npipqxm6naq0qgp917qzb8w-calamares-3.4.2/lib/calamares/modules/initramfs
   CONFIGURATION_FILES: initramfs.conf => [Build directory only]

-- Non-Config encrypt_hook
-- Non-Config encrypt_hook_nokey
-- Non-Config main.py
-- Non-Config module.desc
-- Found Calamares module: initramfscfg
   TYPE: jobmodule
   MODULE_DESTINATION: /nix/store/9pq87i897npipqxm6naq0qgp917qzb8w-calamares-3.4.2/lib/calamares/modules/initramfscfg

-- Found X11: /nix/store/4wpk4zqxl1gqfzy9y9nxnggqqnga93mz-xorgproto-2025.1/include
-- Looking for XOpenDisplay in /nix/store/4wkicwb2jx5h63d79g5qyp9kn4vx27yb-libx11-1.8.13/lib/libX11.so;/nix/store/jkswprq04f9sm9qs2nqr287zywv8k9wf-libxext-1.3.7/lib/libXext.so
-- Looking for XOpenDisplay in /nix/store/4wkicwb2jx5h63d79g5qyp9kn4vx27yb-libx11-1.8.13/lib/libX11.so;/nix/store/jkswprq04f9sm9qs2nqr287zywv8k9wf-libxext-1.3.7/lib/libXext.so - found
-- Looking for gethostbyname
-- Looking for gethostbyname - found
-- Looking for connect
-- Looking for connect - found
-- Looking for remove
-- Looking for remove - found
-- Looking for shmat
-- Looking for shmat - found
-- Found Calamares module: interactiveterminal
   TYPE: viewmodule
   LINK_LIBRARIES: KF6::Service;KF6::Parts
   LINK_PRIVATE_LIBRARIES: 
   PLUGIN_DESTINATION: /nix/store/9pq87i897npipqxm6naq0qgp917qzb8w-calamares-3.4.2/lib/calamares/modules/interactiveterminal
   CONFIGURATION_FILES: interactiveterminal.conf => [Build directory only]

-- Found Calamares module: keyboard
   TYPE: viewmodule
   LINK_LIBRARIES: Qt6::DBus
   LINK_PRIVATE_LIBRARIES: 
   PLUGIN_DESTINATION: /nix/store/9pq87i897npipqxm6naq0qgp917qzb8w-calamares-3.4.2/lib/calamares/modules/keyboard
   CONFIGURATION_FILES: keyboard.conf => [Build directory only]
   RESOURCES: keyboard.qrc

-- Found Calamares module: keyboardq
   TYPE: viewmodule
   LINK_LIBRARIES: Qt6::DBus
   LINK_PRIVATE_LIBRARIES: 
   PLUGIN_DESTINATION: /nix/store/9pq87i897npipqxm6naq0qgp917qzb8w-calamares-3.4.2/lib/calamares/modules/keyboardq
   CONFIGURATION_FILES: keyboardq.conf => [Build directory only]
   RESOURCES: keyboardq-qt6.qrc

-- Found Calamares module: license
   TYPE: viewmodule
   LINK_LIBRARIES: 
   LINK_PRIVATE_LIBRARIES: 
   PLUGIN_DESTINATION: /nix/store/9pq87i897npipqxm6naq0qgp917qzb8w-calamares-3.4.2/lib/calamares/modules/license
   CONFIGURATION_FILES: license.conf => [Build directory only]

-- Found Calamares module: locale
   TYPE: viewmodule
   LINK_LIBRARIES: 
   LINK_PRIVATE_LIBRARIES: Qt6::Network;yamlcpp::yamlcpp
   PLUGIN_DESTINATION: /nix/store/9pq87i897npipqxm6naq0qgp917qzb8w-calamares-3.4.2/lib/calamares/modules/locale
   CONFIGURATION_FILES: locale.conf => [Build directory only]
   RESOURCES: locale.qrc

-- Non-Config main.py
-- Non-Config module.desc
-- Found Calamares module: localecfg
   TYPE: jobmodule
   MODULE_DESTINATION: /nix/store/9pq87i897npipqxm6naq0qgp917qzb8w-calamares-3.4.2/lib/calamares/modules/localecfg

-- Could NOT find Qt6Location (missing: Qt6Location_DIR)
-- Could NOT find Qt6Positioning (missing: Qt6Positioning_DIR)
-- Found Calamares module: localeq
   TYPE: viewmodule
   LINK_LIBRARIES: 
   LINK_PRIVATE_LIBRARIES: Qt6::Network
   PLUGIN_DESTINATION: /nix/store/9pq87i897npipqxm6naq0qgp917qzb8w-calamares-3.4.2/lib/calamares/modules/localeq
   CONFIGURATION_FILES: localeq.conf => [Build directory only]
   RESOURCES: localeq-qt6.qrc

-- Found Calamares module: luksbootkeyfile
   TYPE: job
   LINK_LIBRARIES: 
   LINK_PRIVATE_LIBRARIES: 
   PLUGIN_DESTINATION: /nix/store/9pq87i897npipqxm6naq0qgp917qzb8w-calamares-3.4.2/lib/calamares/modules/luksbootkeyfile
   CONFIGURATION_FILES: luksbootkeyfile.conf => [Build directory only]

-- Found Calamares module: luksopenswaphookcfg
   TYPE: job
   LINK_LIBRARIES: 
   LINK_PRIVATE_LIBRARIES: 
   PLUGIN_DESTINATION: /nix/store/9pq87i897npipqxm6naq0qgp917qzb8w-calamares-3.4.2/lib/calamares/modules/luksopenswaphookcfg
   CONFIGURATION_FILES: luksopenswaphookcfg.conf => [Build directory only]

-- Found Calamares module: machineid
   TYPE: job
   LINK_LIBRARIES: 
   LINK_PRIVATE_LIBRARIES: 
   PLUGIN_DESTINATION: /nix/store/9pq87i897npipqxm6naq0qgp917qzb8w-calamares-3.4.2/lib/calamares/modules/machineid
   CONFIGURATION_FILES: machineid.conf => [Build directory only]

-- Non-Config main.py
-- Non-Config module.desc
-- Found Calamares module: mkinitfs
   TYPE: jobmodule
   MODULE_DESTINATION: /nix/store/9pq87i897npipqxm6naq0qgp917qzb8w-calamares-3.4.2/lib/calamares/modules/mkinitfs

-- Non-Config main.py
-- Non-Config module.desc
-- Config mount.conf
-- Non-Config mount.schema.yaml
-- Found Calamares module: mount
   TYPE: jobmodule
   MODULE_DESTINATION: /nix/store/9pq87i897npipqxm6naq0qgp917qzb8w-calamares-3.4.2/lib/calamares/modules/mount
   CONFIGURATION_FILES: mount.conf => [Build directory only]

-- Found Calamares module: netinstall
   TYPE: viewmodule
   LINK_LIBRARIES: 
   LINK_PRIVATE_LIBRARIES: Qt6::Network
   PLUGIN_DESTINATION: /nix/store/9pq87i897npipqxm6naq0qgp917qzb8w-calamares-3.4.2/lib/calamares/modules/netinstall
   CONFIGURATION_FILES: netinstall.conf => [Build directory only]

-- Non-Config main.py
-- Non-Config module.desc
-- Found Calamares module: networkcfg
   TYPE: jobmodule
   MODULE_DESTINATION: /nix/store/9pq87i897npipqxm6naq0qgp917qzb8w-calamares-3.4.2/lib/calamares/modules/networkcfg

-- Found Calamares module: notesqml
   TYPE: viewmodule
   LINK_LIBRARIES: 
   LINK_PRIVATE_LIBRARIES: 
   PLUGIN_DESTINATION: /nix/store/9pq87i897npipqxm6naq0qgp917qzb8w-calamares-3.4.2/lib/calamares/modules/notesqml
   CONFIGURATION_FILES: notesqml.conf => [Build directory only]
   RESOURCES: notesqml.qrc

-- Found Calamares module: oemid
   TYPE: viewmodule
   LINK_LIBRARIES: 
   LINK_PRIVATE_LIBRARIES: Qt6::Widgets
   PLUGIN_DESTINATION: /nix/store/9pq87i897npipqxm6naq0qgp917qzb8w-calamares-3.4.2/lib/calamares/modules/oemid
   CONFIGURATION_FILES: oemid.conf => [Build directory only]

-- Non-Config main.py
-- Non-Config module.desc
-- Config openrcdmcryptcfg.conf
-- Found Calamares module: openrcdmcryptcfg
   TYPE: jobmodule
   MODULE_DESTINATION: /nix/store/9pq87i897npipqxm6naq0qgp917qzb8w-calamares-3.4.2/lib/calamares/modules/openrcdmcryptcfg
   CONFIGURATION_FILES: openrcdmcryptcfg.conf => [Build directory only]

-- Found Calamares module: packagechooser
   TYPE: viewmodule
   LINK_LIBRARIES: 
   LINK_PRIVATE_LIBRARIES: 
   PLUGIN_DESTINATION: /nix/store/9pq87i897npipqxm6naq0qgp917qzb8w-calamares-3.4.2/lib/calamares/modules/packagechooser
   CONFIGURATION_FILES: packagechooser.conf => [Build directory only]
   RESOURCES: packagechooser.qrc

-- Found Calamares module: packagechooserq
   TYPE: viewmodule
   LINK_LIBRARIES: 
   LINK_PRIVATE_LIBRARIES: calamaresui
   PLUGIN_DESTINATION: /nix/store/9pq87i897npipqxm6naq0qgp917qzb8w-calamares-3.4.2/lib/calamares/modules/packagechooserq
   CONFIGURATION_FILES: packagechooserq.conf => [Build directory only]
   RESOURCES: packagechooserq-qt6.qrc

-- Non-Config main.py
-- Non-Config module.desc
-- Config packages.conf
-- Non-Config packages.schema.yaml
-- Found Calamares module: packages
   TYPE: jobmodule
   MODULE_DESTINATION: /nix/store/9pq87i897npipqxm6naq0qgp917qzb8w-calamares-3.4.2/lib/calamares/modules/packages
   CONFIGURATION_FILES: packages.conf => [Build directory only]

-- KPMcore has already been found
-- Found Calamares module: partition
   TYPE: viewmodule
   LINK_LIBRARIES: 
   LINK_PRIVATE_LIBRARIES: calamares::kpmcore;KF6::CoreAddons
   PLUGIN_DESTINATION: /nix/store/9pq87i897npipqxm6naq0qgp917qzb8w-calamares-3.4.2/lib/calamares/modules/partition
   CONFIGURATION_FILES: partition.conf => [Build directory only]

-- Found KF6Config: /nix/store/5izplnvfpcflfc0yn5mb39zq62hc33zh-kconfig-6.26.0-dev/lib/cmake/KF6Config/KF6ConfigConfig.cmake (found version "6.26.0")
-- Found KF6Package: /nix/store/0wav0yw45cnlisgxdqv7bv7dnj6y1drz-kpackage-6.26.0-dev/lib/cmake/KF6Package/KF6PackageConfig.cmake (found version "6.26.0")
-- Found Calamares module: plasmalnf
   TYPE: viewmodule
   LINK_LIBRARIES: 
   LINK_PRIVATE_LIBRARIES: KF6::Package;Plasma::Plasma
   PLUGIN_DESTINATION: /nix/store/9pq87i897npipqxm6naq0qgp917qzb8w-calamares-3.4.2/lib/calamares/modules/plasmalnf
   CONFIGURATION_FILES: plasmalnf.conf => [Build directory only]
   RESOURCES: page_plasmalnf.qrc

-- Non-Config main.py
-- Non-Config module.desc
-- Config plymouthcfg.conf
-- Non-Config plymouthcfg.schema.yaml
-- Found Calamares module: plymouthcfg
   TYPE: jobmodule
   MODULE_DESTINATION: /nix/store/9pq87i897npipqxm6naq0qgp917qzb8w-calamares-3.4.2/lib/calamares/modules/plymouthcfg
   CONFIGURATION_FILES: plymouthcfg.conf => [Build directory only]

-- Found Calamares module: preservefiles
   TYPE: job
   LINK_LIBRARIES: 
   LINK_PRIVATE_LIBRARIES: 
   PLUGIN_DESTINATION: /nix/store/9pq87i897npipqxm6naq0qgp917qzb8w-calamares-3.4.2/lib/calamares/modules/preservefiles
   CONFIGURATION_FILES: preservefiles.conf => [Build directory only]

-- Non-Config main.py
-- Non-Config module.desc
-- Config rawfs.conf
-- Found Calamares module: rawfs
   TYPE: jobmodule
   MODULE_DESTINATION: /nix/store/9pq87i897npipqxm6naq0qgp917qzb8w-calamares-3.4.2/lib/calamares/modules/rawfs
   CONFIGURATION_FILES: rawfs.conf => [Build directory only]

-- Found Calamares module: removeuser
   TYPE: job
   LINK_LIBRARIES: 
   LINK_PRIVATE_LIBRARIES: 
   PLUGIN_DESTINATION: /nix/store/9pq87i897npipqxm6naq0qgp917qzb8w-calamares-3.4.2/lib/calamares/modules/removeuser
   CONFIGURATION_FILES: removeuser.conf => [Build directory only]

-- Non-Config main.py
-- Non-Config module.desc
-- Config services-openrc.conf
-- Found Calamares module: services-openrc
   TYPE: jobmodule
   MODULE_DESTINATION: /nix/store/9pq87i897npipqxm6naq0qgp917qzb8w-calamares-3.4.2/lib/calamares/modules/services-openrc
   CONFIGURATION_FILES: services-openrc.conf => [Build directory only]

-- Non-Config main.py
-- Non-Config module.desc
-- Config services-systemd.conf
-- Non-Config services-systemd.schema.yaml
-- Found Calamares module: services-systemd
   TYPE: jobmodule
   MODULE_DESTINATION: /nix/store/9pq87i897npipqxm6naq0qgp917qzb8w-calamares-3.4.2/lib/calamares/modules/services-systemd
   CONFIGURATION_FILES: services-systemd.conf => [Build directory only]

-- Found Calamares module: shellprocess
   TYPE: job
   LINK_LIBRARIES: 
   LINK_PRIVATE_LIBRARIES: 
   PLUGIN_DESTINATION: /nix/store/9pq87i897npipqxm6naq0qgp917qzb8w-calamares-3.4.2/lib/calamares/modules/shellprocess
   CONFIGURATION_FILES: shellprocess.conf => [Build directory only]

-- Found Calamares module: summary
   TYPE: viewmodule
   LINK_LIBRARIES: 
   LINK_PRIVATE_LIBRARIES: 
   PLUGIN_DESTINATION: /nix/store/9pq87i897npipqxm6naq0qgp917qzb8w-calamares-3.4.2/lib/calamares/modules/summary

-- Found Calamares module: summaryq
   TYPE: viewmodule
   LINK_LIBRARIES: 
   LINK_PRIVATE_LIBRARIES: calamaresui
   PLUGIN_DESTINATION: /nix/store/9pq87i897npipqxm6naq0qgp917qzb8w-calamares-3.4.2/lib/calamares/modules/summaryq
   RESOURCES: summaryq-qt6.qrc

-- Found Calamares module: tracking
   TYPE: viewmodule
   LINK_LIBRARIES: KF6::CoreAddons
   LINK_PRIVATE_LIBRARIES: 
   PLUGIN_DESTINATION: /nix/store/9pq87i897npipqxm6naq0qgp917qzb8w-calamares-3.4.2/lib/calamares/modules/tracking
   CONFIGURATION_FILES: tracking.conf => [Build directory only]
   RESOURCES: page_trackingstep.qrc

-- Found Calamares module: umount
   TYPE: job
   LINK_LIBRARIES: 
   LINK_PRIVATE_LIBRARIES: 
   PLUGIN_DESTINATION: /nix/store/9pq87i897npipqxm6naq0qgp917qzb8w-calamares-3.4.2/lib/calamares/modules/umount
   CONFIGURATION_FILES: umount.conf => [Build directory only]

-- Non-Config main.py
-- Non-Config module.desc
-- Non-Config runtests.sh
-- Config unpackfs.conf
-- Non-Config unpackfs.schema.yaml
-- Found Calamares module: unpackfs
   TYPE: jobmodule
   MODULE_DESTINATION: /nix/store/9pq87i897npipqxm6naq0qgp917qzb8w-calamares-3.4.2/lib/calamares/modules/unpackfs
   CONFIGURATION_FILES: unpackfs.conf => [Build directory only]

-- Found Calamares module: unpackfsc
   TYPE: job
   LINK_LIBRARIES: 
   LINK_PRIVATE_LIBRARIES: 
   PLUGIN_DESTINATION: /nix/store/9pq87i897npipqxm6naq0qgp917qzb8w-calamares-3.4.2/lib/calamares/modules/unpackfsc
   CONFIGURATION_FILES: unpackfsc.conf => [Build directory only]

-- Found Crypt: /nix/store/gxw5agd101a5g5jnyyd9q6bfric31l5a-libxcrypt-4.5.2/lib/libcrypt.so
-- Looking for crypt_gensalt
-- Looking for crypt_gensalt - found
-- Could NOT find PkgConfig (missing: PKG_CONFIG_EXECUTABLE) 
-- Found LibPWQuality: /nix/store/qafl8pf8m2qk5ipq5cr81bmvprs5fz9a-libpwquality-1.4.5-dev/include
-- Found ICU: /nix/store/ch3f2jpc29xv1x19lzdg91xcyap20kdi-icu4c-76.1-dev/include (found version "76.1") found components: uc i18n
-- Found Calamares module: users
   TYPE: viewmodule
   LINK_LIBRARIES: 
   LINK_PRIVATE_LIBRARIES: users_internal;crypt::crypt;KF6::CoreAddons;Qt6::DBus;crypt::crypt;/nix/store/f5v6i5pxnf3c3spdhzm1gnygls2556an-libpwquality-1.4.5-lib/lib/libpwquality.so;ICU::uc;ICU::i18n
   PLUGIN_DESTINATION: /nix/store/9pq87i897npipqxm6naq0qgp917qzb8w-calamares-3.4.2/lib/calamares/modules/users
   CONFIGURATION_FILES: users.conf => [Build directory only]
   RESOURCES: users.qrc

-- Could NOT find PkgConfig (missing: PKG_CONFIG_EXECUTABLE) 
-- Found Calamares module: usersq
   TYPE: viewmodule
   LINK_LIBRARIES: 
   LINK_PRIVATE_LIBRARIES: users_internal;/nix/store/gxw5agd101a5g5jnyyd9q6bfric31l5a-libxcrypt-4.5.2/lib/libcrypt.so;/nix/store/f5v6i5pxnf3c3spdhzm1gnygls2556an-libpwquality-1.4.5-lib/lib/libpwquality.so;ICU::uc;ICU::i18n;Qt6::DBus
   PLUGIN_DESTINATION: /nix/store/9pq87i897npipqxm6naq0qgp917qzb8w-calamares-3.4.2/lib/calamares/modules/usersq
   CONFIGURATION_FILES: usersq.conf => [Build directory only]
   RESOURCES: usersq-qt6.qrc

-- Found LIBPARTED: /nix/store/csjpvnw86p66v5mb5m0mcbkdafk6bk9s-parted-3.7/lib/libparted.so
-- Looking for ped_file_system_clobber
-- Looking for ped_file_system_clobber - not found
-- Looking for ped_file_system_resize
-- Looking for ped_file_system_resize - found
-- Found Calamares module: welcome
   TYPE: viewmodule
   LINK_LIBRARIES: 
   LINK_PRIVATE_LIBRARIES: /nix/store/csjpvnw86p66v5mb5m0mcbkdafk6bk9s-parted-3.7/lib/libparted.so;Qt6::DBus;Qt6::Network
   PLUGIN_DESTINATION: /nix/store/9pq87i897npipqxm6naq0qgp917qzb8w-calamares-3.4.2/lib/calamares/modules/welcome
   CONFIGURATION_FILES: welcome.conf => [Build directory only]
   RESOURCES: welcome.qrc

-- Found Calamares module: welcomeq
   TYPE: viewmodule
   LINK_LIBRARIES: 
   LINK_PRIVATE_LIBRARIES: /nix/store/csjpvnw86p66v5mb5m0mcbkdafk6bk9s-parted-3.7/lib/libparted.so;Qt6::DBus;Qt6::Network
   PLUGIN_DESTINATION: /nix/store/9pq87i897npipqxm6naq0qgp917qzb8w-calamares-3.4.2/lib/calamares/modules/welcomeq
   CONFIGURATION_FILES: welcomeq.conf => [Build directory only]
   RESOURCES: welcomeq-qt6.qrc

-- Found Calamares module: zfs
   TYPE: job
   LINK_LIBRARIES: 
   LINK_PRIVATE_LIBRARIES: 
   PLUGIN_DESTINATION: /nix/store/9pq87i897npipqxm6naq0qgp917qzb8w-calamares-3.4.2/lib/calamares/modules/zfs
   CONFIGURATION_FILES: zfs.conf => [Build directory only]

-- Non-Config main.py
-- Non-Config module.desc
-- Non-Config zfshostid.schema.yaml
-- Found Calamares module: zfshostid
   TYPE: jobmodule
   MODULE_DESTINATION: /nix/store/9pq87i897npipqxm6naq0qgp917qzb8w-calamares-3.4.2/lib/calamares/modules/zfshostid

-- Found Calamares branding component: default
   TYPE: branding component
   BRANDING_COMPONENT_DESTINATION: share/calamares/branding/default
   BRANDING_TRANSLATIONS: 5 language(s)

-- Found KF6CoreAddons: /nix/store/g8hrjarczwdw2p6b87fl14nf6c9qarg7-kcoreaddons-6.26.0-dev/lib/cmake/KF6CoreAddons/KF6CoreAddonsConfig.cmake (found version "6.26.0")
-- The following features are enabled
 * python, Enable Python-modules
 * python-pybind11, Python-modules through pybind11
 * Python (required version >= 3.6), Python job modules, <https://python.org>
   Python3 interpreter for certain tests.
 * Pybind11, Python using bundled pybind11
 * Qml, QML UI support
 * Polkit, Install Polkit files
 * KCrash, Crash dumps via KCrash

-- The following features have been disabled:
 * yaml-schema, Validate YAML (config files) with schema. Missing dependencies for configvalidator.py.
 * python-boost, Python-modules through Boost::Python
 * ExampleDistro, Create example-distro target.

-- The following OPTIONAL packages were not found:
 * PkgConfig

-- Configuring done (14.1s)
-- Generating done (0.5s)
CMake Warning:
  Manually-specified variables were not used by the project:

    CMAKE_EXPORT_NO_PACKAGE_REGISTRY


-- Build files have been written to: /build/source/build
cmake: enabled parallel building
cmake: enabled parallel installing
Running phase: buildPhase
build flags: -j2
[1/574] Generating calamares_ar.qm
Updating '/build/source/build/lang/calamares_ar.qm'...
    Generated 882 translation(s) (882 finished and 0 unfinished)
[2/574] Generating calamares_as.qm
Updating '/build/source/build/lang/calamares_as.qm'...
    Generated 519 translation(s) (519 finished and 0 unfinished)
    Ignored 363 untranslated source text(s)
[3/574] Generating calamares_ast.qm
Updating '/build/source/build/lang/calamares_ast.qm'...
Removed plural forms as the target language has less forms.
If this sounds wrong, possibly the target language is not set or recognized.
    Generated 427 translation(s) (427 finished and 0 unfinished)
    Ignored 455 untranslated source text(s)
[4/574] Generating calamares_az.qm
Updating '/build/source/build/lang/calamares_az.qm'...
    Generated 882 translation(s) (882 finished and 0 unfinished)
[5/574] Generating calamares_az_AZ.qm
Updating '/build/source/build/lang/calamares_az_AZ.qm'...
    Generated 675 translation(s) (675 finished and 0 unfinished)
    Ignored 207 untranslated source text(s)
[6/574] Generating calamares_be.qm
Updating '/build/source/build/lang/calamares_be.qm'...
Removed plural forms as the target language has less forms.
If this sounds wrong, possibly the target language is not set or recognized.
    Generated 647 translation(s) (647 finished and 0 unfinished)
    Ignored 235 untranslated source text(s)
[7/574] Generating calamares_bg.qm
Updating '/build/source/build/lang/calamares_bg.qm'...
    Generated 862 translation(s) (862 finished and 0 unfinished)
    Ignored 20 untranslated source text(s)
[8/574] Generating calamares_bn.qm
Updating '/build/source/build/lang/calamares_bn.qm'...
    Generated 187 translation(s) (187 finished and 0 unfinished)
    Ignored 695 untranslated source text(s)
[9/574] Generating calamares_ca.qm
Updating '/build/source/build/lang/calamares_ca.qm'...
    Generated 882 translation(s) (882 finished and 0 unfinished)
[10/574] Generating calamares_ca@valencia.qm
Updating '/build/source/build/lang/calamares_ca@valencia.qm'...
Removed plural forms as the target language has less forms.
If this sounds wrong, possibly the target language is not set or recognized.
    Generated 543 translation(s) (543 finished and 0 unfinished)
    Ignored 339 untranslated source text(s)
[11/574] Generating calamares_cs_CZ.qm
Updating '/build/source/build/lang/calamares_cs_CZ.qm'...
Removed plural forms as the target language has less forms.
If this sounds wrong, possibly the target language is not set or recognized.
    Generated 882 translation(s) (882 finished and 0 unfinished)
[12/574] Generating calamares_da.qm
Updating '/build/source/build/lang/calamares_da.qm'...
    Generated 556 translation(s) (556 finished and 0 unfinished)
    Ignored 326 untranslated source text(s)
[13/574] Generating calamares_de.qm
Updating '/build/source/build/lang/calamares_de.qm'...
    Generated 882 translation(s) (882 finished and 0 unfinished)
[14/574] Generating calamares_el.qm
Updating '/build/source/build/lang/calamares_el.qm'...
    Generated 219 translation(s) (219 finished and 0 unfinished)
    Ignored 663 untranslated source text(s)
[15/574] Generating calamares_en.qm
Updating '/build/source/build/lang/calamares_en.qm'...
    Generated 2 translation(s) (0 finished and 2 unfinished)
    Ignored 880 untranslated source text(s)
[16/574] Generating calamares_en_GB.qm
Updating '/build/source/build/lang/calamares_en_GB.qm'...
    Generated 332 translation(s) (332 finished and 0 unfinished)
    Ignored 550 untranslated source text(s)
[17/574] Generating calamares_eo.qm
Updating '/build/source/build/lang/calamares_eo.qm'...
    Generated 96 translation(s) (96 finished and 0 unfinished)
    Ignored 786 untranslated source text(s)
[18/574] Generating calamares_es.qm
Updating '/build/source/build/lang/calamares_es.qm'...
Removed plural forms as the target language has less forms.
If this sounds wrong, possibly the target language is not set or recognized.
    Generated 882 translation(s) (882 finished and 0 unfinished)
[19/574] Generating calamares_es_AR.qm
Updating '/build/source/build/lang/calamares_es_AR.qm'...
Removed plural forms as the target language has less forms.
If this sounds wrong, possibly the target language is not set or recognized.
    Generated 882 translation(s) (882 finished and 0 unfinished)
[20/574] Generating calamares_es_MX.qm
Updating '/build/source/build/lang/calamares_es_MX.qm'...
Removed plural forms as the target language has less forms.
If this sounds wrong, possibly the target language is not set or recognized.
    Generated 393 translation(s) (393 finished and 0 unfinished)
    Ignored 489 untranslated source text(s)
[21/574] Generating calamares_et.qm
Updating '/build/source/build/lang/calamares_et.qm'...
    Generated 434 translation(s) (434 finished and 0 unfinished)
    Ignored 448 untranslated source text(s)
[22/574] Generating calamares_eu.qm
Updating '/build/source/build/lang/calamares_eu.qm'...
    Generated 267 translation(s) (267 finished and 0 unfinished)
    Ignored 615 untranslated source text(s)
[23/574] Generating calamares_fa.qm
Updating '/build/source/build/lang/calamares_fa.qm'...
Removed plural forms as the target language has less forms.
If this sounds wrong, possibly the target language is not set or recognized.
    Generated 623 translation(s) (623 finished and 0 unfinished)
    Ignored 259 untranslated source text(s)
[24/574] Generating calamares_fi_FI.qm
Updating '/build/source/build/lang/calamares_fi_FI.qm'...
    Generated 882 translation(s) (882 finished and 0 unfinished)
[25/574] Generating calamares_fr.qm
Updating '/build/source/build/lang/calamares_fr.qm'...
Removed plural forms as the target language has less forms.
If this sounds wrong, possibly the target language is not set or recognized.
    Generated 882 translation(s) (882 finished and 0 unfinished)
[26/574] Generating calamares_fur.qm
Updating '/build/source/build/lang/calamares_fur.qm'...
    Generated 860 translation(s) (860 finished and 0 unfinished)
    Ignored 22 untranslated source text(s)
[27/574] Generating calamares_gl.qm
Updating '/build/source/build/lang/calamares_gl.qm'...
    Generated 354 translation(s) (354 finished and 0 unfinished)
    Ignored 528 untranslated source text(s)
[28/574] Generating calamares_he.qm
Updating '/build/source/build/lang/calamares_he.qm'...
Removed plural forms as the target language has less forms.
If this sounds wrong, possibly the target language is not set or recognized.
    Generated 882 translation(s) (882 finished and 0 unfinished)
[29/574] Generating calamares_hi.qm
Updating '/build/source/build/lang/calamares_hi.qm'...
    Generated 640 translation(s) (640 finished and 0 unfinished)
    Ignored 242 untranslated source text(s)
[30/574] Generating calamares_hr.qm
Updating '/build/source/build/lang/calamares_hr.qm'...
    Generated 863 translation(s) (863 finished and 0 unfinished)
    Ignored 19 untranslated source text(s)
[31/574] Generating calamares_hu.qm
Updating '/build/source/build/lang/calamares_hu.qm'...
Removed plural forms as the target language has less forms.
If this sounds wrong, possibly the target language is not set or recognized.
    Generated 882 translation(s) (882 finished and 0 unfinished)
[32/574] Generating calamares_ia.qm
Updating '/build/source/build/lang/calamares_ia.qm'...
    Generated 418 translation(s) (418 finished and 0 unfinished)
    Ignored 464 untranslated source text(s)
[33/574] Generating calamares_id.qm
Updating '/build/source/build/lang/calamares_id.qm'...
    Generated 882 translation(s) (882 finished and 0 unfinished)
[34/574] Generating calamares_is.qm
Updating '/build/source/build/lang/calamares_is.qm'...
    Generated 880 translation(s) (880 finished and 0 unfinished)
    Ignored 2 untranslated source text(s)
[35/574] Generating calamares_it_IT.qm
Updating '/build/source/build/lang/calamares_it_IT.qm'...
Removed plural forms as the target language has less forms.
If this sounds wrong, possibly the target language is not set or recognized.
    Generated 799 translation(s) (799 finished and 0 unfinished)
    Ignored 83 untranslated source text(s)
[36/574] Generating calamares_ja.qm
Updating '/build/source/build/lang/calamares_ja.qm'...
    Generated 882 translation(s) (882 finished and 0 unfinished)
[37/574] Generating calamares_ka.qm
Updating '/build/source/build/lang/calamares_ka.qm'...
    Generated 799 translation(s) (799 finished and 0 unfinished)
    Ignored 83 untranslated source text(s)
[38/574] Generating calamares_kk.qm
Updating '/build/source/build/lang/calamares_kk.qm'...
    Generated 882 translation(s) (882 finished and 0 unfinished)
[39/574] Generating calamares_ko.qm
Updating '/build/source/build/lang/calamares_ko.qm'...
    Generated 882 translation(s) (882 finished and 0 unfinished)
[40/574] Generating calamares_lg.qm
Updating '/build/source/build/lang/calamares_lg.qm'...
    Generated 882 translation(s) (882 finished and 0 unfinished)
[41/574] Generating calamares_lt.qm
Updating '/build/source/build/lang/calamares_lt.qm'...
Removed plural forms as the target language has less forms.
If this sounds wrong, possibly the target language is not set or recognized.
    Generated 863 translation(s) (863 finished and 0 unfinished)
    Ignored 19 untranslated source text(s)
[42/574] Generating calamares_ml.qm
Updating '/build/source/build/lang/calamares_ml.qm'...
    Generated 479 translation(s) (479 finished and 0 unfinished)
    Ignored 403 untranslated source text(s)
[43/574] Generating calamares_mr.qm
Updating '/build/source/build/lang/calamares_mr.qm'...
    Generated 62 translation(s) (62 finished and 0 unfinished)
    Ignored 820 untranslated source text(s)
[44/574] Generating calamares_nb.qm
Updating '/build/source/build/lang/calamares_nb.qm'...
    Generated 882 translation(s) (882 finished and 0 unfinished)
[45/574] Generating calamares_nl.qm
Updating '/build/source/build/lang/calamares_nl.qm'...
    Generated 578 translation(s) (578 finished and 0 unfinished)
    Ignored 304 untranslated source text(s)
[46/574] Generating calamares_oc.qm
Updating '/build/source/build/lang/calamares_oc.qm'...
    Generated 350 translation(s) (350 finished and 0 unfinished)
    Ignored 532 untranslated source text(s)
[47/574] Generating calamares_pl.qm
Updating '/build/source/build/lang/calamares_pl.qm'...
Removed plural forms as the target language has less forms.
If this sounds wrong, possibly the target language is not set or recognized.
    Generated 882 translation(s) (882 finished and 0 unfinished)
[48/574] Generating calamares_pt_BR.qm
Updating '/build/source/build/lang/calamares_pt_BR.qm'...
Removed plural forms as the target language has less forms.
If this sounds wrong, possibly the target language is not set or recognized.
    Generated 882 translation(s) (882 finished and 0 unfinished)
[49/574] Generating calamares_pt_PT.qm
Updating '/build/source/build/lang/calamares_pt_PT.qm'...
Removed plural forms as the target language has less forms.
If this sounds wrong, possibly the target language is not set or recognized.
    Generated 717 translation(s) (717 finished and 0 unfinished)
    Ignored 165 untranslated source text(s)
[50/574] Generating calamares_ro.qm
Updating '/build/source/build/lang/calamares_ro.qm'...
    Generated 460 translation(s) (460 finished and 0 unfinished)
    Ignored 422 untranslated source text(s)
[51/574] Generating calamares_ru.qm
Updating '/build/source/build/lang/calamares_ru.qm'...
Removed plural forms as the target language has less forms.
If this sounds wrong, possibly the target language is not set or recognized.
    Generated 882 translation(s) (882 finished and 0 unfinished)
[52/574] Generating calamares_si.qm
Updating '/build/source/build/lang/calamares_si.qm'...
    Generated 634 translation(s) (634 finished and 0 unfinished)
    Ignored 248 untranslated source text(s)
[53/574] Generating calamares_sk.qm
Updating '/build/source/build/lang/calamares_sk.qm'...
Removed plural forms as the target language has less forms.
If this sounds wrong, possibly the target language is not set or recognized.
    Generated 666 translation(s) (666 finished and 0 unfinished)
    Ignored 216 untranslated source text(s)
[54/574] Generating calamares_sl.qm
Updating '/build/source/build/lang/calamares_sl.qm'...
    Generated 102 translation(s) (102 finished and 0 unfinished)
    Ignored 780 untranslated source text(s)
[55/574] Automatic MOC for target calamares
[56/574] Generating calamares_sq.qm
Updating '/build/source/build/lang/calamares_sq.qm'...
    Generated 880 translation(s) (880 finished and 0 unfinished)
    Ignored 2 untranslated source text(s)
[57/574] Building CXX object src/libcalamares/CMakeFiles/calamares.dir/CalamaresAbout.cpp.o
[58/574] Building CXX object src/libcalamares/CMakeFiles/calamares.dir/CppJob.cpp.o
[59/574] Building CXX object src/libcalamares/CMakeFiles/calamares.dir/calamares_autogen/mocs_compilation.cpp.o
[60/574] Building CXX object src/libcalamares/CMakeFiles/calamares.dir/Job.cpp.o
[61/574] Building CXX object src/libcalamares/CMakeFiles/calamares.dir/GlobalStorage.cpp.o
[62/574] Building CXX object src/libcalamares/CMakeFiles/calamares.dir/JobExample.cpp.o
[63/574] Building CXX object src/libcalamares/CMakeFiles/calamares.dir/ProcessJob.cpp.o
[64/574] Building CXX object src/libcalamares/CMakeFiles/calamares.dir/JobQueue.cpp.o
[65/574] Building CXX object src/libcalamares/CMakeFiles/calamares.dir/geoip/Interface.cpp.o
[66/574] Building CXX object src/libcalamares/CMakeFiles/calamares.dir/geoip/GeoIPFixed.cpp.o
[67/574] Building CXX object src/libcalamares/CMakeFiles/calamares.dir/Settings.cpp.o
[68/574] Building CXX object src/libcalamares/CMakeFiles/calamares.dir/geoip/GeoIPJSON.cpp.o
[69/574] Building CXX object src/libcalamares/CMakeFiles/calamares.dir/locale/Global.cpp.o
[70/574] Building CXX object src/libcalamares/CMakeFiles/calamares.dir/geoip/Handler.cpp.o
[71/574] Building CXX object src/libcalamares/CMakeFiles/calamares.dir/locale/Lookup.cpp.o
[72/574] Building CXX object src/libcalamares/CMakeFiles/calamares.dir/locale/TranslatableConfiguration.cpp.o
[73/574] Building CXX object src/libcalamares/CMakeFiles/calamares.dir/locale/TimeZone.cpp.o
/build/source/src/libcalamares/locale/TimeZone.cpp: In member function 'void Calamares::Locale::RegionalZonesModel::setRegion(const QString&)':
/build/source/src/libcalamares/locale/TimeZone.cpp:474:25: warning: 'void QSortFilterProxyModel::invalidateFilter()' is deprecated: Use begin/endFilterChange() instead [-Wdeprecated-declarations]
  474 |         invalidateFilter();
      |         ~~~~~~~~~~~~~~~~^~
In file included from /nix/store/26vddq5pbmm4rjkhibwfy4xgngjy5cq5-qtbase-6.11.2/include/QtCore/QSortFilterProxyModel:1,
                 from /build/source/src/libcalamares/locale/TimeZone.h:31,
                 from /build/source/src/libcalamares/locale/TimeZone.cpp:11:
/nix/store/26vddq5pbmm4rjkhibwfy4xgngjy5cq5-qtbase-6.11.2/include/QtCore/qsortfilterproxymodel.h:128:10: note: declared here
  128 |     void invalidateFilter();
      |          ^~~~~~~~~~~~~~~~
[74/574] Building CXX object src/libcalamares/CMakeFiles/calamares.dir/locale/TranslatableString.cpp.o
[75/574] Building CXX object src/libcalamares/CMakeFiles/calamares.dir/locale/Translation.cpp.o
[76/574] Building CXX object src/libcalamares/CMakeFiles/calamares.dir/locale/TranslationsModel.cpp.o
[77/574] Building CXX object src/libcalamares/CMakeFiles/calamares.dir/modulesystem/Config.cpp.o
[78/574] Building CXX object src/libcalamares/CMakeFiles/calamares.dir/modulesystem/Descriptor.cpp.o
[79/574] Building CXX object src/libcalamares/CMakeFiles/calamares.dir/modulesystem/InstanceKey.cpp.o
[80/574] Building CXX object src/libcalamares/CMakeFiles/calamares.dir/modulesystem/Module.cpp.o
[81/574] Building CXX object src/libcalamares/CMakeFiles/calamares.dir/modulesystem/Preset.cpp.o
[82/574] Building CXX object src/libcalamares/CMakeFiles/calamares.dir/modulesystem/RequirementsModel.cpp.o
[83/574] Building CXX object src/libcalamares/CMakeFiles/calamares.dir/modulesystem/RequirementsChecker.cpp.o
[84/574] Building CXX object src/libcalamares/CMakeFiles/calamares.dir/network/Manager.cpp.o
[85/574] Building CXX object src/libcalamares/CMakeFiles/calamares.dir/partition/Global.cpp.o
[86/574] Building CXX object src/libcalamares/CMakeFiles/calamares.dir/packages/Globals.cpp.o
[87/574] Building CXX object src/libcalamares/CMakeFiles/calamares.dir/partition/PartitionSize.cpp.o
[88/574] Building CXX object src/libcalamares/CMakeFiles/calamares.dir/partition/Mount.cpp.o
[89/574] Building CXX object src/libcalamares/CMakeFiles/calamares.dir/partition/Sync.cpp.o
[90/574] Building CXX object src/libcalamares/CMakeFiles/calamares.dir/utils/Dirs.cpp.o
[91/574] Building CXX object src/libcalamares/CMakeFiles/calamares.dir/utils/CommandList.cpp.o
[92/574] Building CXX object src/libcalamares/CMakeFiles/calamares.dir/utils/Entropy.cpp.o
[93/574] Building CXX object src/libcalamares/CMakeFiles/calamares.dir/utils/Logger.cpp.o
/build/source/src/libcalamares/utils/Logger.cpp: In function 'void Logger::setupLogfile()':
/build/source/src/libcalamares/utils/Logger.cpp:169:19: warning: ignoring return value of 'virtual bool QFile::open(QIODeviceBase::OpenMode)', declared with attribute 'nodiscard' [-Wunused-result]
  169 |             f.open( QIODevice::ReadOnly | QIODevice::Text );
      |             ~~~~~~^~~~~~~~~~~~~~~~~~~~~~~~~~~~~~~~~~~~~~~~~
In file included from /nix/store/26vddq5pbmm4rjkhibwfy4xgngjy5cq5-qtbase-6.11.2/include/QtCore/qdir.h:11,
                 from /nix/store/26vddq5pbmm4rjkhibwfy4xgngjy5cq5-qtbase-6.11.2/include/QtCore/QDir:1,
                 from /build/source/src/libcalamares/utils/Dirs.h:22,
                 from /build/source/src/libcalamares/utils/Logger.cpp:19:
/nix/store/26vddq5pbmm4rjkhibwfy4xgngjy5cq5-qtbase-6.11.2/include/QtCore/qfile.h:264:32: note: declared here
  264 |     QFILE_MAYBE_NODISCARD bool open(OpenMode flags) override;
      |                                ^~~~
/build/source/src/libcalamares/utils/Logger.cpp:178:19: warning: ignoring return value of 'virtual bool QFile::open(QIODeviceBase::OpenMode)', declared with attribute 'nodiscard' [-Wunused-result]
  178 |             f.open( QIODevice::WriteOnly | QIODevice::Text );
      |             ~~~~~~^~~~~~~~~~~~~~~~~~~~~~~~~~~~~~~~~~~~~~~~~~
/nix/store/26vddq5pbmm4rjkhibwfy4xgngjy5cq5-qtbase-6.11.2/include/QtCore/qfile.h:264:32: note: declared here
  264 |     QFILE_MAYBE_NODISCARD bool open(OpenMode flags) override;
      |                                ^~~~
[94/574] Building CXX object src/libcalamares/CMakeFiles/calamares.dir/utils/Permissions.cpp.o
[95/574] Building CXX object src/libcalamares/CMakeFiles/calamares.dir/utils/PluginFactory.cpp.o
[96/574] Building CXX object src/libcalamares/CMakeFiles/calamares.dir/utils/Retranslator.cpp.o
[97/574] Building CXX object src/libcalamares/CMakeFiles/calamares.dir/utils/Runner.cpp.o
[98/574] Building CXX object src/libcalamares/CMakeFiles/calamares.dir/utils/String.cpp.o
[99/574] Building CXX object src/libcalamares/CMakeFiles/calamares.dir/utils/StringExpander.cpp.o
[100/574] Building CXX object src/libcalamares/CMakeFiles/calamares.dir/utils/UMask.cpp.o
[101/574] Building CXX object src/libcalamares/CMakeFiles/calamares.dir/utils/System.cpp.o
[102/574] Building CXX object src/libcalamares/CMakeFiles/calamares.dir/utils/Variant.cpp.o
[103/574] Building CXX object src/libcalamares/CMakeFiles/calamares.dir/utils/Yaml.cpp.o
[104/574] Building CXX object src/libcalamares/CMakeFiles/calamares.dir/partition/AutoMount.cpp.o
[105/574] Building CXX object src/libcalamares/CMakeFiles/calamares.dir/pybind11/Api.cpp.o
[106/574] Building CXX object src/libcalamares/CMakeFiles/calamares.dir/pybind11/PythonJob.cpp.o
[107/574] Building CXX object src/libcalamares/CMakeFiles/calamares.dir/python/Api.cpp.o
[108/574] Building CXX object src/libcalamares/CMakeFiles/calamares.dir/geoip/GeoIPXML.cpp.o
[109/574] Building CXX object src/libcalamares/CMakeFiles/calamares.dir/python/Variant.cpp.o
[110/574] Building CXX object src/libcalamares/CMakeFiles/calamares.dir/partition/FileSystem.cpp.o
[111/574] Building CXX object src/libcalamares/CMakeFiles/calamares.dir/partition/KPMManager.cpp.o
[112/574] Building CXX object src/libcalamares/CMakeFiles/calamares.dir/partition/PartitionIterator.cpp.o
[113/574] Generating calamares_sr.qm
Updating '/build/source/build/lang/calamares_sr.qm'...
    Generated 112 translation(s) (112 finished and 0 unfinished)
    Ignored 770 untranslated source text(s)
[114/574] Generating calamares_sr@latin.qm
Updating '/build/source/build/lang/calamares_sr@latin.qm'...
Removed plural forms as the target language has less forms.
If this sounds wrong, possibly the target language is not set or recognized.
    Generated 101 translation(s) (101 finished and 0 unfinished)
    Ignored 781 untranslated source text(s)
[115/574] Generating calamares_sv.qm
Updating '/build/source/build/lang/calamares_sv.qm'...
    Generated 882 translation(s) (882 finished and 0 unfinished)
[116/574] Generating calamares_tg.qm
Updating '/build/source/build/lang/calamares_tg.qm'...
    Generated 882 translation(s) (882 finished and 0 unfinished)
[117/574] Generating calamares_th.qm
Updating '/build/source/build/lang/calamares_th.qm'...
    Generated 262 translation(s) (262 finished and 0 unfinished)
    Ignored 620 untranslated source text(s)
[118/574] Generating calamares_tr_TR.qm
Updating '/build/source/build/lang/calamares_tr_TR.qm'...
Removed plural forms as the target language has less forms.
If this sounds wrong, possibly the target language is not set or recognized.
    Generated 882 translation(s) (882 finished and 0 unfinished)
[119/574] Generating calamares_uk.qm
Updating '/build/source/build/lang/calamares_uk.qm'...
Removed plural forms as the target language has less forms.
If this sounds wrong, possibly the target language is not set or recognized.
    Generated 882 translation(s) (882 finished and 0 unfinished)
[120/574] Generating calamares_uz.qm
Updating '/build/source/build/lang/calamares_uz.qm'...
    Generated 816 translation(s) (816 finished and 0 unfinished)
    Ignored 66 untranslated source text(s)
[121/574] Generating calamares_vi.qm
Updating '/build/source/build/lang/calamares_vi.qm'...
    Generated 558 translation(s) (558 finished and 0 unfinished)
    Ignored 324 untranslated source text(s)
[122/574] Generating calamares_zh_CN.qm
Updating '/build/source/build/lang/calamares_zh_CN.qm'...
    Generated 882 translation(s) (882 finished and 0 unfinished)
[123/574] Generating calamares_zh_TW.qm
Updating '/build/source/build/lang/calamares_zh_TW.qm'...
    Generated 882 translation(s) (882 finished and 0 unfinished)
[124/574] Generating kb_en.qm
Updating '/build/source/build/lang/kb_en.qm'...
    Generated 0 translation(s) (0 finished and 0 unfinished)
    Ignored 768 untranslated source text(s)
[125/574] Generating kb_tg.qm
Updating '/build/source/build/lang/kb_tg.qm'...
    Generated 304 translation(s) (304 finished and 0 unfinished)
    Ignored 464 untranslated source text(s)
[126/574] Generating tz_en.qm
Updating '/build/source/build/lang/tz_en.qm'...
    Generated 2 translation(s) (2 finished and 0 unfinished)
    Ignored 433 untranslated source text(s)
[127/574] Generating tz_nl.qm
Updating '/build/source/build/lang/tz_nl.qm'...
    Generated 9 translation(s) (9 finished and 0 unfinished)
    Ignored 426 untranslated source text(s)
[128/574] Generating tz_ru.qm
Updating '/build/source/build/lang/tz_ru.qm'...
    Generated 435 translation(s) (435 finished and 0 unfinished)
[129/574] Generating tz_sv.qm
Updating '/build/source/build/lang/tz_sv.qm'...
    Generated 12 translation(s) (12 finished and 0 unfinished)
[130/574] Generating tz_tg.qm
Updating '/build/source/build/lang/tz_tg.qm'...
    Generated 435 translation(s) (435 finished and 0 unfinished)
[131/574] Generating tz_uk.qm
Updating '/build/source/build/lang/tz_uk.qm'...
    Generated 2 translation(s) (2 finished and 0 unfinished)
    Ignored 433 untranslated source text(s)
[132/574] Generating tz_vi.qm
Updating '/build/source/build/lang/tz_vi.qm'...
    Generated 435 translation(s) (14 finished and 421 unfinished)
[133/574] Automatic MOC for target kdsingleapplication
[134/574] Building CXX object src/libcalamares/CMakeFiles/calamares.dir/partition/PartitionQuery.cpp.o
[135/574] Linking CXX shared library libcalamares.so.3.4.2
[136/574] Creating library symlink libcalamares.so.3.4 libcalamares.so
[137/574] Generating qrc_calamares-i18n.cxx
[138/574] Automatic MOC and UIC for target calamaresui
[139/574] Automatic RCC for libcalamaresui.qrc
[140/574] Building CXX object 3rdparty/kdsingleapplication/CMakeFiles/kdsingleapplication.dir/kdsingleapplication_autogen/mocs_compilation.cpp.o
[141/574] Building CXX object src/libcalamaresui/CMakeFiles/calamaresui.dir/modulesystem/CppJobModule.cpp.o
[142/574] Building CXX object src/libcalamaresui/CMakeFiles/calamaresui.dir/calamaresui_autogen/mocs_compilation.cpp.o
[143/574] Building CXX object src/libcalamaresui/CMakeFiles/calamaresui.dir/modulesystem/ModuleFactory.cpp.o
[144/574] Building CXX object src/libcalamaresui/CMakeFiles/calamaresui.dir/modulesystem/ProcessJobModule.cpp.o
[145/574] Building CXX object src/libcalamaresui/CMakeFiles/calamaresui.dir/modulesystem/ViewModule.cpp.o
[146/574] Building CXX object src/libcalamaresui/CMakeFiles/calamaresui.dir/modulesystem/ModuleManager.cpp.o
[147/574] Building CXX object src/libcalamaresui/CMakeFiles/calamaresui.dir/utils/Gui.cpp.o
[148/574] Building CXX object src/libcalamaresui/CMakeFiles/calamaresui.dir/utils/ImageRegistry.cpp.o
[149/574] Building CXX object src/libcalamaresui/CMakeFiles/calamaresui.dir/utils/Paste.cpp.o
[150/574] Building CXX object src/libcalamaresui/CMakeFiles/calamaresui.dir/viewpages/BlankViewStep.cpp.o
[151/574] Building CXX object src/libcalamaresui/CMakeFiles/calamaresui.dir/viewpages/ExecutionViewStep.cpp.o
[152/574] Building CXX object src/libcalamaresui/CMakeFiles/calamaresui.dir/viewpages/Slideshow.cpp.o
[153/574] Building CXX object src/libcalamaresui/CMakeFiles/calamaresui.dir/viewpages/ViewStep.cpp.o
[154/574] Building CXX object src/libcalamaresui/CMakeFiles/calamaresui.dir/widgets/ClickableLabel.cpp.o
[155/574] Building CXX object src/libcalamaresui/CMakeFiles/calamaresui.dir/widgets/ErrorDialog.cpp.o
[156/574] Building CXX object src/libcalamaresui/CMakeFiles/calamaresui.dir/widgets/FixedAspectRatioLabel.cpp.o
[157/574] Building CXX object src/libcalamaresui/CMakeFiles/calamaresui.dir/widgets/PrettyRadioButton.cpp.o
[158/574] Building CXX object src/libcalamaresui/CMakeFiles/calamaresui.dir/widgets/LogWidget.cpp.o
[159/574] Building CXX object src/libcalamaresui/CMakeFiles/calamaresui.dir/widgets/TranslationFix.cpp.o
[160/574] Building CXX object src/libcalamaresui/CMakeFiles/calamaresui.dir/widgets/WaitingWidget.cpp.o
[161/574] Building CXX object src/libcalamaresui/CMakeFiles/calamaresui.dir/widgets/waitingspinnerwidget.cpp.o
[162/574] Building CXX object src/libcalamaresui/CMakeFiles/calamaresui.dir/ViewManager.cpp.o
[163/574] Building CXX object src/libcalamaresui/CMakeFiles/calamaresui.dir/Branding.cpp.o
/build/source/src/libcalamaresui/Branding.cpp: In function 'QString Calamares::_stylesheet(const QDir&)':
/build/source/src/libcalamaresui/Branding.cpp:411:28: warning: ignoring return value of 'virtual bool QFile::open(QIODeviceBase::OpenMode)', declared with attribute 'nodiscard' [-Wunused-result]
  411 |         stylesheetFile.open( QFile::ReadOnly );
      |         ~~~~~~~~~~~~~~~~~~~^~~~~~~~~~~~~~~~~~~
In file included from /nix/store/26vddq5pbmm4rjkhibwfy4xgngjy5cq5-qtbase-6.11.2/include/QtCore/qdir.h:11,
                 from /nix/store/26vddq5pbmm4rjkhibwfy4xgngjy5cq5-qtbase-6.11.2/include/QtCore/QDir:1,
                 from /build/source/src/libcalamaresui/Branding.cpp:24:
/nix/store/26vddq5pbmm4rjkhibwfy4xgngjy5cq5-qtbase-6.11.2/include/QtCore/qfile.h:264:32: note: declared here
  264 |     QFILE_MAYBE_NODISCARD bool open(OpenMode flags) override;
      |                                ^~~~
[164/574] Building CXX object src/libcalamaresui/CMakeFiles/calamaresui.dir/modulesystem/PythonJobModule.cpp.o
[165/574] Building CXX object src/libcalamaresui/CMakeFiles/calamaresui.dir/viewpages/QmlViewStep.cpp.o
[166/574] Building CXX object src/libcalamaresui/CMakeFiles/calamaresui.dir/calamaresui_autogen/EWIEGA46WW/qrc_libcalamaresui.cpp.o
[167/574] Building CXX object src/libcalamaresui/CMakeFiles/calamaresui.dir/utils/Qml.cpp.o
[168/574] Building CXX object 3rdparty/kdsingleapplication/CMakeFiles/kdsingleapplication.dir/kdsingleapplication.cpp.o
[169/574] Building CXX object 3rdparty/kdsingleapplication/CMakeFiles/kdsingleapplication.dir/kdsingleapplication_localsocket.cpp.o
[170/574] Linking CXX shared library libcalamaresui.so.3.4.2
[171/574] Automatic MOC for target users_internal
[172/574] Linking CXX static library libkdsingleapplication.a
[173/574] Creating library symlink libcalamaresui.so.3.4 libcalamaresui.so
[174/574] Building CXX object lang/CMakeFiles/calamares-i18n.dir/qrc_calamares-i18n.cxx.o
[175/574] Building CXX object src/modules/users/CMakeFiles/users_internal.dir/users_internal_autogen/mocs_compilation.cpp.o
[176/574] Building CXX object src/modules/users/CMakeFiles/users_internal.dir/ActiveDirectoryJob.cpp.o
[177/574] Building CXX object src/modules/users/CMakeFiles/users_internal.dir/CreateUserJob.cpp.o
[178/574] Building CXX object src/modules/users/CMakeFiles/users_internal.dir/MiscJobs.cpp.o
[179/574] Building CXX object src/modules/users/CMakeFiles/users_internal.dir/SetPasswordJob.cpp.o
[180/574] Building CXX object src/modules/users/CMakeFiles/users_internal.dir/SetHostNameJob.cpp.o
[181/574] Building CXX object src/modules/users/CMakeFiles/users_internal.dir/CheckPWQuality.cpp.o
[182/574] Automatic MOC and UIC for target calamares_bin
[183/574] Automatic MOC for target calamares_viewmodule_finishedq
[184/574] Automatic MOC and UIC for target calamares_viewmodule_keyboard
[185/574] Automatic MOC for target calamares_viewmodule_keyboardq
[186/574] Automatic MOC for target calamares_viewmodule_locale
[187/574] Automatic MOC for target calamares_viewmodule_localeq
[188/574] Automatic MOC for target calamares_viewmodule_notesqml
[189/574] Automatic MOC and UIC for target calamares_viewmodule_packagechooser
[190/574] Building CXX object src/modules/users/CMakeFiles/users_internal.dir/Config.cpp.o
[191/574] Automatic MOC for target calamares_viewmodule_packagechooserq
[192/574] Automatic MOC and UIC for target calamares_viewmodule_plasmalnf
[193/574] Automatic MOC for target calamares_viewmodule_summaryq
[194/574] Automatic MOC and UIC for target calamares_viewmodule_tracking
[195/574] Automatic MOC and UIC for target calamares_viewmodule_users
[196/574] Automatic MOC for target calamares_viewmodule_usersq
[197/574] Automatic MOC for target calamares_viewmodule_welcomeq
[198/574] Automatic MOC and UIC for target calamares_viewmodule_welcome
[199/574] Automatic MOC for target test_geoip
[200/574] Automatic RCC for calamares.qrc
[201/574] Automatic MOC for target calamares_job_contextualprocess
[202/574] Automatic MOC for target calamares_job_dracutlukscfg
[203/574] Automatic MOC for target calamares_job_dummycpp
[204/574] Automatic RCC for finishedq-qt6.qrc
[205/574] Automatic MOC and UIC for target calamares_viewmodule_finished
[206/574] Automatic MOC for target calamares_job_fsresizer
[207/574] Automatic MOC for target calamares_job_hostinfo
[208/574] Automatic MOC for target calamares_job_initcpio
[209/574] Automatic MOC for target calamares_job_initramfs
[210/574] Automatic RCC for keyboard.qrc
[211/574] Automatic RCC for keyboardq-qt6.qrc
[212/574] Automatic MOC for target calamares_viewmodule_interactiveterminal
[213/574] Automatic RCC for locale.qrc
[214/574] Automatic MOC and UIC for target calamares_viewmodule_license
[215/574] Automatic RCC for localeq-qt6.qrc
[216/574] Automatic MOC for target calamares_job_luksbootkeyfile
[217/574] Automatic MOC for target calamares_job_luksopenswaphookcfg
[218/574] Automatic MOC for target calamares_job_machineid
[219/574] Automatic RCC for notesqml.qrc
[220/574] Automatic MOC and UIC for target calamares_viewmodule_oemid
[221/574] Automatic RCC for packagechooser.qrc
[222/574] Automatic RCC for packagechooserq-qt6.qrc
[223/574] Automatic MOC and UIC for target calamares_viewmodule_netinstall
[224/574] Automatic RCC for page_plasmalnf.qrc
[225/574] Automatic MOC for target calamares_job_preservefiles
[226/574] Automatic MOC for target calamares_job_removeuser
[227/574] Automatic MOC for target calamares_job_shellprocess
[228/574] Automatic MOC for target calamares_viewmodule_summary
[229/574] Automatic RCC for summaryq-qt6.qrc
[230/574] Automatic RCC for page_trackingstep.qrc
[231/574] Automatic MOC for target calamares_job_umount
[232/574] Automatic MOC for target calamares_job_unpackfsc
[233/574] Automatic RCC for users.qrc
[234/574] Automatic RCC for usersq-qt6.qrc
[235/574] Automatic RCC for welcome.qrc
[236/574] Automatic RCC for welcomeq-qt6.qrc
[237/574] Automatic MOC and UIC for target calamares_viewmodule_partition
[238/574] Automatic MOC for target calamares_job_zfs
[239/574] Building CXX object src/libcalamares/CMakeFiles/test_automount.dir/partition/calautomount.cpp.o
[240/574] Building CXX object src/libcalamares/CMakeFiles/test_geoip.dir/test_geoip_autogen/mocs_compilation.cpp.o
[241/574] Building CXX object lang/CMakeFiles/txload.dir/txload.cpp.o
[242/574] Building CXX object src/libcalamares/CMakeFiles/test_geoip.dir/geoip/test_geoip.cpp.o
[243/574] Building CXX object src/libcalamares/CMakeFiles/test_geoip.dir/geoip/GeoIPFixed.cpp.o
[244/574] Building CXX object src/libcalamares/CMakeFiles/test_geoip.dir/geoip/GeoIPJSON.cpp.o
[245/574] Building CXX object src/calamares/CMakeFiles/calamares_bin.dir/calamares_bin_autogen/mocs_compilation.cpp.o
[246/574] Building CXX object src/calamares/CMakeFiles/calamares_bin.dir/main.cpp.o
[247/574] Building CXX object src/calamares/CMakeFiles/calamares_bin.dir/CalamaresApplication.cpp.o
[248/574] Building CXX object src/calamares/CMakeFiles/calamares_bin.dir/CalamaresWindow.cpp.o
[249/574] Building CXX object src/calamares/CMakeFiles/calamares_bin.dir/DebugWindow.cpp.o
[250/574] Building CXX object src/calamares/CMakeFiles/calamares_bin.dir/VariantModel.cpp.o
[251/574] Building CXX object src/calamares/CMakeFiles/calamares_bin.dir/progresstree/ProgressTreeDelegate.cpp.o
[252/574] Building CXX object src/calamares/CMakeFiles/calamares_bin.dir/calamares_bin_autogen/EWIEGA46WW/qrc_calamares.cpp.o
[253/574] Building CXX object src/calamares/CMakeFiles/calamares_bin.dir/progresstree/ProgressTreeView.cpp.o
[254/574] Building CXX object src/modules/contextualprocess/CMakeFiles/calamares_job_contextualprocess.dir/calamares_job_contextualprocess_autogen/mocs_compilation.cpp.o
[255/574] Building CXX object src/modules/contextualprocess/CMakeFiles/calamares_job_contextualprocess.dir/ContextualProcessJob.cpp.o
[256/574] Building CXX object src/modules/dracutlukscfg/CMakeFiles/calamares_job_dracutlukscfg.dir/calamares_job_dracutlukscfg_autogen/mocs_compilation.cpp.o
[257/574] Building CXX object src/modules/dummycpp/CMakeFiles/calamares_job_dummycpp.dir/calamares_job_dummycpp_autogen/mocs_compilation.cpp.o
[258/574] Building CXX object src/modules/dracutlukscfg/CMakeFiles/calamares_job_dracutlukscfg.dir/DracutLuksCfgJob.cpp.o
[259/574] Building CXX object src/modules/dummycpp/CMakeFiles/calamares_job_dummycpp.dir/DummyCppJob.cpp.o
[260/574] Building CXX object src/modules/finished/CMakeFiles/calamares_viewmodule_finished.dir/calamares_viewmodule_finished_autogen/mocs_compilation.cpp.o
[261/574] Building CXX object src/modules/finished/CMakeFiles/calamares_viewmodule_finished.dir/FinishedViewStep.cpp.o
[262/574] Building CXX object src/modules/finished/CMakeFiles/calamares_viewmodule_finished.dir/Config.cpp.o
[263/574] Building CXX object src/modules/finished/CMakeFiles/calamares_viewmodule_finished.dir/FinishedPage.cpp.o
[264/574] Building CXX object src/modules/finishedq/CMakeFiles/calamares_viewmodule_finishedq.dir/calamares_viewmodule_finishedq_autogen/mocs_compilation.cpp.o
[265/574] Building CXX object src/modules/finishedq/CMakeFiles/calamares_viewmodule_finishedq.dir/FinishedQmlViewStep.cpp.o
[266/574] Building CXX object src/modules/finishedq/CMakeFiles/calamares_viewmodule_finishedq.dir/calamares_viewmodule_finishedq_autogen/EWIEGA46WW/qrc_finishedq-qt6.cpp.o
[267/574] Building CXX object src/modules/finishedq/CMakeFiles/calamares_viewmodule_finishedq.dir/__/finished/Config.cpp.o
[268/574] Building CXX object src/modules/fsresizer/CMakeFiles/calamares_job_fsresizer.dir/calamares_job_fsresizer_autogen/mocs_compilation.cpp.o
[269/574] Building CXX object src/modules/fsresizer/CMakeFiles/calamares_job_fsresizer.dir/ResizeFSJob.cpp.o
[270/574] Building CXX object src/modules/hostinfo/CMakeFiles/calamares_job_hostinfo.dir/calamares_job_hostinfo_autogen/mocs_compilation.cpp.o
[271/574] Building CXX object src/modules/hostinfo/CMakeFiles/calamares_job_hostinfo.dir/HostInfoJob.cpp.o
[272/574] Building CXX object src/modules/initcpio/CMakeFiles/calamares_job_initcpio.dir/calamares_job_initcpio_autogen/mocs_compilation.cpp.o
[273/574] Building CXX object src/modules/initramfs/CMakeFiles/calamares_job_initramfs.dir/calamares_job_initramfs_autogen/mocs_compilation.cpp.o
[274/574] Building CXX object src/modules/initcpio/CMakeFiles/calamares_job_initcpio.dir/InitcpioJob.cpp.o
[275/574] Building CXX object src/modules/initramfs/CMakeFiles/calamares_job_initramfs.dir/InitramfsJob.cpp.o
[276/574] Building CXX object src/modules/interactiveterminal/CMakeFiles/calamares_viewmodule_interactiveterminal.dir/calamares_viewmodule_interactiveterminal_autogen/mocs_compilation.cpp.o
[277/574] Building CXX object src/modules/interactiveterminal/CMakeFiles/calamares_viewmodule_interactiveterminal.dir/InteractiveTerminalViewStep.cpp.o
[278/574] Building CXX object src/modules/interactiveterminal/CMakeFiles/calamares_viewmodule_interactiveterminal.dir/InteractiveTerminalPage.cpp.o
[279/574] Building CXX object src/modules/keyboard/CMakeFiles/calamares_viewmodule_keyboard.dir/calamares_viewmodule_keyboard_autogen/mocs_compilation.cpp.o
[280/574] Building CXX object src/modules/keyboard/CMakeFiles/calamares_viewmodule_keyboard.dir/KeyboardViewStep.cpp.o
[281/574] Building CXX object src/modules/keyboard/CMakeFiles/calamares_viewmodule_keyboard.dir/Config.cpp.o
[282/574] Building CXX object src/modules/keyboard/CMakeFiles/calamares_viewmodule_keyboard.dir/KeyboardPage.cpp.o
[283/574] Building CXX object src/modules/keyboard/CMakeFiles/calamares_viewmodule_keyboard.dir/SetKeyboardLayoutJob.cpp.o
/build/source/src/modules/keyboard/SetKeyboardLayoutJob.cpp: In member function 'bool SetKeyboardLayoutJob::writeVConsoleData(const QString&, const QString&) const':
/build/source/src/modules/keyboard/SetKeyboardLayoutJob.cpp:214:18: warning: ignoring return value of 'virtual bool QFile::open(QIODeviceBase::OpenMode)', declared with attribute 'nodiscard' [-Wunused-result]
  214 |         file.open( QIODevice::ReadOnly | QIODevice::Text );
      |         ~~~~~~~~~^~~~~~~~~~~~~~~~~~~~~~~~~~~~~~~~~~~~~~~~~
In file included from /nix/store/26vddq5pbmm4rjkhibwfy4xgngjy5cq5-qtbase-6.11.2/include/QtCore/qdir.h:11,
                 from /nix/store/26vddq5pbmm4rjkhibwfy4xgngjy5cq5-qtbase-6.11.2/include/QtCore/QDir:1,
                 from /build/source/src/modules/keyboard/SetKeyboardLayoutJob.cpp:26:
/nix/store/26vddq5pbmm4rjkhibwfy4xgngjy5cq5-qtbase-6.11.2/include/QtCore/qfile.h:264:32: note: declared here
  264 |     QFILE_MAYBE_NODISCARD bool open(OpenMode flags) override;
      |                                ^~~~
[284/574] Building CXX object src/modules/keyboard/CMakeFiles/calamares_viewmodule_keyboard.dir/KeyboardLayoutModel.cpp.o
[285/574] Building CXX object src/modules/keyboard/CMakeFiles/calamares_viewmodule_keyboard.dir/keyboardwidget/keyboardglobal.cpp.o
/build/source/src/modules/keyboard/keyboardwidget/keyboardglobal.cpp: In function 'KeyboardGlobal::ModelsMap parseKeyboardModels(const char*)':
/build/source/src/modules/keyboard/keyboardwidget/keyboardglobal.cpp:62:12: warning: ignoring return value of 'virtual bool QFile::open(QIODeviceBase::OpenMode)', declared with attribute 'nodiscard' [-Wunused-result]
   62 |     fh.open( QIODevice::ReadOnly );
      |     ~~~~~~~^~~~~~~~~~~~~~~~~~~~~~~
In file included from /nix/store/26vddq5pbmm4rjkhibwfy4xgngjy5cq5-qtbase-6.11.2/include/QtCore/QFile:1,
                 from /build/source/src/modules/keyboard/keyboardwidget/keyboardglobal.cpp:23:
/nix/store/26vddq5pbmm4rjkhibwfy4xgngjy5cq5-qtbase-6.11.2/include/QtCore/qfile.h:264:32: note: declared here
  264 |     QFILE_MAYBE_NODISCARD bool open(OpenMode flags) override;
      |                                ^~~~
/build/source/src/modules/keyboard/keyboardwidget/keyboardglobal.cpp: In function 'KeyboardGlobal::LayoutsMap parseKeyboardLayouts(const char*)':
/build/source/src/modules/keyboard/keyboardwidget/keyboardglobal.cpp:113:12: warning: ignoring return value of 'virtual bool QFile::open(QIODeviceBase::OpenMode)', declared with attribute 'nodiscard' [-Wunused-result]
  113 |     fh.open( QIODevice::ReadOnly );
      |     ~~~~~~~^~~~~~~~~~~~~~~~~~~~~~~
/nix/store/26vddq5pbmm4rjkhibwfy4xgngjy5cq5-qtbase-6.11.2/include/QtCore/qfile.h:264:32: note: declared here
  264 |     QFILE_MAYBE_NODISCARD bool open(OpenMode flags) override;
      |                                ^~~~
/build/source/src/modules/keyboard/keyboardwidget/keyboardglobal.cpp: In function 'KeyboardGlobal::GroupsMap parseKeyboardGroupsSwitchers(const char*)':
/build/source/src/modules/keyboard/keyboardwidget/keyboardglobal.cpp:208:12: warning: ignoring return value of 'virtual bool QFile::open(QIODeviceBase::OpenMode)', declared with attribute 'nodiscard' [-Wunused-result]
  208 |     fh.open( QIODevice::ReadOnly );
      |     ~~~~~~~^~~~~~~~~~~~~~~~~~~~~~~
/nix/store/26vddq5pbmm4rjkhibwfy4xgngjy5cq5-qtbase-6.11.2/include/QtCore/qfile.h:264:32: note: declared here
  264 |     QFILE_MAYBE_NODISCARD bool open(OpenMode flags) override;
      |                                ^~~~
[286/574] Building CXX object src/modules/keyboard/CMakeFiles/calamares_viewmodule_keyboard.dir/calamares_viewmodule_keyboard_autogen/EWIEGA46WW/qrc_keyboard.cpp.o
[287/574] Building CXX object src/modules/keyboard/CMakeFiles/calamares_viewmodule_keyboard.dir/keyboardwidget/keyboardpreview.cpp.o
[288/574] Building CXX object src/modules/keyboardq/CMakeFiles/calamares_viewmodule_keyboardq.dir/calamares_viewmodule_keyboardq_autogen/mocs_compilation.cpp.o
[289/574] Building CXX object src/modules/keyboardq/CMakeFiles/calamares_viewmodule_keyboardq.dir/KeyboardQmlViewStep.cpp.o
[290/574] Building CXX object src/modules/keyboardq/CMakeFiles/calamares_viewmodule_keyboardq.dir/__/keyboard/Config.cpp.o
[291/574] Building CXX object src/modules/keyboardq/CMakeFiles/calamares_viewmodule_keyboardq.dir/__/keyboard/KeyboardLayoutModel.cpp.o
[292/574] Building CXX object src/modules/keyboardq/CMakeFiles/calamares_viewmodule_keyboardq.dir/__/keyboard/keyboardwidget/keyboardglobal.cpp.o
/build/source/src/modules/keyboard/keyboardwidget/keyboardglobal.cpp: In function 'KeyboardGlobal::ModelsMap parseKeyboardModels(const char*)':
/build/source/src/modules/keyboard/keyboardwidget/keyboardglobal.cpp:62:12: warning: ignoring return value of 'virtual bool QFile::open(QIODeviceBase::OpenMode)', declared with attribute 'nodiscard' [-Wunused-result]
   62 |     fh.open( QIODevice::ReadOnly );
      |     ~~~~~~~^~~~~~~~~~~~~~~~~~~~~~~
In file included from /nix/store/26vddq5pbmm4rjkhibwfy4xgngjy5cq5-qtbase-6.11.2/include/QtCore/QFile:1,
                 from /build/source/src/modules/keyboard/keyboardwidget/keyboardglobal.cpp:23:
/nix/store/26vddq5pbmm4rjkhibwfy4xgngjy5cq5-qtbase-6.11.2/include/QtCore/qfile.h:264:32: note: declared here
  264 |     QFILE_MAYBE_NODISCARD bool open(OpenMode flags) override;
      |                                ^~~~
/build/source/src/modules/keyboard/keyboardwidget/keyboardglobal.cpp: In function 'KeyboardGlobal::LayoutsMap parseKeyboardLayouts(const char*)':
/build/source/src/modules/keyboard/keyboardwidget/keyboardglobal.cpp:113:12: warning: ignoring return value of 'virtual bool QFile::open(QIODeviceBase::OpenMode)', declared with attribute 'nodiscard' [-Wunused-result]
  113 |     fh.open( QIODevice::ReadOnly );
      |     ~~~~~~~^~~~~~~~~~~~~~~~~~~~~~~
/nix/store/26vddq5pbmm4rjkhibwfy4xgngjy5cq5-qtbase-6.11.2/include/QtCore/qfile.h:264:32: note: declared here
  264 |     QFILE_MAYBE_NODISCARD bool open(OpenMode flags) override;
      |                                ^~~~
/build/source/src/modules/keyboard/keyboardwidget/keyboardglobal.cpp: In function 'KeyboardGlobal::GroupsMap parseKeyboardGroupsSwitchers(const char*)':
/build/source/src/modules/keyboard/keyboardwidget/keyboardglobal.cpp:208:12: warning: ignoring return value of 'virtual bool QFile::open(QIODeviceBase::OpenMode)', declared with attribute 'nodiscard' [-Wunused-result]
  208 |     fh.open( QIODevice::ReadOnly );
      |     ~~~~~~~^~~~~~~~~~~~~~~~~~~~~~~
/nix/store/26vddq5pbmm4rjkhibwfy4xgngjy5cq5-qtbase-6.11.2/include/QtCore/qfile.h:264:32: note: declared here
  264 |     QFILE_MAYBE_NODISCARD bool open(OpenMode flags) override;
      |                                ^~~~
[293/574] Building CXX object src/modules/keyboardq/CMakeFiles/calamares_viewmodule_keyboardq.dir/calamares_viewmodule_keyboardq_autogen/EWIEGA46WW/qrc_keyboardq-qt6.cpp.o
[294/574] Building CXX object src/modules/keyboardq/CMakeFiles/calamares_viewmodule_keyboardq.dir/__/keyboard/SetKeyboardLayoutJob.cpp.o
/build/source/src/modules/keyboard/SetKeyboardLayoutJob.cpp: In member function 'bool SetKeyboardLayoutJob::writeVConsoleData(const QString&, const QString&) const':
/build/source/src/modules/keyboard/SetKeyboardLayoutJob.cpp:214:18: warning: ignoring return value of 'virtual bool QFile::open(QIODeviceBase::OpenMode)', declared with attribute 'nodiscard' [-Wunused-result]
  214 |         file.open( QIODevice::ReadOnly | QIODevice::Text );
      |         ~~~~~~~~~^~~~~~~~~~~~~~~~~~~~~~~~~~~~~~~~~~~~~~~~~
In file included from /nix/store/26vddq5pbmm4rjkhibwfy4xgngjy5cq5-qtbase-6.11.2/include/QtCore/qdir.h:11,
                 from /nix/store/26vddq5pbmm4rjkhibwfy4xgngjy5cq5-qtbase-6.11.2/include/QtCore/QDir:1,
                 from /build/source/src/modules/keyboard/SetKeyboardLayoutJob.cpp:26:
/nix/store/26vddq5pbmm4rjkhibwfy4xgngjy5cq5-qtbase-6.11.2/include/QtCore/qfile.h:264:32: note: declared here
  264 |     QFILE_MAYBE_NODISCARD bool open(OpenMode flags) override;
      |                                ^~~~
[295/574] Building CXX object src/modules/license/CMakeFiles/calamares_viewmodule_license.dir/calamares_viewmodule_license_autogen/mocs_compilation.cpp.o
[296/574] Building CXX object src/modules/license/CMakeFiles/calamares_viewmodule_license.dir/LicensePage.cpp.o
[297/574] Building CXX object src/modules/license/CMakeFiles/calamares_viewmodule_license.dir/LicenseViewStep.cpp.o
[298/574] Building CXX object src/modules/license/CMakeFiles/calamares_viewmodule_license.dir/LicenseWidget.cpp.o
[299/574] Building CXX object src/modules/locale/CMakeFiles/calamares_viewmodule_locale.dir/calamares_viewmodule_locale_autogen/mocs_compilation.cpp.o
[300/574] Building CXX object src/modules/locale/CMakeFiles/calamares_viewmodule_locale.dir/Config.cpp.o
[301/574] Building CXX object src/modules/locale/CMakeFiles/calamares_viewmodule_locale.dir/LCLocaleDialog.cpp.o
[302/574] Building CXX object src/modules/locale/CMakeFiles/calamares_viewmodule_locale.dir/LocaleNames.cpp.o
[303/574] Building CXX object src/modules/locale/CMakeFiles/calamares_viewmodule_locale.dir/LocaleConfiguration.cpp.o
[304/574] Building CXX object src/modules/locale/CMakeFiles/calamares_viewmodule_locale.dir/LocalePage.cpp.o
[305/574] Building CXX object src/modules/locale/CMakeFiles/calamares_viewmodule_locale.dir/LocaleViewStep.cpp.o
[306/574] Building CXX object src/modules/locale/CMakeFiles/calamares_viewmodule_locale.dir/SetTimezoneJob.cpp.o
[307/574] Building CXX object src/modules/locale/CMakeFiles/calamares_viewmodule_locale.dir/timezonewidget/timezonewidget.cpp.o
[308/574] Building CXX object src/modules/locale/CMakeFiles/calamares_viewmodule_locale.dir/calamares_viewmodule_locale_autogen/EWIEGA46WW/qrc_locale.cpp.o
[309/574] Building CXX object src/modules/locale/CMakeFiles/calamares_viewmodule_locale.dir/timezonewidget/TimeZoneImage.cpp.o
[310/574] Building CXX object src/modules/localeq/CMakeFiles/calamares_viewmodule_localeq.dir/LocaleQmlViewStep.cpp.o
[311/574] Building CXX object src/modules/localeq/CMakeFiles/calamares_viewmodule_localeq.dir/calamares_viewmodule_localeq_autogen/mocs_compilation.cpp.o
[312/574] Building CXX object src/modules/localeq/CMakeFiles/calamares_viewmodule_localeq.dir/__/locale/LocaleConfiguration.cpp.o
[313/574] Building CXX object src/modules/localeq/CMakeFiles/calamares_viewmodule_localeq.dir/__/locale/Config.cpp.o
[314/574] Building CXX object src/modules/localeq/CMakeFiles/calamares_viewmodule_localeq.dir/__/locale/LocaleNames.cpp.o
[315/574] Building CXX object src/modules/localeq/CMakeFiles/calamares_viewmodule_localeq.dir/calamares_viewmodule_localeq_autogen/EWIEGA46WW/qrc_localeq-qt6.cpp.o
[316/574] Building CXX object src/modules/localeq/CMakeFiles/calamares_viewmodule_localeq.dir/__/locale/SetTimezoneJob.cpp.o
[317/574] Building CXX object src/modules/luksbootkeyfile/CMakeFiles/calamares_job_luksbootkeyfile.dir/calamares_job_luksbootkeyfile_autogen/mocs_compilation.cpp.o
[318/574] Building CXX object src/modules/luksopenswaphookcfg/CMakeFiles/calamares_job_luksopenswaphookcfg.dir/calamares_job_luksopenswaphookcfg_autogen/mocs_compilation.cpp.o
[319/574] Building CXX object src/modules/luksbootkeyfile/CMakeFiles/calamares_job_luksbootkeyfile.dir/LuksBootKeyFileJob.cpp.o
[320/574] Building CXX object src/modules/luksopenswaphookcfg/CMakeFiles/calamares_job_luksopenswaphookcfg.dir/LOSHJob.cpp.o
[321/574] Building CXX object src/modules/machineid/CMakeFiles/calamares_job_machineid.dir/calamares_job_machineid_autogen/mocs_compilation.cpp.o
[322/574] Building CXX object src/modules/machineid/CMakeFiles/calamares_job_machineid.dir/MachineIdJob.cpp.o
[323/574] Building CXX object src/modules/machineid/CMakeFiles/calamares_job_machineid.dir/Workers.cpp.o
[324/574] Building CXX object src/modules/netinstall/CMakeFiles/calamares_viewmodule_netinstall.dir/calamares_viewmodule_netinstall_autogen/mocs_compilation.cpp.o
[325/574] Building CXX object src/modules/netinstall/CMakeFiles/calamares_viewmodule_netinstall.dir/Config.cpp.o
[326/574] Building CXX object src/modules/netinstall/CMakeFiles/calamares_viewmodule_netinstall.dir/groupstreeview.cpp.o
[327/574] Building CXX object src/modules/netinstall/CMakeFiles/calamares_viewmodule_netinstall.dir/LoaderQueue.cpp.o
[328/574] Building CXX object src/modules/netinstall/CMakeFiles/calamares_viewmodule_netinstall.dir/NetInstallViewStep.cpp.o
[329/574] Building CXX object src/modules/netinstall/CMakeFiles/calamares_viewmodule_netinstall.dir/PackageTreeItem.cpp.o
[330/574] Building CXX object src/modules/netinstall/CMakeFiles/calamares_viewmodule_netinstall.dir/NetInstallPage.cpp.o
[331/574] Building CXX object src/modules/notesqml/CMakeFiles/calamares_viewmodule_notesqml.dir/calamares_viewmodule_notesqml_autogen/mocs_compilation.cpp.o
[332/574] Building CXX object src/modules/netinstall/CMakeFiles/calamares_viewmodule_netinstall.dir/PackageModel.cpp.o
[333/574] Building CXX object src/modules/notesqml/CMakeFiles/calamares_viewmodule_notesqml.dir/calamares_viewmodule_notesqml_autogen/EWIEGA46WW/qrc_notesqml.cpp.o
[334/574] Building CXX object src/modules/notesqml/CMakeFiles/calamares_viewmodule_notesqml.dir/NotesQmlViewStep.cpp.o
[335/574] Building CXX object src/modules/oemid/CMakeFiles/calamares_viewmodule_oemid.dir/calamares_viewmodule_oemid_autogen/mocs_compilation.cpp.o
[336/574] Building CXX object src/modules/oemid/CMakeFiles/calamares_viewmodule_oemid.dir/IDJob.cpp.o
[337/574] Building CXX object src/modules/oemid/CMakeFiles/calamares_viewmodule_oemid.dir/OEMViewStep.cpp.o
[338/574] Building CXX object src/modules/packagechooser/CMakeFiles/calamares_viewmodule_packagechooser.dir/calamares_viewmodule_packagechooser_autogen/mocs_compilation.cpp.o
[339/574] Building CXX object src/modules/packagechooser/CMakeFiles/calamares_viewmodule_packagechooser.dir/Config.cpp.o
[340/574] Building CXX object src/modules/packagechooser/CMakeFiles/calamares_viewmodule_packagechooser.dir/PackageChooserPage.cpp.o
[341/574] Building CXX object src/modules/packagechooser/CMakeFiles/calamares_viewmodule_packagechooser.dir/PackageChooserViewStep.cpp.o
[342/574] Building CXX object src/modules/packagechooser/CMakeFiles/calamares_viewmodule_packagechooser.dir/calamares_viewmodule_packagechooser_autogen/EWIEGA46WW/qrc_packagechooser.cpp.o
[343/574] Building CXX object src/modules/packagechooser/CMakeFiles/calamares_viewmodule_packagechooser.dir/PackageModel.cpp.o
[344/574] Building CXX object src/modules/packagechooserq/CMakeFiles/calamares_viewmodule_packagechooserq.dir/calamares_viewmodule_packagechooserq_autogen/mocs_compilation.cpp.o
[345/574] Building CXX object src/modules/packagechooserq/CMakeFiles/calamares_viewmodule_packagechooserq.dir/PackageChooserQmlViewStep.cpp.o
[346/574] Building CXX object src/modules/packagechooserq/CMakeFiles/calamares_viewmodule_packagechooserq.dir/__/packagechooser/Config.cpp.o
[347/574] Building CXX object src/modules/packagechooserq/CMakeFiles/calamares_viewmodule_packagechooserq.dir/calamares_viewmodule_packagechooserq_autogen/EWIEGA46WW/qrc_packagechooserq-qt6.cpp.o
[348/574] Building CXX object src/modules/packagechooserq/CMakeFiles/calamares_viewmodule_packagechooserq.dir/__/packagechooser/PackageModel.cpp.o
[349/574] Building CXX object src/modules/partition/CMakeFiles/calamares_viewmodule_partition.dir/calamares_viewmodule_partition_autogen/mocs_compilation.cpp.o
[350/574] Building CXX object src/modules/partition/CMakeFiles/calamares_viewmodule_partition.dir/Config.cpp.o
[351/574] Building CXX object src/modules/partition/CMakeFiles/calamares_viewmodule_partition.dir/core/BootLoaderModel.cpp.o
[352/574] Building CXX object src/modules/partition/CMakeFiles/calamares_viewmodule_partition.dir/core/ColorUtils.cpp.o
[353/574] Building CXX object src/modules/partition/CMakeFiles/calamares_viewmodule_partition.dir/PartitionViewStep.cpp.o
[354/574] Building CXX object src/modules/partition/CMakeFiles/calamares_viewmodule_partition.dir/core/DeviceList.cpp.o
[355/574] Building CXX object src/modules/partition/CMakeFiles/calamares_viewmodule_partition.dir/core/DeviceModel.cpp.o
[356/574] Building CXX object src/modules/partition/CMakeFiles/calamares_viewmodule_partition.dir/core/KPMHelpers.cpp.o
[357/574] Building CXX object src/modules/partition/CMakeFiles/calamares_viewmodule_partition.dir/core/OsproberEntry.cpp.o
[358/574] Building CXX object src/modules/partition/CMakeFiles/calamares_viewmodule_partition.dir/core/DirFSRestrictLayout.cpp.o
[359/574] Building CXX object src/modules/partition/CMakeFiles/calamares_viewmodule_partition.dir/core/PartitionActions.cpp.o
[360/574] Building CXX object src/modules/partition/CMakeFiles/calamares_viewmodule_partition.dir/core/PartitionInfo.cpp.o
[361/574] Building CXX object src/modules/partition/CMakeFiles/calamares_viewmodule_partition.dir/core/PartitionLayout.cpp.o
[362/574] Building CXX object src/modules/partition/CMakeFiles/calamares_viewmodule_partition.dir/core/PartitionCoreModule.cpp.o
[363/574] Building CXX object src/modules/partition/CMakeFiles/calamares_viewmodule_partition.dir/core/PartitionModel.cpp.o
[364/574] Building CXX object src/modules/partition/CMakeFiles/calamares_viewmodule_partition.dir/gui/BootInfoWidget.cpp.o
[365/574] Building CXX object src/modules/partition/CMakeFiles/calamares_viewmodule_partition.dir/core/PartUtils.cpp.o
[366/574] Building CXX object src/modules/partition/CMakeFiles/calamares_viewmodule_partition.dir/gui/CreatePartitionDialog.cpp.o
[367/574] Building CXX object src/modules/partition/CMakeFiles/calamares_viewmodule_partition.dir/gui/ChoicePage.cpp.o
[368/574] Building CXX object src/modules/partition/CMakeFiles/calamares_viewmodule_partition.dir/gui/CreateVolumeGroupDialog.cpp.o
[369/574] Building CXX object src/modules/partition/CMakeFiles/calamares_viewmodule_partition.dir/gui/DeviceInfoWidget.cpp.o
[370/574] Building CXX object src/modules/partition/CMakeFiles/calamares_viewmodule_partition.dir/gui/EncryptWidget.cpp.o
[371/574] Building CXX object src/modules/partition/CMakeFiles/calamares_viewmodule_partition.dir/gui/EditExistingPartitionDialog.cpp.o
[372/574] Building CXX object src/modules/partition/CMakeFiles/calamares_viewmodule_partition.dir/gui/ListPhysicalVolumeWidgetItem.cpp.o
[373/574] Building CXX object src/modules/partition/CMakeFiles/calamares_viewmodule_partition.dir/gui/PartitionBarsView.cpp.o
[374/574] Building CXX object src/modules/partition/CMakeFiles/calamares_viewmodule_partition.dir/gui/PartitionPage.cpp.o
[375/574] Building CXX object src/modules/partition/CMakeFiles/calamares_viewmodule_partition.dir/gui/PartitionDialogHelpers.cpp.o
[376/574] Building CXX object src/modules/partition/CMakeFiles/calamares_viewmodule_partition.dir/gui/PartitionLabelsView.cpp.o
[377/574] Building CXX object src/modules/partition/CMakeFiles/calamares_viewmodule_partition.dir/gui/PartitionSizeController.cpp.o
[378/574] Building CXX object src/modules/partition/CMakeFiles/calamares_viewmodule_partition.dir/gui/ResizeVolumeGroupDialog.cpp.o
[379/574] Building CXX object src/modules/partition/CMakeFiles/calamares_viewmodule_partition.dir/gui/PartitionSplitterWidget.cpp.o
[380/574] Building CXX object src/modules/partition/CMakeFiles/calamares_viewmodule_partition.dir/gui/VolumeGroupBaseDialog.cpp.o
[381/574] Building CXX object src/modules/partition/CMakeFiles/calamares_viewmodule_partition.dir/gui/ScanningDialog.cpp.o
[382/574] Building CXX object src/modules/partition/CMakeFiles/calamares_viewmodule_partition.dir/jobs/AutoMountManagementJob.cpp.o
[383/574] Building CXX object src/modules/partition/CMakeFiles/calamares_viewmodule_partition.dir/jobs/ChangeFilesystemLabelJob.cpp.o
[384/574] Building CXX object src/modules/partition/CMakeFiles/calamares_viewmodule_partition.dir/jobs/ClearTempMountsJob.cpp.o
[385/574] Building CXX object src/modules/partition/CMakeFiles/calamares_viewmodule_partition.dir/jobs/ClearMountsJob.cpp.o
[386/574] Building CXX object src/modules/partition/CMakeFiles/calamares_viewmodule_partition.dir/jobs/CreatePartitionTableJob.cpp.o
[387/574] Building CXX object src/modules/partition/CMakeFiles/calamares_viewmodule_partition.dir/jobs/CreatePartitionJob.cpp.o
[388/574] Building CXX object src/modules/partition/CMakeFiles/calamares_viewmodule_partition.dir/jobs/CreateVolumeGroupJob.cpp.o
[389/574] Building CXX object src/modules/partition/CMakeFiles/calamares_viewmodule_partition.dir/jobs/DeactivateVolumeGroupJob.cpp.o
[390/574] Building CXX object src/modules/partition/CMakeFiles/calamares_viewmodule_partition.dir/jobs/DeletePartitionJob.cpp.o
[391/574] Building CXX object src/modules/partition/CMakeFiles/calamares_viewmodule_partition.dir/jobs/FormatPartitionJob.cpp.o
[392/574] Building CXX object src/modules/partition/CMakeFiles/calamares_viewmodule_partition.dir/jobs/FillGlobalStorageJob.cpp.o
[393/574] Building CXX object src/modules/partition/CMakeFiles/calamares_viewmodule_partition.dir/jobs/PartitionJob.cpp.o
[394/574] Building CXX object src/modules/partition/CMakeFiles/calamares_viewmodule_partition.dir/jobs/RemoveVolumeGroupJob.cpp.o
[395/574] Building CXX object src/modules/partition/CMakeFiles/calamares_viewmodule_partition.dir/jobs/ResizePartitionJob.cpp.o
[396/574] Building CXX object src/modules/partition/CMakeFiles/calamares_viewmodule_partition.dir/jobs/ResizeVolumeGroupJob.cpp.o
[397/574] Building CXX object src/modules/partition/CMakeFiles/calamares_viewmodule_partition.dir/jobs/SetPartitionFlagsJob.cpp.o
[398/574] Building CXX object src/modules/plasmalnf/CMakeFiles/calamares_viewmodule_plasmalnf.dir/calamares_viewmodule_plasmalnf_autogen/mocs_compilation.cpp.o
[399/574] Building CXX object src/modules/plasmalnf/CMakeFiles/calamares_viewmodule_plasmalnf.dir/Config.cpp.o
[400/574] Building CXX object src/modules/plasmalnf/CMakeFiles/calamares_viewmodule_plasmalnf.dir/PlasmaLnfViewStep.cpp.o
[401/574] Building CXX object src/modules/plasmalnf/CMakeFiles/calamares_viewmodule_plasmalnf.dir/PlasmaLnfJob.cpp.o
[402/574] Building CXX object src/modules/plasmalnf/CMakeFiles/calamares_viewmodule_plasmalnf.dir/PlasmaLnfPage.cpp.o
[403/574] Building CXX object src/modules/plasmalnf/CMakeFiles/calamares_viewmodule_plasmalnf.dir/calamares_viewmodule_plasmalnf_autogen/EWIEGA46WW/qrc_page_plasmalnf.cpp.o
[404/574] Building CXX object src/modules/preservefiles/CMakeFiles/calamares_job_preservefiles.dir/calamares_job_preservefiles_autogen/mocs_compilation.cpp.o
[405/574] Building CXX object src/modules/plasmalnf/CMakeFiles/calamares_viewmodule_plasmalnf.dir/ThemeInfo.cpp.o
[406/574] Building CXX object src/modules/preservefiles/CMakeFiles/calamares_job_preservefiles.dir/Item.cpp.o
[407/574] Building CXX object src/modules/removeuser/CMakeFiles/calamares_job_removeuser.dir/calamares_job_removeuser_autogen/mocs_compilation.cpp.o
[408/574] Building CXX object src/modules/preservefiles/CMakeFiles/calamares_job_preservefiles.dir/PreserveFiles.cpp.o
[409/574] Building CXX object src/modules/removeuser/CMakeFiles/calamares_job_removeuser.dir/RemoveUserJob.cpp.o
[410/574] Building CXX object src/modules/shellprocess/CMakeFiles/calamares_job_shellprocess.dir/calamares_job_shellprocess_autogen/mocs_compilation.cpp.o
[411/574] Building CXX object src/modules/shellprocess/CMakeFiles/calamares_job_shellprocess.dir/ShellProcessJob.cpp.o
[412/574] Building CXX object src/modules/summary/CMakeFiles/calamares_viewmodule_summary.dir/calamares_viewmodule_summary_autogen/mocs_compilation.cpp.o
[413/574] Building CXX object src/modules/summary/CMakeFiles/calamares_viewmodule_summary.dir/Config.cpp.o
[414/574] Building CXX object src/modules/summary/CMakeFiles/calamares_viewmodule_summary.dir/SummaryModel.cpp.o
[415/574] Building CXX object src/modules/summary/CMakeFiles/calamares_viewmodule_summary.dir/SummaryViewStep.cpp.o
[416/574] Building CXX object src/modules/summary/CMakeFiles/calamares_viewmodule_summary.dir/SummaryPage.cpp.o
[417/574] Building CXX object src/modules/summaryq/CMakeFiles/calamares_viewmodule_summaryq.dir/SummaryQmlViewStep.cpp.o
[418/574] Building CXX object src/modules/summaryq/CMakeFiles/calamares_viewmodule_summaryq.dir/calamares_viewmodule_summaryq_autogen/mocs_compilation.cpp.o
[419/574] Building CXX object src/modules/summaryq/CMakeFiles/calamares_viewmodule_summaryq.dir/__/summary/Config.cpp.o
[420/574] Building CXX object src/modules/summaryq/CMakeFiles/calamares_viewmodule_summaryq.dir/calamares_viewmodule_summaryq_autogen/EWIEGA46WW/qrc_summaryq-qt6.cpp.o
[421/574] Building CXX object src/modules/summaryq/CMakeFiles/calamares_viewmodule_summaryq.dir/__/summary/SummaryModel.cpp.o
[422/574] Building CXX object src/modules/tracking/CMakeFiles/calamares_viewmodule_tracking.dir/Config.cpp.o
[423/574] Building CXX object src/modules/tracking/CMakeFiles/calamares_viewmodule_tracking.dir/calamares_viewmodule_tracking_autogen/mocs_compilation.cpp.o
[424/574] Building CXX object src/modules/tracking/CMakeFiles/calamares_viewmodule_tracking.dir/TrackingJobs.cpp.o
[425/574] Building CXX object src/modules/tracking/CMakeFiles/calamares_viewmodule_tracking.dir/TrackingPage.cpp.o
[426/574] Building CXX object src/modules/tracking/CMakeFiles/calamares_viewmodule_tracking.dir/calamares_viewmodule_tracking_autogen/EWIEGA46WW/qrc_page_trackingstep.cpp.o
[427/574] Building CXX object src/modules/umount/CMakeFiles/calamares_job_umount.dir/calamares_job_umount_autogen/mocs_compilation.cpp.o
[428/574] Building CXX object src/modules/tracking/CMakeFiles/calamares_viewmodule_tracking.dir/TrackingViewStep.cpp.o
[429/574] Building CXX object src/modules/unpackfsc/CMakeFiles/calamares_job_unpackfsc.dir/calamares_job_unpackfsc_autogen/mocs_compilation.cpp.o
[430/574] Building CXX object src/modules/umount/CMakeFiles/calamares_job_umount.dir/UmountJob.cpp.o
[431/574] Building CXX object src/modules/unpackfsc/CMakeFiles/calamares_job_unpackfsc.dir/UnpackFSCJob.cpp.o
[432/574] Building CXX object src/modules/unpackfsc/CMakeFiles/calamares_job_unpackfsc.dir/Runners.cpp.o
[433/574] Building CXX object src/modules/unpackfsc/CMakeFiles/calamares_job_unpackfsc.dir/ErofsRunner.cpp.o
[434/574] Building CXX object src/modules/unpackfsc/CMakeFiles/calamares_job_unpackfsc.dir/FSArchiverRunner.cpp.o
[435/574] Building CXX object src/modules/unpackfsc/CMakeFiles/calamares_job_unpackfsc.dir/TarballRunner.cpp.o
[436/574] Building CXX object src/modules/unpackfsc/CMakeFiles/calamares_job_unpackfsc.dir/UnsquashRunner.cpp.o
[437/574] Building CXX object src/modules/users/CMakeFiles/calamares_viewmodule_users.dir/calamares_viewmodule_users_autogen/mocs_compilation.cpp.o
[438/574] Building CXX object src/modules/users/CMakeFiles/calamares_viewmodule_users.dir/UsersViewStep.cpp.o
[439/574] Building CXX object src/modules/users/CMakeFiles/calamares_viewmodule_users.dir/calamares_viewmodule_users_autogen/EWIEGA46WW/qrc_users.cpp.o
[440/574] Building CXX object src/modules/usersq/CMakeFiles/calamares_viewmodule_usersq.dir/calamares_viewmodule_usersq_autogen/mocs_compilation.cpp.o
[441/574] Building CXX object src/modules/users/CMakeFiles/calamares_viewmodule_users.dir/UsersPage.cpp.o
[442/574] Building CXX object src/modules/usersq/CMakeFiles/calamares_viewmodule_usersq.dir/calamares_viewmodule_usersq_autogen/EWIEGA46WW/qrc_usersq-qt6.cpp.o
[443/574] Building CXX object src/modules/usersq/CMakeFiles/calamares_viewmodule_usersq.dir/UsersQmlViewStep.cpp.o
[444/574] Building CXX object src/modules/welcome/CMakeFiles/calamares_viewmodule_welcome.dir/checker/CheckerContainer.cpp.o
[445/574] Building CXX object src/modules/welcome/CMakeFiles/calamares_viewmodule_welcome.dir/calamares_viewmodule_welcome_autogen/mocs_compilation.cpp.o
[446/574] Building CXX object src/modules/welcome/CMakeFiles/calamares_viewmodule_welcome.dir/checker/ResultDelegate.cpp.o
[447/574] Building CXX object src/modules/welcome/CMakeFiles/calamares_viewmodule_welcome.dir/checker/GeneralRequirements.cpp.o
[448/574] Building C object src/modules/welcome/CMakeFiles/calamares_viewmodule_welcome.dir/checker/partman_devices.c.o
[449/574] Building CXX object src/modules/welcome/CMakeFiles/calamares_viewmodule_welcome.dir/checker/ResultsListWidget.cpp.o
[450/574] Building CXX object src/modules/welcome/CMakeFiles/calamares_viewmodule_welcome.dir/WelcomeViewStep.cpp.o
[451/574] Building CXX object src/modules/welcome/CMakeFiles/calamares_viewmodule_welcome.dir/Config.cpp.o
[452/574] Building CXX object src/modules/welcome/CMakeFiles/calamares_viewmodule_welcome.dir/calamares_viewmodule_welcome_autogen/EWIEGA46WW/qrc_welcome.cpp.o
[453/574] Building CXX object src/modules/welcome/CMakeFiles/calamares_viewmodule_welcome.dir/WelcomePage.cpp.o
[454/574] Building CXX object src/modules/welcomeq/CMakeFiles/calamares_viewmodule_welcomeq.dir/calamares_viewmodule_welcomeq_autogen/mocs_compilation.cpp.o
[455/574] Building C object src/modules/welcomeq/CMakeFiles/calamares_viewmodule_welcomeq.dir/__/welcome/checker/partman_devices.c.o
[456/574] Building CXX object src/modules/welcomeq/CMakeFiles/calamares_viewmodule_welcomeq.dir/__/welcome/checker/GeneralRequirements.cpp.o
[457/574] Building CXX object src/modules/welcomeq/CMakeFiles/calamares_viewmodule_welcomeq.dir/WelcomeQmlViewStep.cpp.o
[458/574] Building CXX object src/modules/welcomeq/CMakeFiles/calamares_viewmodule_welcomeq.dir/calamares_viewmodule_welcomeq_autogen/EWIEGA46WW/qrc_welcomeq-qt6.cpp.o
[459/574] Building CXX object src/modules/zfs/CMakeFiles/calamares_job_zfs.dir/calamares_job_zfs_autogen/mocs_compilation.cpp.o
[460/574] Building CXX object src/modules/welcomeq/CMakeFiles/calamares_viewmodule_welcomeq.dir/__/welcome/Config.cpp.o
[461/574] Generating calamares-default_ar.qm
Updating '/build/source/build/src/branding/calamares-default_ar.qm'...
    Generated 2 translation(s) (2 finished and 0 unfinished)
[462/574] Generating calamares-default_en.qm
Updating '/build/source/build/src/branding/calamares-default_en.qm'...
    Generated 0 translation(s) (0 finished and 0 unfinished)
    Ignored 2 untranslated source text(s)
[463/574] Generating calamares-default_eo.qm
Updating '/build/source/build/src/branding/calamares-default_eo.qm'...
    Generated 2 translation(s) (2 finished and 0 unfinished)
[464/574] Generating calamares-default_fr.qm
Updating '/build/source/build/src/branding/calamares-default_fr.qm'...
    Generated 2 translation(s) (2 finished and 0 unfinished)
[465/574] Generating calamares-default_nl.qm
Updating '/build/source/build/src/branding/calamares-default_nl.qm'...
    Generated 2 translation(s) (2 finished and 0 unfinished)
[466/574] Linking CXX executable lang/txload
[467/574] Generating ar/LC_MESSAGES/calamares-python.mo
[468/574] Generating as/LC_MESSAGES/calamares-python.mo
[469/574] Generating ast/LC_MESSAGES/calamares-python.mo
[470/574] Generating az/LC_MESSAGES/calamares-python.mo
[471/574] Generating az_AZ/LC_MESSAGES/calamares-python.mo
[472/574] Generating be/LC_MESSAGES/calamares-python.mo
[473/574] Generating bg/LC_MESSAGES/calamares-python.mo
[474/574] Generating bn/LC_MESSAGES/calamares-python.mo
[475/574] Generating ca/LC_MESSAGES/calamares-python.mo
[476/574] Generating ca@valencia/LC_MESSAGES/calamares-python.mo
[477/574] Generating cs_CZ/LC_MESSAGES/calamares-python.mo
[478/574] Generating da/LC_MESSAGES/calamares-python.mo
[479/574] Generating de/LC_MESSAGES/calamares-python.mo
[480/574] Generating el/LC_MESSAGES/calamares-python.mo
[481/574] Generating en_GB/LC_MESSAGES/calamares-python.mo
[482/574] Generating eo/LC_MESSAGES/calamares-python.mo
[483/574] Generating es/LC_MESSAGES/calamares-python.mo
[484/574] Generating es_AR/LC_MESSAGES/calamares-python.mo
[485/574] Generating es_MX/LC_MESSAGES/calamares-python.mo
[486/574] Generating et/LC_MESSAGES/calamares-python.mo
[487/574] Generating eu/LC_MESSAGES/calamares-python.mo
[488/574] Generating fa/LC_MESSAGES/calamares-python.mo
[489/574] Generating fi_FI/LC_MESSAGES/calamares-python.mo
[490/574] Generating fr/LC_MESSAGES/calamares-python.mo
[491/574] Generating fur/LC_MESSAGES/calamares-python.mo
[492/574] Generating gl/LC_MESSAGES/calamares-python.mo
[493/574] Generating he/LC_MESSAGES/calamares-python.mo
[494/574] Generating hi/LC_MESSAGES/calamares-python.mo
[495/574] Generating hr/LC_MESSAGES/calamares-python.mo
[496/574] Generating hu/LC_MESSAGES/calamares-python.mo
[497/574] Generating ia/LC_MESSAGES/calamares-python.mo
[498/574] Generating id/LC_MESSAGES/calamares-python.mo
[499/574] Generating is/LC_MESSAGES/calamares-python.mo
[500/574] Generating it_IT/LC_MESSAGES/calamares-python.mo
[501/574] Generating ja/LC_MESSAGES/calamares-python.mo
[502/574] Generating ka/LC_MESSAGES/calamares-python.mo
[503/574] Generating kk/LC_MESSAGES/calamares-python.mo
[504/574] Generating ko/LC_MESSAGES/calamares-python.mo
[505/574] Generating lg/LC_MESSAGES/calamares-python.mo
[506/574] Generating lt/LC_MESSAGES/calamares-python.mo
[507/574] Generating ml/LC_MESSAGES/calamares-python.mo
[508/574] Generating mr/LC_MESSAGES/calamares-python.mo
[509/574] Generating nb/LC_MESSAGES/calamares-python.mo
[510/574] Generating nl/LC_MESSAGES/calamares-python.mo
[511/574] Generating oc/LC_MESSAGES/calamares-python.mo
[512/574] Generating pl/LC_MESSAGES/calamares-python.mo
[513/574] Generating pt_BR/LC_MESSAGES/calamares-python.mo
[514/574] Generating pt_PT/LC_MESSAGES/calamares-python.mo
[515/574] Generating ro/LC_MESSAGES/calamares-python.mo
[516/574] Generating ru/LC_MESSAGES/calamares-python.mo
[517/574] Generating si/LC_MESSAGES/calamares-python.mo
[518/574] Generating sk/LC_MESSAGES/calamares-python.mo
[519/574] Generating sl/LC_MESSAGES/calamares-python.mo
[520/574] Generating sq/LC_MESSAGES/calamares-python.mo
[521/574] Generating sr/LC_MESSAGES/calamares-python.mo
[522/574] Generating sr@latin/LC_MESSAGES/calamares-python.mo
[523/574] Generating sv/LC_MESSAGES/calamares-python.mo
[524/574] Generating tg/LC_MESSAGES/calamares-python.mo
[525/574] Generating th/LC_MESSAGES/calamares-python.mo
[526/574] Generating tr_TR/LC_MESSAGES/calamares-python.mo
[527/574] Generating uk/LC_MESSAGES/calamares-python.mo
[528/574] Generating uz/LC_MESSAGES/calamares-python.mo
[529/574] Generating vi/LC_MESSAGES/calamares-python.mo
[530/574] Generating zh_CN/LC_MESSAGES/calamares-python.mo
[531/574] Generating zh_TW/LC_MESSAGES/calamares-python.mo
[532/574] Linking CXX executable test_geoip
[533/574] Linking CXX executable test_automount
[534/574] Building CXX object src/modules/zfs/CMakeFiles/calamares_job_zfs.dir/ZfsJob.cpp.o
[535/574] Linking CXX executable calamares
[536/574] Linking CXX shared library src/modules/contextualprocess/libcalamares_job_contextualprocess.so
[537/574] Linking CXX shared library src/modules/dracutlukscfg/libcalamares_job_dracutlukscfg.so
[538/574] Linking CXX shared library src/modules/dummycpp/libcalamares_job_dummycpp.so
[539/574] Linking CXX shared library src/modules/finished/libcalamares_viewmodule_finished.so
[540/574] Linking CXX shared library src/modules/finishedq/libcalamares_viewmodule_finishedq.so
[541/574] Linking CXX shared library src/modules/fsresizer/libcalamares_job_fsresizer.so
[542/574] Linking CXX shared library src/modules/hostinfo/libcalamares_job_hostinfo.so
[543/574] Linking CXX shared library src/modules/initcpio/libcalamares_job_initcpio.so
[544/574] Linking CXX shared library src/modules/initramfs/libcalamares_job_initramfs.so
[545/574] Linking CXX shared library src/modules/interactiveterminal/libcalamares_viewmodule_interactiveterminal.so
[546/574] Linking CXX shared library src/modules/keyboard/libcalamares_viewmodule_keyboard.so
[547/574] Linking CXX shared library src/modules/keyboardq/libcalamares_viewmodule_keyboardq.so
[548/574] Linking CXX shared library src/modules/license/libcalamares_viewmodule_license.so
[549/574] Linking CXX shared library src/modules/locale/libcalamares_viewmodule_locale.so
[550/574] Linking CXX shared library src/modules/localeq/libcalamares_viewmodule_localeq.so
[551/574] Linking CXX shared library src/modules/luksbootkeyfile/libcalamares_job_luksbootkeyfile.so
[552/574] Linking CXX shared library src/modules/luksopenswaphookcfg/libcalamares_job_luksopenswaphookcfg.so
[553/574] Linking CXX shared library src/modules/machineid/libcalamares_job_machineid.so
[554/574] Linking CXX shared library src/modules/netinstall/libcalamares_viewmodule_netinstall.so
[555/574] Linking CXX shared library src/modules/notesqml/libcalamares_viewmodule_notesqml.so
[556/574] Linking CXX shared library src/modules/oemid/libcalamares_viewmodule_oemid.so
[557/574] Linking CXX shared library src/modules/packagechooser/libcalamares_viewmodule_packagechooser.so
[558/574] Linking CXX shared library src/modules/packagechooserq/libcalamares_viewmodule_packagechooserq.so
[559/574] Linking CXX shared library src/modules/plasmalnf/libcalamares_viewmodule_plasmalnf.so
[560/574] Linking CXX shared library src/modules/preservefiles/libcalamares_job_preservefiles.so
[561/574] Linking CXX shared library src/modules/partition/libcalamares_viewmodule_partition.so
[562/574] Linking CXX shared library src/modules/removeuser/libcalamares_job_removeuser.so
[563/574] Linking CXX shared library src/modules/shellprocess/libcalamares_job_shellprocess.so
[564/574] Linking CXX shared library src/modules/summary/libcalamares_viewmodule_summary.so
[565/574] Linking CXX shared library src/modules/summaryq/libcalamares_viewmodule_summaryq.so
[566/574] Linking CXX shared library src/modules/umount/libcalamares_job_umount.so
[567/574] Linking CXX shared library src/modules/tracking/libcalamares_viewmodule_tracking.so
[568/574] Linking CXX shared library src/modules/unpackfsc/libcalamares_job_unpackfsc.so
[569/574] Linking CXX shared library src/modules/users/libcalamares_viewmodule_users.so
[570/574] Linking CXX shared library src/modules/usersq/libcalamares_viewmodule_usersq.so
[571/574] Linking CXX shared library src/modules/welcome/libcalamares_viewmodule_welcome.so
[572/574] Linking CXX shared library src/modules/welcomeq/libcalamares_viewmodule_welcomeq.so
[573/574] cd /build/source/build/src/branding && /nix/store/hkldf6z3rlgdrkza4avb5r4hplr4kfa0-cmake-4.1.6/bin/cmake -E make_directory /build/source/build/src/branding/default/lang/ && /nix/store/hkldf6z3rlgdrkza4avb5r4hplr4kfa0-cmake-4.1.6/bin/cmake -E copy /build/source/build/src/branding/calamares-default_ar.qm /build/source/build/src/branding/calamares-default_en.qm /build/source/build/src/branding/calamares-default_eo.qm /build/source/build/src/branding/calamares-default_fr.qm /build/source/build/src/branding/calamares-default_nl.qm /build/source/build/src/branding/default/lang/
[574/574] Linking CXX shared library src/modules/zfs/libcalamares_job_zfs.so
buildPhase completed in 9 minutes 32 seconds
Running phase: glibPreInstallPhase
Running phase: installPhase
install flags: -j2 install
[1/2] cd /build/source/build/src/branding && /nix/store/hkldf6z3rlgdrkza4avb5r4hplr4kfa0-cmake-4.1.6/bin/cmake -E make_directory /build/source/build/src/branding/default/lang/ && /nix/store/hkldf6z3rlgdrkza4avb5r4hplr4kfa0-cmake-4.1.6/bin/cmake -E copy /build/source/build/src/branding/calamares-default_ar.qm /build/source/build/src/branding/calamares-default_en.qm /build/source/build/src/branding/calamares-default_eo.qm /build/source/build/src/branding/calamares-default_fr.qm /build/source/build/src/branding/calamares-default_nl.qm /build/source/build/src/branding/default/lang/
[1/2] Install the project...
-- Install configuration: "Release"
-- Installing: /nix/store/9pq87i897npipqxm6naq0qgp917qzb8w-calamares-3.4.2/share/locale/ar/LC_MESSAGES/calamares-python.mo
-- Installing: /nix/store/9pq87i897npipqxm6naq0qgp917qzb8w-calamares-3.4.2/share/locale/as/LC_MESSAGES/calamares-python.mo
-- Installing: /nix/store/9pq87i897npipqxm6naq0qgp917qzb8w-calamares-3.4.2/share/locale/ast/LC_MESSAGES/calamares-python.mo
-- Installing: /nix/store/9pq87i897npipqxm6naq0qgp917qzb8w-calamares-3.4.2/share/locale/az/LC_MESSAGES/calamares-python.mo
-- Installing: /nix/store/9pq87i897npipqxm6naq0qgp917qzb8w-calamares-3.4.2/share/locale/az_AZ/LC_MESSAGES/calamares-python.mo
-- Installing: /nix/store/9pq87i897npipqxm6naq0qgp917qzb8w-calamares-3.4.2/share/locale/be/LC_MESSAGES/calamares-python.mo
-- Installing: /nix/store/9pq87i897npipqxm6naq0qgp917qzb8w-calamares-3.4.2/share/locale/bg/LC_MESSAGES/calamares-python.mo
-- Installing: /nix/store/9pq87i897npipqxm6naq0qgp917qzb8w-calamares-3.4.2/share/locale/bn/LC_MESSAGES/calamares-python.mo
-- Installing: /nix/store/9pq87i897npipqxm6naq0qgp917qzb8w-calamares-3.4.2/share/locale/ca/LC_MESSAGES/calamares-python.mo
-- Installing: /nix/store/9pq87i897npipqxm6naq0qgp917qzb8w-calamares-3.4.2/share/locale/ca@valencia/LC_MESSAGES/calamares-python.mo
-- Installing: /nix/store/9pq87i897npipqxm6naq0qgp917qzb8w-calamares-3.4.2/share/locale/cs_CZ/LC_MESSAGES/calamares-python.mo
-- Installing: /nix/store/9pq87i897npipqxm6naq0qgp917qzb8w-calamares-3.4.2/share/locale/da/LC_MESSAGES/calamares-python.mo
-- Installing: /nix/store/9pq87i897npipqxm6naq0qgp917qzb8w-calamares-3.4.2/share/locale/de/LC_MESSAGES/calamares-python.mo
-- Installing: /nix/store/9pq87i897npipqxm6naq0qgp917qzb8w-calamares-3.4.2/share/locale/el/LC_MESSAGES/calamares-python.mo
-- Installing: /nix/store/9pq87i897npipqxm6naq0qgp917qzb8w-calamares-3.4.2/share/locale/en_GB/LC_MESSAGES/calamares-python.mo
-- Installing: /nix/store/9pq87i897npipqxm6naq0qgp917qzb8w-calamares-3.4.2/share/locale/eo/LC_MESSAGES/calamares-python.mo
-- Installing: /nix/store/9pq87i897npipqxm6naq0qgp917qzb8w-calamares-3.4.2/share/locale/es/LC_MESSAGES/calamares-python.mo
-- Installing: /nix/store/9pq87i897npipqxm6naq0qgp917qzb8w-calamares-3.4.2/share/locale/es_AR/LC_MESSAGES/calamares-python.mo
-- Installing: /nix/store/9pq87i897npipqxm6naq0qgp917qzb8w-calamares-3.4.2/share/locale/es_MX/LC_MESSAGES/calamares-python.mo
-- Installing: /nix/store/9pq87i897npipqxm6naq0qgp917qzb8w-calamares-3.4.2/share/locale/et/LC_MESSAGES/calamares-python.mo
-- Installing: /nix/store/9pq87i897npipqxm6naq0qgp917qzb8w-calamares-3.4.2/share/locale/eu/LC_MESSAGES/calamares-python.mo
-- Installing: /nix/store/9pq87i897npipqxm6naq0qgp917qzb8w-calamares-3.4.2/share/locale/fa/LC_MESSAGES/calamares-python.mo
-- Installing: /nix/store/9pq87i897npipqxm6naq0qgp917qzb8w-calamares-3.4.2/share/locale/fi_FI/LC_MESSAGES/calamares-python.mo
-- Installing: /nix/store/9pq87i897npipqxm6naq0qgp917qzb8w-calamares-3.4.2/share/locale/fr/LC_MESSAGES/calamares-python.mo
-- Installing: /nix/store/9pq87i897npipqxm6naq0qgp917qzb8w-calamares-3.4.2/share/locale/fur/LC_MESSAGES/calamares-python.mo
-- Installing: /nix/store/9pq87i897npipqxm6naq0qgp917qzb8w-calamares-3.4.2/share/locale/gl/LC_MESSAGES/calamares-python.mo
-- Installing: /nix/store/9pq87i897npipqxm6naq0qgp917qzb8w-calamares-3.4.2/share/locale/he/LC_MESSAGES/calamares-python.mo
-- Installing: /nix/store/9pq87i897npipqxm6naq0qgp917qzb8w-calamares-3.4.2/share/locale/hi/LC_MESSAGES/calamares-python.mo
-- Installing: /nix/store/9pq87i897npipqxm6naq0qgp917qzb8w-calamares-3.4.2/share/locale/hr/LC_MESSAGES/calamares-python.mo
-- Installing: /nix/store/9pq87i897npipqxm6naq0qgp917qzb8w-calamares-3.4.2/share/locale/hu/LC_MESSAGES/calamares-python.mo
-- Installing: /nix/store/9pq87i897npipqxm6naq0qgp917qzb8w-calamares-3.4.2/share/locale/ia/LC_MESSAGES/calamares-python.mo
-- Installing: /nix/store/9pq87i897npipqxm6naq0qgp917qzb8w-calamares-3.4.2/share/locale/id/LC_MESSAGES/calamares-python.mo
-- Installing: /nix/store/9pq87i897npipqxm6naq0qgp917qzb8w-calamares-3.4.2/share/locale/is/LC_MESSAGES/calamares-python.mo
-- Installing: /nix/store/9pq87i897npipqxm6naq0qgp917qzb8w-calamares-3.4.2/share/locale/it_IT/LC_MESSAGES/calamares-python.mo
-- Installing: /nix/store/9pq87i897npipqxm6naq0qgp917qzb8w-calamares-3.4.2/share/locale/ja/LC_MESSAGES/calamares-python.mo
-- Installing: /nix/store/9pq87i897npipqxm6naq0qgp917qzb8w-calamares-3.4.2/share/locale/ka/LC_MESSAGES/calamares-python.mo
-- Installing: /nix/store/9pq87i897npipqxm6naq0qgp917qzb8w-calamares-3.4.2/share/locale/kk/LC_MESSAGES/calamares-python.mo
-- Installing: /nix/store/9pq87i897npipqxm6naq0qgp917qzb8w-calamares-3.4.2/share/locale/ko/LC_MESSAGES/calamares-python.mo
-- Installing: /nix/store/9pq87i897npipqxm6naq0qgp917qzb8w-calamares-3.4.2/share/locale/lg/LC_MESSAGES/calamares-python.mo
-- Installing: /nix/store/9pq87i897npipqxm6naq0qgp917qzb8w-calamares-3.4.2/share/locale/lt/LC_MESSAGES/calamares-python.mo
-- Installing: /nix/store/9pq87i897npipqxm6naq0qgp917qzb8w-calamares-3.4.2/share/locale/ml/LC_MESSAGES/calamares-python.mo
-- Installing: /nix/store/9pq87i897npipqxm6naq0qgp917qzb8w-calamares-3.4.2/share/locale/mr/LC_MESSAGES/calamares-python.mo
-- Installing: /nix/store/9pq87i897npipqxm6naq0qgp917qzb8w-calamares-3.4.2/share/locale/nb/LC_MESSAGES/calamares-python.mo
-- Installing: /nix/store/9pq87i897npipqxm6naq0qgp917qzb8w-calamares-3.4.2/share/locale/nl/LC_MESSAGES/calamares-python.mo
-- Installing: /nix/store/9pq87i897npipqxm6naq0qgp917qzb8w-calamares-3.4.2/share/locale/oc/LC_MESSAGES/calamares-python.mo
-- Installing: /nix/store/9pq87i897npipqxm6naq0qgp917qzb8w-calamares-3.4.2/share/locale/pl/LC_MESSAGES/calamares-python.mo
-- Installing: /nix/store/9pq87i897npipqxm6naq0qgp917qzb8w-calamares-3.4.2/share/locale/pt_BR/LC_MESSAGES/calamares-python.mo
-- Installing: /nix/store/9pq87i897npipqxm6naq0qgp917qzb8w-calamares-3.4.2/share/locale/pt_PT/LC_MESSAGES/calamares-python.mo
-- Installing: /nix/store/9pq87i897npipqxm6naq0qgp917qzb8w-calamares-3.4.2/share/locale/ro/LC_MESSAGES/calamares-python.mo
-- Installing: /nix/store/9pq87i897npipqxm6naq0qgp917qzb8w-calamares-3.4.2/share/locale/ru/LC_MESSAGES/calamares-python.mo
-- Installing: /nix/store/9pq87i897npipqxm6naq0qgp917qzb8w-calamares-3.4.2/share/locale/si/LC_MESSAGES/calamares-python.mo
-- Installing: /nix/store/9pq87i897npipqxm6naq0qgp917qzb8w-calamares-3.4.2/share/locale/sk/LC_MESSAGES/calamares-python.mo
-- Installing: /nix/store/9pq87i897npipqxm6naq0qgp917qzb8w-calamares-3.4.2/share/locale/sl/LC_MESSAGES/calamares-python.mo
-- Installing: /nix/store/9pq87i897npipqxm6naq0qgp917qzb8w-calamares-3.4.2/share/locale/sq/LC_MESSAGES/calamares-python.mo
-- Installing: /nix/store/9pq87i897npipqxm6naq0qgp917qzb8w-calamares-3.4.2/share/locale/sr/LC_MESSAGES/calamares-python.mo
-- Installing: /nix/store/9pq87i897npipqxm6naq0qgp917qzb8w-calamares-3.4.2/share/locale/sr@latin/LC_MESSAGES/calamares-python.mo
-- Installing: /nix/store/9pq87i897npipqxm6naq0qgp917qzb8w-calamares-3.4.2/share/locale/sv/LC_MESSAGES/calamares-python.mo
-- Installing: /nix/store/9pq87i897npipqxm6naq0qgp917qzb8w-calamares-3.4.2/share/locale/tg/LC_MESSAGES/calamares-python.mo
-- Installing: /nix/store/9pq87i897npipqxm6naq0qgp917qzb8w-calamares-3.4.2/share/locale/th/LC_MESSAGES/calamares-python.mo
-- Installing: /nix/store/9pq87i897npipqxm6naq0qgp917qzb8w-calamares-3.4.2/share/locale/tr_TR/LC_MESSAGES/calamares-python.mo
-- Installing: /nix/store/9pq87i897npipqxm6naq0qgp917qzb8w-calamares-3.4.2/share/locale/uk/LC_MESSAGES/calamares-python.mo
-- Installing: /nix/store/9pq87i897npipqxm6naq0qgp917qzb8w-calamares-3.4.2/share/locale/uz/LC_MESSAGES/calamares-python.mo
-- Installing: /nix/store/9pq87i897npipqxm6naq0qgp917qzb8w-calamares-3.4.2/share/locale/vi/LC_MESSAGES/calamares-python.mo
-- Installing: /nix/store/9pq87i897npipqxm6naq0qgp917qzb8w-calamares-3.4.2/share/locale/zh_CN/LC_MESSAGES/calamares-python.mo
-- Installing: /nix/store/9pq87i897npipqxm6naq0qgp917qzb8w-calamares-3.4.2/share/locale/zh_TW/LC_MESSAGES/calamares-python.mo
-- Installing: /nix/store/9pq87i897npipqxm6naq0qgp917qzb8w-calamares-3.4.2/lib/libcalamares.so.3.4.2
-- Installing: /nix/store/9pq87i897npipqxm6naq0qgp917qzb8w-calamares-3.4.2/lib/libcalamares.so.3.4
-- Installing: /nix/store/9pq87i897npipqxm6naq0qgp917qzb8w-calamares-3.4.2/lib/libcalamares.so
-- Installing: /nix/store/9pq87i897npipqxm6naq0qgp917qzb8w-calamares-3.4.2/include/libcalamares/CalamaresConfig.h
-- Installing: /nix/store/9pq87i897npipqxm6naq0qgp917qzb8w-calamares-3.4.2/include/libcalamares/CalamaresVersion.h
-- Installing: /nix/store/9pq87i897npipqxm6naq0qgp917qzb8w-calamares-3.4.2/include/libcalamares/CalamaresAbout.h
-- Installing: /nix/store/9pq87i897npipqxm6naq0qgp917qzb8w-calamares-3.4.2/include/libcalamares/CppJob.h
-- Installing: /nix/store/9pq87i897npipqxm6naq0qgp917qzb8w-calamares-3.4.2/include/libcalamares/DllMacro.h
-- Installing: /nix/store/9pq87i897npipqxm6naq0qgp917qzb8w-calamares-3.4.2/include/libcalamares/GlobalStorage.h
-- Installing: /nix/store/9pq87i897npipqxm6naq0qgp917qzb8w-calamares-3.4.2/include/libcalamares/Job.h
-- Installing: /nix/store/9pq87i897npipqxm6naq0qgp917qzb8w-calamares-3.4.2/include/libcalamares/JobExample.h
-- Installing: /nix/store/9pq87i897npipqxm6naq0qgp917qzb8w-calamares-3.4.2/include/libcalamares/JobQueue.h
-- Installing: /nix/store/9pq87i897npipqxm6naq0qgp917qzb8w-calamares-3.4.2/include/libcalamares/ProcessJob.h
-- Installing: /nix/store/9pq87i897npipqxm6naq0qgp917qzb8w-calamares-3.4.2/include/libcalamares/Settings.h
-- Installing: /nix/store/9pq87i897npipqxm6naq0qgp917qzb8w-calamares-3.4.2/include/libcalamares/geoip/GeoIPFixed.h
-- Installing: /nix/store/9pq87i897npipqxm6naq0qgp917qzb8w-calamares-3.4.2/include/libcalamares/geoip/GeoIPJSON.h
-- Installing: /nix/store/9pq87i897npipqxm6naq0qgp917qzb8w-calamares-3.4.2/include/libcalamares/geoip/GeoIPTests.h
-- Installing: /nix/store/9pq87i897npipqxm6naq0qgp917qzb8w-calamares-3.4.2/include/libcalamares/geoip/GeoIPXML.h
-- Installing: /nix/store/9pq87i897npipqxm6naq0qgp917qzb8w-calamares-3.4.2/include/libcalamares/geoip/Handler.h
-- Installing: /nix/store/9pq87i897npipqxm6naq0qgp917qzb8w-calamares-3.4.2/include/libcalamares/geoip/Interface.h
-- Installing: /nix/store/9pq87i897npipqxm6naq0qgp917qzb8w-calamares-3.4.2/include/libcalamares/locale/Global.h
-- Installing: /nix/store/9pq87i897npipqxm6naq0qgp917qzb8w-calamares-3.4.2/include/libcalamares/locale/Lookup.h
-- Installing: /nix/store/9pq87i897npipqxm6naq0qgp917qzb8w-calamares-3.4.2/include/libcalamares/locale/TimeZone.h
-- Installing: /nix/store/9pq87i897npipqxm6naq0qgp917qzb8w-calamares-3.4.2/include/libcalamares/locale/TranslatableConfiguration.h
-- Installing: /nix/store/9pq87i897npipqxm6naq0qgp917qzb8w-calamares-3.4.2/include/libcalamares/locale/TranslatableString.h
-- Installing: /nix/store/9pq87i897npipqxm6naq0qgp917qzb8w-calamares-3.4.2/include/libcalamares/locale/Translation.h
-- Installing: /nix/store/9pq87i897npipqxm6naq0qgp917qzb8w-calamares-3.4.2/include/libcalamares/locale/TranslationsModel.h
-- Installing: /nix/store/9pq87i897npipqxm6naq0qgp917qzb8w-calamares-3.4.2/include/libcalamares/modulesystem/Actions.h
-- Installing: /nix/store/9pq87i897npipqxm6naq0qgp917qzb8w-calamares-3.4.2/include/libcalamares/modulesystem/Config.h
-- Installing: /nix/store/9pq87i897npipqxm6naq0qgp917qzb8w-calamares-3.4.2/include/libcalamares/modulesystem/Descriptor.h
-- Installing: /nix/store/9pq87i897npipqxm6naq0qgp917qzb8w-calamares-3.4.2/include/libcalamares/modulesystem/InstanceKey.h
-- Installing: /nix/store/9pq87i897npipqxm6naq0qgp917qzb8w-calamares-3.4.2/include/libcalamares/modulesystem/Module.h
-- Installing: /nix/store/9pq87i897npipqxm6naq0qgp917qzb8w-calamares-3.4.2/include/libcalamares/modulesystem/Preset.h
-- Installing: /nix/store/9pq87i897npipqxm6naq0qgp917qzb8w-calamares-3.4.2/include/libcalamares/modulesystem/Requirement.h
-- Installing: /nix/store/9pq87i897npipqxm6naq0qgp917qzb8w-calamares-3.4.2/include/libcalamares/modulesystem/RequirementsChecker.h
-- Installing: /nix/store/9pq87i897npipqxm6naq0qgp917qzb8w-calamares-3.4.2/include/libcalamares/modulesystem/RequirementsModel.h
-- Installing: /nix/store/9pq87i897npipqxm6naq0qgp917qzb8w-calamares-3.4.2/include/libcalamares/network/Manager.h
-- Installing: /nix/store/9pq87i897npipqxm6naq0qgp917qzb8w-calamares-3.4.2/include/libcalamares/network/Tests.h
-- Installing: /nix/store/9pq87i897npipqxm6naq0qgp917qzb8w-calamares-3.4.2/include/libcalamares/partition/AutoMount.h
-- Installing: /nix/store/9pq87i897npipqxm6naq0qgp917qzb8w-calamares-3.4.2/include/libcalamares/partition/FileSystem.h
-- Installing: /nix/store/9pq87i897npipqxm6naq0qgp917qzb8w-calamares-3.4.2/include/libcalamares/partition/Global.h
-- Installing: /nix/store/9pq87i897npipqxm6naq0qgp917qzb8w-calamares-3.4.2/include/libcalamares/partition/KPMHelper.h
-- Installing: /nix/store/9pq87i897npipqxm6naq0qgp917qzb8w-calamares-3.4.2/include/libcalamares/partition/KPMManager.h
-- Installing: /nix/store/9pq87i897npipqxm6naq0qgp917qzb8w-calamares-3.4.2/include/libcalamares/partition/Mount.h
-- Installing: /nix/store/9pq87i897npipqxm6naq0qgp917qzb8w-calamares-3.4.2/include/libcalamares/partition/PartitionIterator.h
-- Installing: /nix/store/9pq87i897npipqxm6naq0qgp917qzb8w-calamares-3.4.2/include/libcalamares/partition/PartitionQuery.h
-- Installing: /nix/store/9pq87i897npipqxm6naq0qgp917qzb8w-calamares-3.4.2/include/libcalamares/partition/PartitionSize.h
-- Installing: /nix/store/9pq87i897npipqxm6naq0qgp917qzb8w-calamares-3.4.2/include/libcalamares/partition/Sync.h
-- Installing: /nix/store/9pq87i897npipqxm6naq0qgp917qzb8w-calamares-3.4.2/include/libcalamares/utils/CommandList.h
-- Installing: /nix/store/9pq87i897npipqxm6naq0qgp917qzb8w-calamares-3.4.2/include/libcalamares/utils/Dirs.h
-- Installing: /nix/store/9pq87i897npipqxm6naq0qgp917qzb8w-calamares-3.4.2/include/libcalamares/utils/Entropy.h
-- Installing: /nix/store/9pq87i897npipqxm6naq0qgp917qzb8w-calamares-3.4.2/include/libcalamares/utils/Logger.h
-- Installing: /nix/store/9pq87i897npipqxm6naq0qgp917qzb8w-calamares-3.4.2/include/libcalamares/utils/NamedEnum.h
-- Installing: /nix/store/9pq87i897npipqxm6naq0qgp917qzb8w-calamares-3.4.2/include/libcalamares/utils/NamedSuffix.h
-- Installing: /nix/store/9pq87i897npipqxm6naq0qgp917qzb8w-calamares-3.4.2/include/libcalamares/utils/Permissions.h
-- Installing: /nix/store/9pq87i897npipqxm6naq0qgp917qzb8w-calamares-3.4.2/include/libcalamares/utils/PluginFactory.h
-- Installing: /nix/store/9pq87i897npipqxm6naq0qgp917qzb8w-calamares-3.4.2/include/libcalamares/utils/RAII.h
-- Installing: /nix/store/9pq87i897npipqxm6naq0qgp917qzb8w-calamares-3.4.2/include/libcalamares/utils/Retranslator.h
-- Installing: /nix/store/9pq87i897npipqxm6naq0qgp917qzb8w-calamares-3.4.2/include/libcalamares/utils/Runner.h
-- Installing: /nix/store/9pq87i897npipqxm6naq0qgp917qzb8w-calamares-3.4.2/include/libcalamares/utils/String.h
-- Installing: /nix/store/9pq87i897npipqxm6naq0qgp917qzb8w-calamares-3.4.2/include/libcalamares/utils/StringExpander.h
-- Installing: /nix/store/9pq87i897npipqxm6naq0qgp917qzb8w-calamares-3.4.2/include/libcalamares/utils/System.h
-- Installing: /nix/store/9pq87i897npipqxm6naq0qgp917qzb8w-calamares-3.4.2/include/libcalamares/utils/Traits.h
-- Installing: /nix/store/9pq87i897npipqxm6naq0qgp917qzb8w-calamares-3.4.2/include/libcalamares/utils/UMask.h
-- Installing: /nix/store/9pq87i897npipqxm6naq0qgp917qzb8w-calamares-3.4.2/include/libcalamares/utils/Units.h
-- Installing: /nix/store/9pq87i897npipqxm6naq0qgp917qzb8w-calamares-3.4.2/include/libcalamares/utils/Variant.h
-- Installing: /nix/store/9pq87i897npipqxm6naq0qgp917qzb8w-calamares-3.4.2/include/libcalamares/utils/Yaml.h
-- Installing: /nix/store/9pq87i897npipqxm6naq0qgp917qzb8w-calamares-3.4.2/include/libcalamares/utils/moc-warnings.h
-- Installing: /nix/store/9pq87i897npipqxm6naq0qgp917qzb8w-calamares-3.4.2/include/libcalamares/compat/CheckBox.h
-- Installing: /nix/store/9pq87i897npipqxm6naq0qgp917qzb8w-calamares-3.4.2/include/libcalamares/compat/Mutex.h
-- Installing: /nix/store/9pq87i897npipqxm6naq0qgp917qzb8w-calamares-3.4.2/include/libcalamares/compat/Size.h
-- Installing: /nix/store/9pq87i897npipqxm6naq0qgp917qzb8w-calamares-3.4.2/include/libcalamares/compat/Variant.h
-- Installing: /nix/store/9pq87i897npipqxm6naq0qgp917qzb8w-calamares-3.4.2/include/libcalamares/compat/Xml.h
-- Installing: /nix/store/9pq87i897npipqxm6naq0qgp917qzb8w-calamares-3.4.2/include/libcalamares/packages/Globals.h
-- Installing: /nix/store/9pq87i897npipqxm6naq0qgp917qzb8w-calamares-3.4.2/lib/libcalamaresui.so.3.4.2
-- Installing: /nix/store/9pq87i897npipqxm6naq0qgp917qzb8w-calamares-3.4.2/lib/libcalamaresui.so.3.4
-- Set non-toolchain portion of runtime path of "/nix/store/9pq87i897npipqxm6naq0qgp917qzb8w-calamares-3.4.2/lib/libcalamaresui.so.3.4.2" to ""
-- Installing: /nix/store/9pq87i897npipqxm6naq0qgp917qzb8w-calamares-3.4.2/lib/libcalamaresui.so
-- Installing: /nix/store/9pq87i897npipqxm6naq0qgp917qzb8w-calamares-3.4.2/include/libcalamares/Branding.h
-- Installing: /nix/store/9pq87i897npipqxm6naq0qgp917qzb8w-calamares-3.4.2/include/libcalamares/ViewManager.h
-- Installing: /nix/store/9pq87i897npipqxm6naq0qgp917qzb8w-calamares-3.4.2/include/libcalamares/modulesystem/CppJobModule.h
-- Installing: /nix/store/9pq87i897npipqxm6naq0qgp917qzb8w-calamares-3.4.2/include/libcalamares/modulesystem/ModuleFactory.h
-- Installing: /nix/store/9pq87i897npipqxm6naq0qgp917qzb8w-calamares-3.4.2/include/libcalamares/modulesystem/ModuleManager.h
-- Installing: /nix/store/9pq87i897npipqxm6naq0qgp917qzb8w-calamares-3.4.2/include/libcalamares/modulesystem/ProcessJobModule.h
-- Installing: /nix/store/9pq87i897npipqxm6naq0qgp917qzb8w-calamares-3.4.2/include/libcalamares/modulesystem/PythonJobModule.h
-- Installing: /nix/store/9pq87i897npipqxm6naq0qgp917qzb8w-calamares-3.4.2/include/libcalamares/modulesystem/ViewModule.h
-- Installing: /nix/store/9pq87i897npipqxm6naq0qgp917qzb8w-calamares-3.4.2/include/libcalamares/utils/Gui.h
-- Installing: /nix/store/9pq87i897npipqxm6naq0qgp917qzb8w-calamares-3.4.2/include/libcalamares/utils/ImageRegistry.h
-- Installing: /nix/store/9pq87i897npipqxm6naq0qgp917qzb8w-calamares-3.4.2/include/libcalamares/utils/Paste.h
-- Installing: /nix/store/9pq87i897npipqxm6naq0qgp917qzb8w-calamares-3.4.2/include/libcalamares/utils/Qml.h
-- Installing: /nix/store/9pq87i897npipqxm6naq0qgp917qzb8w-calamares-3.4.2/include/libcalamares/utils/QtCompat.h
-- Installing: /nix/store/9pq87i897npipqxm6naq0qgp917qzb8w-calamares-3.4.2/include/libcalamares/viewpages/BlankViewStep.h
-- Installing: /nix/store/9pq87i897npipqxm6naq0qgp917qzb8w-calamares-3.4.2/include/libcalamares/viewpages/ExecutionViewStep.h
-- Installing: /nix/store/9pq87i897npipqxm6naq0qgp917qzb8w-calamares-3.4.2/include/libcalamares/viewpages/QmlViewStep.h
-- Installing: /nix/store/9pq87i897npipqxm6naq0qgp917qzb8w-calamares-3.4.2/include/libcalamares/viewpages/Slideshow.h
-- Installing: /nix/store/9pq87i897npipqxm6naq0qgp917qzb8w-calamares-3.4.2/include/libcalamares/viewpages/ViewStep.h
-- Installing: /nix/store/9pq87i897npipqxm6naq0qgp917qzb8w-calamares-3.4.2/include/libcalamares/widgets/ClickableLabel.h
-- Installing: /nix/store/9pq87i897npipqxm6naq0qgp917qzb8w-calamares-3.4.2/include/libcalamares/widgets/ErrorDialog.h
-- Installing: /nix/store/9pq87i897npipqxm6naq0qgp917qzb8w-calamares-3.4.2/include/libcalamares/widgets/FixedAspectRatioLabel.h
-- Installing: /nix/store/9pq87i897npipqxm6naq0qgp917qzb8w-calamares-3.4.2/include/libcalamares/widgets/LogWidget.h
-- Installing: /nix/store/9pq87i897npipqxm6naq0qgp917qzb8w-calamares-3.4.2/include/libcalamares/widgets/PrettyRadioButton.h
-- Installing: /nix/store/9pq87i897npipqxm6naq0qgp917qzb8w-calamares-3.4.2/include/libcalamares/widgets/TranslationFix.h
-- Installing: /nix/store/9pq87i897npipqxm6naq0qgp917qzb8w-calamares-3.4.2/include/libcalamares/widgets/WaitingWidget.h
-- Installing: /nix/store/9pq87i897npipqxm6naq0qgp917qzb8w-calamares-3.4.2/include/libcalamares/widgets/waitingspinnerwidget.h
-- Installing: /nix/store/9pq87i897npipqxm6naq0qgp917qzb8w-calamares-3.4.2/share/calamares/qml/calamares/slideshow/BackButton.qml
-- Installing: /nix/store/9pq87i897npipqxm6naq0qgp917qzb8w-calamares-3.4.2/share/calamares/qml/calamares/slideshow/ForwardButton.qml
-- Installing: /nix/store/9pq87i897npipqxm6naq0qgp917qzb8w-calamares-3.4.2/share/calamares/qml/calamares/slideshow/NavButton.qml
-- Installing: /nix/store/9pq87i897npipqxm6naq0qgp917qzb8w-calamares-3.4.2/share/calamares/qml/calamares/slideshow/Presentation.qml
-- Installing: /nix/store/9pq87i897npipqxm6naq0qgp917qzb8w-calamares-3.4.2/share/calamares/qml/calamares/slideshow/Slide.qml
-- Installing: /nix/store/9pq87i897npipqxm6naq0qgp917qzb8w-calamares-3.4.2/share/calamares/qml/calamares/slideshow/SlideCounter.qml
-- Installing: /nix/store/9pq87i897npipqxm6naq0qgp917qzb8w-calamares-3.4.2/share/calamares/qml/calamares/slideshow/qmldir
-- Installing: /nix/store/9pq87i897npipqxm6naq0qgp917qzb8w-calamares-3.4.2/share/calamares/qml/calamares/slideshow/qmldir.license
-- Installing: /nix/store/9pq87i897npipqxm6naq0qgp917qzb8w-calamares-3.4.2/bin/calamares
-- Set non-toolchain portion of runtime path of "/nix/store/9pq87i897npipqxm6naq0qgp917qzb8w-calamares-3.4.2/bin/calamares" to ""
-- Installing: /nix/store/9pq87i897npipqxm6naq0qgp917qzb8w-calamares-3.4.2/share/icons/hicolor/scalable/apps/calamares.svg
-- Installing: /nix/store/9pq87i897npipqxm6naq0qgp917qzb8w-calamares-3.4.2/lib/calamares/modules/bootloader/bootloader.schema.yaml
-- Installing: /nix/store/9pq87i897npipqxm6naq0qgp917qzb8w-calamares-3.4.2/lib/calamares/modules/bootloader/main.py
-- Installing: /nix/store/9pq87i897npipqxm6naq0qgp917qzb8w-calamares-3.4.2/lib/calamares/modules/bootloader/module.desc
-- Installing: /nix/store/9pq87i897npipqxm6naq0qgp917qzb8w-calamares-3.4.2/lib/calamares/modules/bootloader/test.yaml
-- Installing: /nix/store/9pq87i897npipqxm6naq0qgp917qzb8w-calamares-3.4.2/lib/calamares/modules/contextualprocess/libcalamares_job_contextualprocess.so
-- Set non-toolchain portion of runtime path of "/nix/store/9pq87i897npipqxm6naq0qgp917qzb8w-calamares-3.4.2/lib/calamares/modules/contextualprocess/libcalamares_job_contextualprocess.so" to ""
-- Installing: /nix/store/9pq87i897npipqxm6naq0qgp917qzb8w-calamares-3.4.2/lib/calamares/modules/contextualprocess/module.desc
-- Installing: /nix/store/9pq87i897npipqxm6naq0qgp917qzb8w-calamares-3.4.2/lib/calamares/modules/displaymanager/displaymanager.schema.yaml
-- Installing: /nix/store/9pq87i897npipqxm6naq0qgp917qzb8w-calamares-3.4.2/lib/calamares/modules/displaymanager/main.py
-- Installing: /nix/store/9pq87i897npipqxm6naq0qgp917qzb8w-calamares-3.4.2/lib/calamares/modules/displaymanager/module.desc
-- Installing: /nix/store/9pq87i897npipqxm6naq0qgp917qzb8w-calamares-3.4.2/lib/calamares/modules/dracut/dracut.schema.yaml
-- Installing: /nix/store/9pq87i897npipqxm6naq0qgp917qzb8w-calamares-3.4.2/lib/calamares/modules/dracut/main.py
-- Installing: /nix/store/9pq87i897npipqxm6naq0qgp917qzb8w-calamares-3.4.2/lib/calamares/modules/dracut/module.desc
-- Installing: /nix/store/9pq87i897npipqxm6naq0qgp917qzb8w-calamares-3.4.2/lib/calamares/modules/dracutlukscfg/libcalamares_job_dracutlukscfg.so
-- Set non-toolchain portion of runtime path of "/nix/store/9pq87i897npipqxm6naq0qgp917qzb8w-calamares-3.4.2/lib/calamares/modules/dracutlukscfg/libcalamares_job_dracutlukscfg.so" to ""
-- Installing: /nix/store/9pq87i897npipqxm6naq0qgp917qzb8w-calamares-3.4.2/lib/calamares/modules/dracutlukscfg/module.desc
-- Installing: /nix/store/9pq87i897npipqxm6naq0qgp917qzb8w-calamares-3.4.2/lib/calamares/modules/dummycpp/libcalamares_job_dummycpp.so
-- Set non-toolchain portion of runtime path of "/nix/store/9pq87i897npipqxm6naq0qgp917qzb8w-calamares-3.4.2/lib/calamares/modules/dummycpp/libcalamares_job_dummycpp.so" to ""
-- Installing: /nix/store/9pq87i897npipqxm6naq0qgp917qzb8w-calamares-3.4.2/lib/calamares/modules/dummycpp/module.desc
-- Installing: /nix/store/9pq87i897npipqxm6naq0qgp917qzb8w-calamares-3.4.2/lib/calamares/modules/dummyprocess/module.desc
-- Installing: /nix/store/9pq87i897npipqxm6naq0qgp917qzb8w-calamares-3.4.2/lib/calamares/modules/dummypython/main.py
-- Installing: /nix/store/9pq87i897npipqxm6naq0qgp917qzb8w-calamares-3.4.2/lib/calamares/modules/dummypython/module.desc
-- Installing: /nix/store/9pq87i897npipqxm6naq0qgp917qzb8w-calamares-3.4.2/lib/calamares/modules/finished/libcalamares_viewmodule_finished.so
-- Set non-toolchain portion of runtime path of "/nix/store/9pq87i897npipqxm6naq0qgp917qzb8w-calamares-3.4.2/lib/calamares/modules/finished/libcalamares_viewmodule_finished.so" to ""
-- Installing: /nix/store/9pq87i897npipqxm6naq0qgp917qzb8w-calamares-3.4.2/lib/calamares/modules/finished/module.desc
-- Installing: /nix/store/9pq87i897npipqxm6naq0qgp917qzb8w-calamares-3.4.2/lib/calamares/modules/finishedq/libcalamares_viewmodule_finishedq.so
-- Set non-toolchain portion of runtime path of "/nix/store/9pq87i897npipqxm6naq0qgp917qzb8w-calamares-3.4.2/lib/calamares/modules/finishedq/libcalamares_viewmodule_finishedq.so" to ""
-- Installing: /nix/store/9pq87i897npipqxm6naq0qgp917qzb8w-calamares-3.4.2/lib/calamares/modules/finishedq/module.desc
-- Installing: /nix/store/9pq87i897npipqxm6naq0qgp917qzb8w-calamares-3.4.2/lib/calamares/modules/fsresizer/libcalamares_job_fsresizer.so
-- Set non-toolchain portion of runtime path of "/nix/store/9pq87i897npipqxm6naq0qgp917qzb8w-calamares-3.4.2/lib/calamares/modules/fsresizer/libcalamares_job_fsresizer.so" to ""
-- Installing: /nix/store/9pq87i897npipqxm6naq0qgp917qzb8w-calamares-3.4.2/lib/calamares/modules/fsresizer/module.desc
-- Installing: /nix/store/9pq87i897npipqxm6naq0qgp917qzb8w-calamares-3.4.2/lib/calamares/modules/fstab/fstab.schema.yaml
-- Installing: /nix/store/9pq87i897npipqxm6naq0qgp917qzb8w-calamares-3.4.2/lib/calamares/modules/fstab/main.py
-- Installing: /nix/store/9pq87i897npipqxm6naq0qgp917qzb8w-calamares-3.4.2/lib/calamares/modules/fstab/module.desc
-- Installing: /nix/store/9pq87i897npipqxm6naq0qgp917qzb8w-calamares-3.4.2/lib/calamares/modules/fstab/test.yaml
-- Installing: /nix/store/9pq87i897npipqxm6naq0qgp917qzb8w-calamares-3.4.2/lib/calamares/modules/fstab/test2.yaml
-- Installing: /nix/store/9pq87i897npipqxm6naq0qgp917qzb8w-calamares-3.4.2/lib/calamares/modules/grubcfg/grubcfg.schema.yaml
-- Installing: /nix/store/9pq87i897npipqxm6naq0qgp917qzb8w-calamares-3.4.2/lib/calamares/modules/grubcfg/main.py
-- Installing: /nix/store/9pq87i897npipqxm6naq0qgp917qzb8w-calamares-3.4.2/lib/calamares/modules/grubcfg/module.desc
-- Installing: /nix/store/9pq87i897npipqxm6naq0qgp917qzb8w-calamares-3.4.2/lib/calamares/modules/hostinfo/libcalamares_job_hostinfo.so
-- Set non-toolchain portion of runtime path of "/nix/store/9pq87i897npipqxm6naq0qgp917qzb8w-calamares-3.4.2/lib/calamares/modules/hostinfo/libcalamares_job_hostinfo.so" to ""
-- Installing: /nix/store/9pq87i897npipqxm6naq0qgp917qzb8w-calamares-3.4.2/lib/calamares/modules/hostinfo/module.desc
-- Installing: /nix/store/9pq87i897npipqxm6naq0qgp917qzb8w-calamares-3.4.2/lib/calamares/modules/hwclock/main.py
-- Installing: /nix/store/9pq87i897npipqxm6naq0qgp917qzb8w-calamares-3.4.2/lib/calamares/modules/hwclock/module.desc
-- Installing: /nix/store/9pq87i897npipqxm6naq0qgp917qzb8w-calamares-3.4.2/lib/calamares/modules/initcpio/libcalamares_job_initcpio.so
-- Set non-toolchain portion of runtime path of "/nix/store/9pq87i897npipqxm6naq0qgp917qzb8w-calamares-3.4.2/lib/calamares/modules/initcpio/libcalamares_job_initcpio.so" to ""
-- Installing: /nix/store/9pq87i897npipqxm6naq0qgp917qzb8w-calamares-3.4.2/lib/calamares/modules/initcpio/module.desc
-- Installing: /nix/store/9pq87i897npipqxm6naq0qgp917qzb8w-calamares-3.4.2/lib/calamares/modules/initcpiocfg/initcpiocfg.schema.yaml
-- Installing: /nix/store/9pq87i897npipqxm6naq0qgp917qzb8w-calamares-3.4.2/lib/calamares/modules/initcpiocfg/main.py
-- Installing: /nix/store/9pq87i897npipqxm6naq0qgp917qzb8w-calamares-3.4.2/lib/calamares/modules/initcpiocfg/module.desc
-- Installing: /nix/store/9pq87i897npipqxm6naq0qgp917qzb8w-calamares-3.4.2/lib/calamares/modules/initcpiocfg/test.yaml
-- Installing: /nix/store/9pq87i897npipqxm6naq0qgp917qzb8w-calamares-3.4.2/lib/calamares/modules/initramfs/libcalamares_job_initramfs.so
-- Set non-toolchain portion of runtime path of "/nix/store/9pq87i897npipqxm6naq0qgp917qzb8w-calamares-3.4.2/lib/calamares/modules/initramfs/libcalamares_job_initramfs.so" to ""
-- Installing: /nix/store/9pq87i897npipqxm6naq0qgp917qzb8w-calamares-3.4.2/lib/calamares/modules/initramfs/module.desc
-- Installing: /nix/store/9pq87i897npipqxm6naq0qgp917qzb8w-calamares-3.4.2/lib/calamares/modules/initramfscfg/encrypt_hook
-- Installing: /nix/store/9pq87i897npipqxm6naq0qgp917qzb8w-calamares-3.4.2/lib/calamares/modules/initramfscfg/encrypt_hook_nokey
-- Installing: /nix/store/9pq87i897npipqxm6naq0qgp917qzb8w-calamares-3.4.2/lib/calamares/modules/initramfscfg/main.py
-- Installing: /nix/store/9pq87i897npipqxm6naq0qgp917qzb8w-calamares-3.4.2/lib/calamares/modules/initramfscfg/module.desc
-- Installing: /nix/store/9pq87i897npipqxm6naq0qgp917qzb8w-calamares-3.4.2/lib/calamares/modules/interactiveterminal/libcalamares_viewmodule_interactiveterminal.so
-- Set non-toolchain portion of runtime path of "/nix/store/9pq87i897npipqxm6naq0qgp917qzb8w-calamares-3.4.2/lib/calamares/modules/interactiveterminal/libcalamares_viewmodule_interactiveterminal.so" to ""
-- Installing: /nix/store/9pq87i897npipqxm6naq0qgp917qzb8w-calamares-3.4.2/lib/calamares/modules/interactiveterminal/module.desc
-- Installing: /nix/store/9pq87i897npipqxm6naq0qgp917qzb8w-calamares-3.4.2/lib/calamares/modules/keyboard/libcalamares_viewmodule_keyboard.so
-- Set non-toolchain portion of runtime path of "/nix/store/9pq87i897npipqxm6naq0qgp917qzb8w-calamares-3.4.2/lib/calamares/modules/keyboard/libcalamares_viewmodule_keyboard.so" to ""
-- Installing: /nix/store/9pq87i897npipqxm6naq0qgp917qzb8w-calamares-3.4.2/lib/calamares/modules/keyboard/module.desc
-- Installing: /nix/store/9pq87i897npipqxm6naq0qgp917qzb8w-calamares-3.4.2/lib/calamares/modules/keyboardq/libcalamares_viewmodule_keyboardq.so
-- Set non-toolchain portion of runtime path of "/nix/store/9pq87i897npipqxm6naq0qgp917qzb8w-calamares-3.4.2/lib/calamares/modules/keyboardq/libcalamares_viewmodule_keyboardq.so" to ""
-- Installing: /nix/store/9pq87i897npipqxm6naq0qgp917qzb8w-calamares-3.4.2/lib/calamares/modules/keyboardq/module.desc
-- Installing: /nix/store/9pq87i897npipqxm6naq0qgp917qzb8w-calamares-3.4.2/lib/calamares/modules/license/libcalamares_viewmodule_license.so
-- Set non-toolchain portion of runtime path of "/nix/store/9pq87i897npipqxm6naq0qgp917qzb8w-calamares-3.4.2/lib/calamares/modules/license/libcalamares_viewmodule_license.so" to ""
-- Installing: /nix/store/9pq87i897npipqxm6naq0qgp917qzb8w-calamares-3.4.2/lib/calamares/modules/license/module.desc
-- Installing: /nix/store/9pq87i897npipqxm6naq0qgp917qzb8w-calamares-3.4.2/lib/calamares/modules/locale/libcalamares_viewmodule_locale.so
-- Set non-toolchain portion of runtime path of "/nix/store/9pq87i897npipqxm6naq0qgp917qzb8w-calamares-3.4.2/lib/calamares/modules/locale/libcalamares_viewmodule_locale.so" to ""
-- Installing: /nix/store/9pq87i897npipqxm6naq0qgp917qzb8w-calamares-3.4.2/lib/calamares/modules/locale/module.desc
-- Installing: /nix/store/9pq87i897npipqxm6naq0qgp917qzb8w-calamares-3.4.2/lib/calamares/modules/localecfg/main.py
-- Installing: /nix/store/9pq87i897npipqxm6naq0qgp917qzb8w-calamares-3.4.2/lib/calamares/modules/localecfg/module.desc
-- Installing: /nix/store/9pq87i897npipqxm6naq0qgp917qzb8w-calamares-3.4.2/lib/calamares/modules/localeq/libcalamares_viewmodule_localeq.so
-- Set non-toolchain portion of runtime path of "/nix/store/9pq87i897npipqxm6naq0qgp917qzb8w-calamares-3.4.2/lib/calamares/modules/localeq/libcalamares_viewmodule_localeq.so" to ""
-- Installing: /nix/store/9pq87i897npipqxm6naq0qgp917qzb8w-calamares-3.4.2/lib/calamares/modules/localeq/module.desc
-- Installing: /nix/store/9pq87i897npipqxm6naq0qgp917qzb8w-calamares-3.4.2/lib/calamares/modules/luksbootkeyfile/libcalamares_job_luksbootkeyfile.so
-- Set non-toolchain portion of runtime path of "/nix/store/9pq87i897npipqxm6naq0qgp917qzb8w-calamares-3.4.2/lib/calamares/modules/luksbootkeyfile/libcalamares_job_luksbootkeyfile.so" to ""
-- Installing: /nix/store/9pq87i897npipqxm6naq0qgp917qzb8w-calamares-3.4.2/lib/calamares/modules/luksbootkeyfile/module.desc
-- Installing: /nix/store/9pq87i897npipqxm6naq0qgp917qzb8w-calamares-3.4.2/lib/calamares/modules/luksopenswaphookcfg/libcalamares_job_luksopenswaphookcfg.so
-- Set non-toolchain portion of runtime path of "/nix/store/9pq87i897npipqxm6naq0qgp917qzb8w-calamares-3.4.2/lib/calamares/modules/luksopenswaphookcfg/libcalamares_job_luksopenswaphookcfg.so" to ""
-- Installing: /nix/store/9pq87i897npipqxm6naq0qgp917qzb8w-calamares-3.4.2/lib/calamares/modules/luksopenswaphookcfg/module.desc
-- Installing: /nix/store/9pq87i897npipqxm6naq0qgp917qzb8w-calamares-3.4.2/lib/calamares/modules/machineid/libcalamares_job_machineid.so
-- Set non-toolchain portion of runtime path of "/nix/store/9pq87i897npipqxm6naq0qgp917qzb8w-calamares-3.4.2/lib/calamares/modules/machineid/libcalamares_job_machineid.so" to ""
-- Installing: /nix/store/9pq87i897npipqxm6naq0qgp917qzb8w-calamares-3.4.2/lib/calamares/modules/machineid/module.desc
-- Installing: /nix/store/9pq87i897npipqxm6naq0qgp917qzb8w-calamares-3.4.2/lib/calamares/modules/mkinitfs/main.py
-- Installing: /nix/store/9pq87i897npipqxm6naq0qgp917qzb8w-calamares-3.4.2/lib/calamares/modules/mkinitfs/module.desc
-- Installing: /nix/store/9pq87i897npipqxm6naq0qgp917qzb8w-calamares-3.4.2/lib/calamares/modules/mount/main.py
-- Installing: /nix/store/9pq87i897npipqxm6naq0qgp917qzb8w-calamares-3.4.2/lib/calamares/modules/mount/module.desc
-- Installing: /nix/store/9pq87i897npipqxm6naq0qgp917qzb8w-calamares-3.4.2/lib/calamares/modules/mount/mount.schema.yaml
-- Installing: /nix/store/9pq87i897npipqxm6naq0qgp917qzb8w-calamares-3.4.2/lib/calamares/modules/netinstall/libcalamares_viewmodule_netinstall.so
-- Set non-toolchain portion of runtime path of "/nix/store/9pq87i897npipqxm6naq0qgp917qzb8w-calamares-3.4.2/lib/calamares/modules/netinstall/libcalamares_viewmodule_netinstall.so" to ""
-- Installing: /nix/store/9pq87i897npipqxm6naq0qgp917qzb8w-calamares-3.4.2/lib/calamares/modules/netinstall/module.desc
-- Installing: /nix/store/9pq87i897npipqxm6naq0qgp917qzb8w-calamares-3.4.2/lib/calamares/modules/networkcfg/main.py
-- Installing: /nix/store/9pq87i897npipqxm6naq0qgp917qzb8w-calamares-3.4.2/lib/calamares/modules/networkcfg/module.desc
-- Installing: /nix/store/9pq87i897npipqxm6naq0qgp917qzb8w-calamares-3.4.2/lib/calamares/modules/notesqml/libcalamares_viewmodule_notesqml.so
-- Set non-toolchain portion of runtime path of "/nix/store/9pq87i897npipqxm6naq0qgp917qzb8w-calamares-3.4.2/lib/calamares/modules/notesqml/libcalamares_viewmodule_notesqml.so" to ""
-- Installing: /nix/store/9pq87i897npipqxm6naq0qgp917qzb8w-calamares-3.4.2/lib/calamares/modules/notesqml/module.desc
-- Installing: /nix/store/9pq87i897npipqxm6naq0qgp917qzb8w-calamares-3.4.2/lib/calamares/modules/oemid/libcalamares_viewmodule_oemid.so
-- Set non-toolchain portion of runtime path of "/nix/store/9pq87i897npipqxm6naq0qgp917qzb8w-calamares-3.4.2/lib/calamares/modules/oemid/libcalamares_viewmodule_oemid.so" to ""
-- Installing: /nix/store/9pq87i897npipqxm6naq0qgp917qzb8w-calamares-3.4.2/lib/calamares/modules/oemid/module.desc
-- Installing: /nix/store/9pq87i897npipqxm6naq0qgp917qzb8w-calamares-3.4.2/lib/calamares/modules/openrcdmcryptcfg/main.py
-- Installing: /nix/store/9pq87i897npipqxm6naq0qgp917qzb8w-calamares-3.4.2/lib/calamares/modules/openrcdmcryptcfg/module.desc
-- Installing: /nix/store/9pq87i897npipqxm6naq0qgp917qzb8w-calamares-3.4.2/lib/calamares/modules/packagechooser/libcalamares_viewmodule_packagechooser.so
-- Set non-toolchain portion of runtime path of "/nix/store/9pq87i897npipqxm6naq0qgp917qzb8w-calamares-3.4.2/lib/calamares/modules/packagechooser/libcalamares_viewmodule_packagechooser.so" to ""
-- Installing: /nix/store/9pq87i897npipqxm6naq0qgp917qzb8w-calamares-3.4.2/lib/calamares/modules/packagechooser/module.desc
-- Installing: /nix/store/9pq87i897npipqxm6naq0qgp917qzb8w-calamares-3.4.2/lib/calamares/modules/packagechooserq/libcalamares_viewmodule_packagechooserq.so
-- Set non-toolchain portion of runtime path of "/nix/store/9pq87i897npipqxm6naq0qgp917qzb8w-calamares-3.4.2/lib/calamares/modules/packagechooserq/libcalamares_viewmodule_packagechooserq.so" to ""
-- Installing: /nix/store/9pq87i897npipqxm6naq0qgp917qzb8w-calamares-3.4.2/lib/calamares/modules/packagechooserq/module.desc
-- Installing: /nix/store/9pq87i897npipqxm6naq0qgp917qzb8w-calamares-3.4.2/lib/calamares/modules/packages/main.py
-- Installing: /nix/store/9pq87i897npipqxm6naq0qgp917qzb8w-calamares-3.4.2/lib/calamares/modules/packages/module.desc
-- Installing: /nix/store/9pq87i897npipqxm6naq0qgp917qzb8w-calamares-3.4.2/lib/calamares/modules/packages/packages.schema.yaml
-- Installing: /nix/store/9pq87i897npipqxm6naq0qgp917qzb8w-calamares-3.4.2/lib/calamares/modules/partition/libcalamares_viewmodule_partition.so
-- Set non-toolchain portion of runtime path of "/nix/store/9pq87i897npipqxm6naq0qgp917qzb8w-calamares-3.4.2/lib/calamares/modules/partition/libcalamares_viewmodule_partition.so" to ""
-- Installing: /nix/store/9pq87i897npipqxm6naq0qgp917qzb8w-calamares-3.4.2/lib/calamares/modules/partition/module.desc
-- Installing: /nix/store/9pq87i897npipqxm6naq0qgp917qzb8w-calamares-3.4.2/lib/calamares/modules/plasmalnf/libcalamares_viewmodule_plasmalnf.so
-- Set non-toolchain portion of runtime path of "/nix/store/9pq87i897npipqxm6naq0qgp917qzb8w-calamares-3.4.2/lib/calamares/modules/plasmalnf/libcalamares_viewmodule_plasmalnf.so" to ""
-- Installing: /nix/store/9pq87i897npipqxm6naq0qgp917qzb8w-calamares-3.4.2/lib/calamares/modules/plasmalnf/module.desc
-- Installing: /nix/store/9pq87i897npipqxm6naq0qgp917qzb8w-calamares-3.4.2/lib/calamares/modules/plymouthcfg/main.py
-- Installing: /nix/store/9pq87i897npipqxm6naq0qgp917qzb8w-calamares-3.4.2/lib/calamares/modules/plymouthcfg/module.desc
-- Installing: /nix/store/9pq87i897npipqxm6naq0qgp917qzb8w-calamares-3.4.2/lib/calamares/modules/plymouthcfg/plymouthcfg.schema.yaml
-- Installing: /nix/store/9pq87i897npipqxm6naq0qgp917qzb8w-calamares-3.4.2/lib/calamares/modules/preservefiles/libcalamares_job_preservefiles.so
-- Set non-toolchain portion of runtime path of "/nix/store/9pq87i897npipqxm6naq0qgp917qzb8w-calamares-3.4.2/lib/calamares/modules/preservefiles/libcalamares_job_preservefiles.so" to ""
-- Installing: /nix/store/9pq87i897npipqxm6naq0qgp917qzb8w-calamares-3.4.2/lib/calamares/modules/preservefiles/module.desc
-- Installing: /nix/store/9pq87i897npipqxm6naq0qgp917qzb8w-calamares-3.4.2/lib/calamares/modules/rawfs/main.py
-- Installing: /nix/store/9pq87i897npipqxm6naq0qgp917qzb8w-calamares-3.4.2/lib/calamares/modules/rawfs/module.desc
-- Installing: /nix/store/9pq87i897npipqxm6naq0qgp917qzb8w-calamares-3.4.2/lib/calamares/modules/removeuser/libcalamares_job_removeuser.so
-- Set non-toolchain portion of runtime path of "/nix/store/9pq87i897npipqxm6naq0qgp917qzb8w-calamares-3.4.2/lib/calamares/modules/removeuser/libcalamares_job_removeuser.so" to ""
-- Installing: /nix/store/9pq87i897npipqxm6naq0qgp917qzb8w-calamares-3.4.2/lib/calamares/modules/removeuser/module.desc
-- Installing: /nix/store/9pq87i897npipqxm6naq0qgp917qzb8w-calamares-3.4.2/lib/calamares/modules/services-openrc/main.py
-- Installing: /nix/store/9pq87i897npipqxm6naq0qgp917qzb8w-calamares-3.4.2/lib/calamares/modules/services-openrc/module.desc
-- Installing: /nix/store/9pq87i897npipqxm6naq0qgp917qzb8w-calamares-3.4.2/lib/calamares/modules/services-systemd/main.py
-- Installing: /nix/store/9pq87i897npipqxm6naq0qgp917qzb8w-calamares-3.4.2/lib/calamares/modules/services-systemd/module.desc
-- Installing: /nix/store/9pq87i897npipqxm6naq0qgp917qzb8w-calamares-3.4.2/lib/calamares/modules/services-systemd/services-systemd.schema.yaml
-- Installing: /nix/store/9pq87i897npipqxm6naq0qgp917qzb8w-calamares-3.4.2/lib/calamares/modules/shellprocess/libcalamares_job_shellprocess.so
-- Set non-toolchain portion of runtime path of "/nix/store/9pq87i897npipqxm6naq0qgp917qzb8w-calamares-3.4.2/lib/calamares/modules/shellprocess/libcalamares_job_shellprocess.so" to ""
-- Installing: /nix/store/9pq87i897npipqxm6naq0qgp917qzb8w-calamares-3.4.2/lib/calamares/modules/shellprocess/module.desc
-- Installing: /nix/store/9pq87i897npipqxm6naq0qgp917qzb8w-calamares-3.4.2/lib/calamares/modules/summary/libcalamares_viewmodule_summary.so
-- Set non-toolchain portion of runtime path of "/nix/store/9pq87i897npipqxm6naq0qgp917qzb8w-calamares-3.4.2/lib/calamares/modules/summary/libcalamares_viewmodule_summary.so" to ""
-- Installing: /nix/store/9pq87i897npipqxm6naq0qgp917qzb8w-calamares-3.4.2/lib/calamares/modules/summary/module.desc
-- Installing: /nix/store/9pq87i897npipqxm6naq0qgp917qzb8w-calamares-3.4.2/lib/calamares/modules/summaryq/libcalamares_viewmodule_summaryq.so
-- Set non-toolchain portion of runtime path of "/nix/store/9pq87i897npipqxm6naq0qgp917qzb8w-calamares-3.4.2/lib/calamares/modules/summaryq/libcalamares_viewmodule_summaryq.so" to ""
-- Installing: /nix/store/9pq87i897npipqxm6naq0qgp917qzb8w-calamares-3.4.2/lib/calamares/modules/summaryq/module.desc
-- Installing: /nix/store/9pq87i897npipqxm6naq0qgp917qzb8w-calamares-3.4.2/lib/calamares/modules/tracking/libcalamares_viewmodule_tracking.so
-- Set non-toolchain portion of runtime path of "/nix/store/9pq87i897npipqxm6naq0qgp917qzb8w-calamares-3.4.2/lib/calamares/modules/tracking/libcalamares_viewmodule_tracking.so" to ""
-- Installing: /nix/store/9pq87i897npipqxm6naq0qgp917qzb8w-calamares-3.4.2/lib/calamares/modules/tracking/module.desc
-- Installing: /nix/store/9pq87i897npipqxm6naq0qgp917qzb8w-calamares-3.4.2/lib/calamares/modules/umount/libcalamares_job_umount.so
-- Set non-toolchain portion of runtime path of "/nix/store/9pq87i897npipqxm6naq0qgp917qzb8w-calamares-3.4.2/lib/calamares/modules/umount/libcalamares_job_umount.so" to ""
-- Installing: /nix/store/9pq87i897npipqxm6naq0qgp917qzb8w-calamares-3.4.2/lib/calamares/modules/umount/module.desc
-- Installing: /nix/store/9pq87i897npipqxm6naq0qgp917qzb8w-calamares-3.4.2/lib/calamares/modules/unpackfs/main.py
-- Installing: /nix/store/9pq87i897npipqxm6naq0qgp917qzb8w-calamares-3.4.2/lib/calamares/modules/unpackfs/module.desc
-- Installing: /nix/store/9pq87i897npipqxm6naq0qgp917qzb8w-calamares-3.4.2/lib/calamares/modules/unpackfs/runtests.sh
-- Installing: /nix/store/9pq87i897npipqxm6naq0qgp917qzb8w-calamares-3.4.2/lib/calamares/modules/unpackfs/unpackfs.schema.yaml
-- Installing: /nix/store/9pq87i897npipqxm6naq0qgp917qzb8w-calamares-3.4.2/lib/calamares/modules/unpackfsc/libcalamares_job_unpackfsc.so
-- Set non-toolchain portion of runtime path of "/nix/store/9pq87i897npipqxm6naq0qgp917qzb8w-calamares-3.4.2/lib/calamares/modules/unpackfsc/libcalamares_job_unpackfsc.so" to ""
-- Installing: /nix/store/9pq87i897npipqxm6naq0qgp917qzb8w-calamares-3.4.2/lib/calamares/modules/unpackfsc/module.desc
-- Installing: /nix/store/9pq87i897npipqxm6naq0qgp917qzb8w-calamares-3.4.2/lib/calamares/modules/users/libcalamares_viewmodule_users.so
-- Set non-toolchain portion of runtime path of "/nix/store/9pq87i897npipqxm6naq0qgp917qzb8w-calamares-3.4.2/lib/calamares/modules/users/libcalamares_viewmodule_users.so" to ""
-- Installing: /nix/store/9pq87i897npipqxm6naq0qgp917qzb8w-calamares-3.4.2/lib/calamares/modules/users/module.desc
-- Installing: /nix/store/9pq87i897npipqxm6naq0qgp917qzb8w-calamares-3.4.2/lib/calamares/modules/usersq/libcalamares_viewmodule_usersq.so
-- Set non-toolchain portion of runtime path of "/nix/store/9pq87i897npipqxm6naq0qgp917qzb8w-calamares-3.4.2/lib/calamares/modules/usersq/libcalamares_viewmodule_usersq.so" to ""
-- Installing: /nix/store/9pq87i897npipqxm6naq0qgp917qzb8w-calamares-3.4.2/lib/calamares/modules/usersq/module.desc
-- Installing: /nix/store/9pq87i897npipqxm6naq0qgp917qzb8w-calamares-3.4.2/lib/calamares/modules/welcome/libcalamares_viewmodule_welcome.so
-- Set non-toolchain portion of runtime path of "/nix/store/9pq87i897npipqxm6naq0qgp917qzb8w-calamares-3.4.2/lib/calamares/modules/welcome/libcalamares_viewmodule_welcome.so" to ""
-- Installing: /nix/store/9pq87i897npipqxm6naq0qgp917qzb8w-calamares-3.4.2/lib/calamares/modules/welcome/module.desc
-- Installing: /nix/store/9pq87i897npipqxm6naq0qgp917qzb8w-calamares-3.4.2/lib/calamares/modules/welcomeq/libcalamares_viewmodule_welcomeq.so
-- Set non-toolchain portion of runtime path of "/nix/store/9pq87i897npipqxm6naq0qgp917qzb8w-calamares-3.4.2/lib/calamares/modules/welcomeq/libcalamares_viewmodule_welcomeq.so" to ""
-- Installing: /nix/store/9pq87i897npipqxm6naq0qgp917qzb8w-calamares-3.4.2/lib/calamares/modules/welcomeq/module.desc
-- Installing: /nix/store/9pq87i897npipqxm6naq0qgp917qzb8w-calamares-3.4.2/lib/calamares/modules/zfs/libcalamares_job_zfs.so
-- Set non-toolchain portion of runtime path of "/nix/store/9pq87i897npipqxm6naq0qgp917qzb8w-calamares-3.4.2/lib/calamares/modules/zfs/libcalamares_job_zfs.so" to ""
-- Installing: /nix/store/9pq87i897npipqxm6naq0qgp917qzb8w-calamares-3.4.2/lib/calamares/modules/zfs/module.desc
-- Installing: /nix/store/9pq87i897npipqxm6naq0qgp917qzb8w-calamares-3.4.2/lib/calamares/modules/zfshostid/main.py
-- Installing: /nix/store/9pq87i897npipqxm6naq0qgp917qzb8w-calamares-3.4.2/lib/calamares/modules/zfshostid/module.desc
-- Installing: /nix/store/9pq87i897npipqxm6naq0qgp917qzb8w-calamares-3.4.2/lib/calamares/modules/zfshostid/zfshostid.schema.yaml
-- Installing: /nix/store/9pq87i897npipqxm6naq0qgp917qzb8w-calamares-3.4.2/share/calamares/branding/default/banner.png
-- Installing: /nix/store/9pq87i897npipqxm6naq0qgp917qzb8w-calamares-3.4.2/share/calamares/branding/default/banner.png.license
-- Installing: /nix/store/9pq87i897npipqxm6naq0qgp917qzb8w-calamares-3.4.2/share/calamares/branding/default/branding.desc
-- Installing: /nix/store/9pq87i897npipqxm6naq0qgp917qzb8w-calamares-3.4.2/share/calamares/branding/default/languages.png
-- Installing: /nix/store/9pq87i897npipqxm6naq0qgp917qzb8w-calamares-3.4.2/share/calamares/branding/default/languages.png.license
-- Installing: /nix/store/9pq87i897npipqxm6naq0qgp917qzb8w-calamares-3.4.2/share/calamares/branding/default/show.qml
-- Installing: /nix/store/9pq87i897npipqxm6naq0qgp917qzb8w-calamares-3.4.2/share/calamares/branding/default/squid.png
-- Installing: /nix/store/9pq87i897npipqxm6naq0qgp917qzb8w-calamares-3.4.2/share/calamares/branding/default/squid.png.license
-- Installing: /nix/store/9pq87i897npipqxm6naq0qgp917qzb8w-calamares-3.4.2/share/calamares/branding/default/stylesheet.qss
-- Installing: /nix/store/9pq87i897npipqxm6naq0qgp917qzb8w-calamares-3.4.2/share/calamares/branding/default/lang/calamares-default_ar.qm
-- Installing: /nix/store/9pq87i897npipqxm6naq0qgp917qzb8w-calamares-3.4.2/share/calamares/branding/default/lang/calamares-default_en.qm
-- Installing: /nix/store/9pq87i897npipqxm6naq0qgp917qzb8w-calamares-3.4.2/share/calamares/branding/default/lang/calamares-default_eo.qm
-- Installing: /nix/store/9pq87i897npipqxm6naq0qgp917qzb8w-calamares-3.4.2/share/calamares/branding/default/lang/calamares-default_fr.qm
-- Installing: /nix/store/9pq87i897npipqxm6naq0qgp917qzb8w-calamares-3.4.2/share/calamares/branding/default/lang/calamares-default_nl.qm
-- Installing: /nix/store/9pq87i897npipqxm6naq0qgp917qzb8w-calamares-3.4.2/lib/cmake/Calamares/CalamaresTargets.cmake
-- Installing: /nix/store/9pq87i897npipqxm6naq0qgp917qzb8w-calamares-3.4.2/lib/cmake/Calamares/CalamaresTargets-release.cmake
-- Installing: /nix/store/9pq87i897npipqxm6naq0qgp917qzb8w-calamares-3.4.2/lib/cmake/Calamares/CalamaresConfig.cmake
-- Installing: /nix/store/9pq87i897npipqxm6naq0qgp917qzb8w-calamares-3.4.2/lib/cmake/Calamares/CalamaresConfigVersion.cmake
-- Installing: /nix/store/9pq87i897npipqxm6naq0qgp917qzb8w-calamares-3.4.2/lib/cmake/Calamares/CalamaresAddBrandingSubdirectory.cmake
-- Installing: /nix/store/9pq87i897npipqxm6naq0qgp917qzb8w-calamares-3.4.2/lib/cmake/Calamares/CalamaresAddLibrary.cmake
-- Installing: /nix/store/9pq87i897npipqxm6naq0qgp917qzb8w-calamares-3.4.2/lib/cmake/Calamares/CalamaresAddModuleSubdirectory.cmake
-- Installing: /nix/store/9pq87i897npipqxm6naq0qgp917qzb8w-calamares-3.4.2/lib/cmake/Calamares/CalamaresAddPlugin.cmake
-- Installing: /nix/store/9pq87i897npipqxm6naq0qgp917qzb8w-calamares-3.4.2/lib/cmake/Calamares/CalamaresAddTest.cmake
-- Installing: /nix/store/9pq87i897npipqxm6naq0qgp917qzb8w-calamares-3.4.2/lib/cmake/Calamares/CalamaresAddTranslations.cmake
-- Installing: /nix/store/9pq87i897npipqxm6naq0qgp917qzb8w-calamares-3.4.2/lib/cmake/Calamares/CalamaresAutomoc.cmake
-- Installing: /nix/store/9pq87i897npipqxm6naq0qgp917qzb8w-calamares-3.4.2/lib/cmake/Calamares/CalamaresCheckModuleSelection.cmake
-- Installing: /nix/store/9pq87i897npipqxm6naq0qgp917qzb8w-calamares-3.4.2/lib/cmake/Calamares/CMakeColors.cmake
-- Installing: /nix/store/9pq87i897npipqxm6naq0qgp917qzb8w-calamares-3.4.2/lib/cmake/Calamares/FindYAMLCPP.cmake
-- Installing: /nix/store/9pq87i897npipqxm6naq0qgp917qzb8w-calamares-3.4.2/share/polkit-1/actions/io.calamares.calamares.policy
-- Installing: /nix/store/9pq87i897npipqxm6naq0qgp917qzb8w-calamares-3.4.2/share/applications/calamares.desktop
-- Installing: /nix/store/9pq87i897npipqxm6naq0qgp917qzb8w-calamares-3.4.2/share/man/man8/calamares.8
Running phase: qtOwnPathsHook
Running phase: fixupPhase
wrapping Qt applications in /nix/store/9pq87i897npipqxm6naq0qgp917qzb8w-calamares-3.4.2/bin /nix/store/9pq87i897npipqxm6naq0qgp917qzb8w-calamares-3.4.2/sbin /nix/store/9pq87i897npipqxm6naq0qgp917qzb8w-calamares-3.4.2/libexec /nix/store/9pq87i897npipqxm6naq0qgp917qzb8w-calamares-3.4.2/Applications
wrapping /nix/store/9pq87i897npipqxm6naq0qgp917qzb8w-calamares-3.4.2/bin/calamares
separating debug info from /nix/store/9pq87i897npipqxm6naq0qgp917qzb8w-calamares-3.4.2/bin/.calamares-wrapped (build ID 5f1cb045f5531e2c56757d851faf1a794a9151f9)
separate-debug-info: copying patched source files to /nix/store/mna5310lw79xm17j0pqvn97ih2fbx6rb-calamares-3.4.2-debug/src/overlay...
/build /build/source/build
'source/CMakeLists.txt' -> '/nix/store/mna5310lw79xm17j0pqvn97ih2fbx6rb-calamares-3.4.2-debug/src/overlay/source/CMakeLists.txt'
'source/src/modules/locale/SetTimezoneJob.cpp' -> '/nix/store/mna5310lw79xm17j0pqvn97ih2fbx6rb-calamares-3.4.2-debug/src/overlay/source/src/modules/locale/SetTimezoneJob.cpp'
'source/src/modules/partition/gui/EditExistingPartitionDialog.cpp' -> '/nix/store/mna5310lw79xm17j0pqvn97ih2fbx6rb-calamares-3.4.2-debug/src/overlay/source/src/modules/partition/gui/EditExistingPartitionDialog.cpp'
'source/src/modules/partition/gui/CreatePartitionDialog.cpp' -> '/nix/store/mna5310lw79xm17j0pqvn97ih2fbx6rb-calamares-3.4.2-debug/src/overlay/source/src/modules/partition/gui/CreatePartitionDialog.cpp'
'source/src/modules/keyboard/keyboardwidget/keyboardglobal.cpp' -> '/nix/store/mna5310lw79xm17j0pqvn97ih2fbx6rb-calamares-3.4.2-debug/src/overlay/source/src/modules/keyboard/keyboardwidget/keyboardglobal.cpp'
'source/src/modules/users/Config.cpp' -> '/nix/store/mna5310lw79xm17j0pqvn97ih2fbx6rb-calamares-3.4.2-debug/src/overlay/source/src/modules/users/Config.cpp'
'source/src/libcalamares/locale/TimeZone.cpp' -> '/nix/store/mna5310lw79xm17j0pqvn97ih2fbx6rb-calamares-3.4.2-debug/src/overlay/source/src/libcalamares/locale/TimeZone.cpp'
'source/io.calamares.calamares.policy' -> '/nix/store/mna5310lw79xm17j0pqvn97ih2fbx6rb-calamares-3.4.2-debug/src/overlay/source/io.calamares.calamares.policy'
/build/source/build
separating debug info from /nix/store/9pq87i897npipqxm6naq0qgp917qzb8w-calamares-3.4.2/bin/calamares (build ID 8c530aec7d13eee591200a525e55626c69acb885)
separating debug info from /nix/store/9pq87i897npipqxm6naq0qgp917qzb8w-calamares-3.4.2/lib/calamares/modules/contextualprocess/libcalamares_job_contextualprocess.so (build ID 5eadb860506ec2e6a91d18eb284171091a8f1c1f)
separating debug info from /nix/store/9pq87i897npipqxm6naq0qgp917qzb8w-calamares-3.4.2/lib/calamares/modules/dracutlukscfg/libcalamares_job_dracutlukscfg.so (build ID a6d07a7221ef6dc72fb752db71a3fe145eada62b)
separating debug info from /nix/store/9pq87i897npipqxm6naq0qgp917qzb8w-calamares-3.4.2/lib/calamares/modules/dummycpp/libcalamares_job_dummycpp.so (build ID f3263cbb2b0b99388c4891364de7aa07d4b22e02)
separating debug info from /nix/store/9pq87i897npipqxm6naq0qgp917qzb8w-calamares-3.4.2/lib/calamares/modules/finished/libcalamares_viewmodule_finished.so (build ID b6667e0f313256ab505cd954cda7efdb0fe143bc)
separating debug info from /nix/store/9pq87i897npipqxm6naq0qgp917qzb8w-calamares-3.4.2/lib/calamares/modules/finishedq/libcalamares_viewmodule_finishedq.so (build ID 191f48df348f408f6a7e775647a8f24baba1e471)
separating debug info from /nix/store/9pq87i897npipqxm6naq0qgp917qzb8w-calamares-3.4.2/lib/calamares/modules/fsresizer/libcalamares_job_fsresizer.so (build ID ce43ed8eef1abcb0790097fec2d8c93618539206)
separating debug info from /nix/store/9pq87i897npipqxm6naq0qgp917qzb8w-calamares-3.4.2/lib/calamares/modules/hostinfo/libcalamares_job_hostinfo.so (build ID bac59e6c01361cf43ecc983cca06aef9d5f57d37)
separating debug info from /nix/store/9pq87i897npipqxm6naq0qgp917qzb8w-calamares-3.4.2/lib/calamares/modules/initcpio/libcalamares_job_initcpio.so (build ID 06c7014dd02f54901018ce3c801e267e7598b2fb)
separating debug info from /nix/store/9pq87i897npipqxm6naq0qgp917qzb8w-calamares-3.4.2/lib/calamares/modules/initramfs/libcalamares_job_initramfs.so (build ID 074f9df2c10afc71cc36312277d679c1107509d5)
separating debug info from /nix/store/9pq87i897npipqxm6naq0qgp917qzb8w-calamares-3.4.2/lib/calamares/modules/interactiveterminal/libcalamares_viewmodule_interactiveterminal.so (build ID 17dd786d2ccbe317f214bc1f85121623f54a79ad)
separating debug info from /nix/store/9pq87i897npipqxm6naq0qgp917qzb8w-calamares-3.4.2/lib/calamares/modules/keyboard/libcalamares_viewmodule_keyboard.so (build ID 9afe637b505b17a8f97802e1ca740394e2905ddc)
separating debug info from /nix/store/9pq87i897npipqxm6naq0qgp917qzb8w-calamares-3.4.2/lib/calamares/modules/keyboardq/libcalamares_viewmodule_keyboardq.so (build ID d9d26b3eb0176c512d16bc0cd1cdcba525cb8eb6)
separating debug info from /nix/store/9pq87i897npipqxm6naq0qgp917qzb8w-calamares-3.4.2/lib/calamares/modules/license/libcalamares_viewmodule_license.so (build ID 1863fa43c2076737a63766347e50328b7deaf3eb)
separating debug info from /nix/store/9pq87i897npipqxm6naq0qgp917qzb8w-calamares-3.4.2/lib/calamares/modules/locale/libcalamares_viewmodule_locale.so (build ID c4fd060c578ce1c26e544557daa33afc20909a05)
separating debug info from /nix/store/9pq87i897npipqxm6naq0qgp917qzb8w-calamares-3.4.2/lib/calamares/modules/localeq/libcalamares_viewmodule_localeq.so (build ID 7be3684a7479a9bcb792f5b4687d38f8f5f053f8)
separating debug info from /nix/store/9pq87i897npipqxm6naq0qgp917qzb8w-calamares-3.4.2/lib/calamares/modules/luksbootkeyfile/libcalamares_job_luksbootkeyfile.so (build ID 6f0a3a7048068851104b05f8b61f073510c00cdb)
separating debug info from /nix/store/9pq87i897npipqxm6naq0qgp917qzb8w-calamares-3.4.2/lib/calamares/modules/luksopenswaphookcfg/libcalamares_job_luksopenswaphookcfg.so (build ID 28b53b07a83837517d12e4db7e74df0fa62dd690)
separating debug info from /nix/store/9pq87i897npipqxm6naq0qgp917qzb8w-calamares-3.4.2/lib/calamares/modules/machineid/libcalamares_job_machineid.so (build ID 198d7d6dc85141111bcf7f5c2d608e0971bd3293)
separating debug info from /nix/store/9pq87i897npipqxm6naq0qgp917qzb8w-calamares-3.4.2/lib/calamares/modules/netinstall/libcalamares_viewmodule_netinstall.so (build ID 176584bd92a1efd670d274b2a50407ce672ba543)
separating debug info from /nix/store/9pq87i897npipqxm6naq0qgp917qzb8w-calamares-3.4.2/lib/calamares/modules/notesqml/libcalamares_viewmodule_notesqml.so (build ID 346dd1e769880e15d0d1e39931ea4b7cabce013d)
separating debug info from /nix/store/9pq87i897npipqxm6naq0qgp917qzb8w-calamares-3.4.2/lib/calamares/modules/oemid/libcalamares_viewmodule_oemid.so (build ID 29ccade18a58a3b13ceb00c505fb8d63856a1a22)
separating debug info from /nix/store/9pq87i897npipqxm6naq0qgp917qzb8w-calamares-3.4.2/lib/calamares/modules/packagechooser/libcalamares_viewmodule_packagechooser.so (build ID 1db4f86e6db22417e8c076ecfd0c600b9af4cd0b)
separating debug info from /nix/store/9pq87i897npipqxm6naq0qgp917qzb8w-calamares-3.4.2/lib/calamares/modules/packagechooserq/libcalamares_viewmodule_packagechooserq.so (build ID 28e652480e4778ecf7f8cf04766ba467e8c8e9df)
separating debug info from /nix/store/9pq87i897npipqxm6naq0qgp917qzb8w-calamares-3.4.2/lib/calamares/modules/partition/libcalamares_viewmodule_partition.so (build ID 77d4eac9e200b733c8c98194d8b236ce32ddee9e)
separating debug info from /nix/store/9pq87i897npipqxm6naq0qgp917qzb8w-calamares-3.4.2/lib/calamares/modules/plasmalnf/libcalamares_viewmodule_plasmalnf.so (build ID 3fbd373c03f861062d76bfe8e0bcf7dda1a68424)
separating debug info from /nix/store/9pq87i897npipqxm6naq0qgp917qzb8w-calamares-3.4.2/lib/calamares/modules/preservefiles/libcalamares_job_preservefiles.so (build ID 9b98756e1ebc29891bc2a28881cdf7d0726b8a55)
separating debug info from /nix/store/9pq87i897npipqxm6naq0qgp917qzb8w-calamares-3.4.2/lib/calamares/modules/removeuser/libcalamares_job_removeuser.so (build ID 33c25ec4633e81327a14670a65fbb4bcd06c2f6c)
separating debug info from /nix/store/9pq87i897npipqxm6naq0qgp917qzb8w-calamares-3.4.2/lib/calamares/modules/shellprocess/libcalamares_job_shellprocess.so (build ID faf79e2c019bf7899811e896b2e17cff7a7712cd)
separating debug info from /nix/store/9pq87i897npipqxm6naq0qgp917qzb8w-calamares-3.4.2/lib/calamares/modules/summary/libcalamares_viewmodule_summary.so (build ID 4b8cc534cc08f8d09aa4b8769a408200b32bfa25)
separating debug info from /nix/store/9pq87i897npipqxm6naq0qgp917qzb8w-calamares-3.4.2/lib/calamares/modules/summaryq/libcalamares_viewmodule_summaryq.so (build ID e929bd83e1b90559100b3492a2360c1023fee28b)
separating debug info from /nix/store/9pq87i897npipqxm6naq0qgp917qzb8w-calamares-3.4.2/lib/calamares/modules/tracking/libcalamares_viewmodule_tracking.so (build ID 823b4a5095c9bb0133d6e69703bc6c7e340b4418)
separating debug info from /nix/store/9pq87i897npipqxm6naq0qgp917qzb8w-calamares-3.4.2/lib/calamares/modules/umount/libcalamares_job_umount.so (build ID d120690efd9548bce6ea645f06a452a2be223cc9)
separating debug info from /nix/store/9pq87i897npipqxm6naq0qgp917qzb8w-calamares-3.4.2/lib/calamares/modules/unpackfsc/libcalamares_job_unpackfsc.so (build ID cd61dd6620bf3c394d2b5fd3ba71ad39422c442b)
separating debug info from /nix/store/9pq87i897npipqxm6naq0qgp917qzb8w-calamares-3.4.2/lib/calamares/modules/users/libcalamares_viewmodule_users.so (build ID 977b88a3464763bd4461586a74cee089607b2669)
separating debug info from /nix/store/9pq87i897npipqxm6naq0qgp917qzb8w-calamares-3.4.2/lib/calamares/modules/usersq/libcalamares_viewmodule_usersq.so (build ID 635a9a235b72453543ce90a8748475d4ae5a8da2)
separating debug info from /nix/store/9pq87i897npipqxm6naq0qgp917qzb8w-calamares-3.4.2/lib/calamares/modules/welcome/libcalamares_viewmodule_welcome.so (build ID a7255e43f207acd9d9a4b1a4d016114bee2d71e4)
separating debug info from /nix/store/9pq87i897npipqxm6naq0qgp917qzb8w-calamares-3.4.2/lib/calamares/modules/welcomeq/libcalamares_viewmodule_welcomeq.so (build ID 76130b6637c0a8c8ab841f403732c5b0ffafe04f)
separating debug info from /nix/store/9pq87i897npipqxm6naq0qgp917qzb8w-calamares-3.4.2/lib/calamares/modules/zfs/libcalamares_job_zfs.so (build ID 505e62d5b6959437926e7a90be220223f0274828)
separating debug info from /nix/store/9pq87i897npipqxm6naq0qgp917qzb8w-calamares-3.4.2/lib/libcalamares.so.3.4.2 (build ID badf393fa3ef4637cdbda64020c3fe2c967f69e6)
separating debug info from /nix/store/9pq87i897npipqxm6naq0qgp917qzb8w-calamares-3.4.2/lib/libcalamaresui.so.3.4.2 (build ID 5af5e803a000392e9e8272398896ffe3b0599a3b)
shrinking RPATHs of ELF executables and libraries in /nix/store/9pq87i897npipqxm6naq0qgp917qzb8w-calamares-3.4.2
shrinking /nix/store/9pq87i897npipqxm6naq0qgp917qzb8w-calamares-3.4.2/lib/libcalamaresui.so.3.4.2
shrinking /nix/store/9pq87i897npipqxm6naq0qgp917qzb8w-calamares-3.4.2/lib/calamares/modules/luksopenswaphookcfg/libcalamares_job_luksopenswaphookcfg.so
shrinking /nix/store/9pq87i897npipqxm6naq0qgp917qzb8w-calamares-3.4.2/lib/calamares/modules/usersq/libcalamares_viewmodule_usersq.so
shrinking /nix/store/9pq87i897npipqxm6naq0qgp917qzb8w-calamares-3.4.2/lib/calamares/modules/welcomeq/libcalamares_viewmodule_welcomeq.so
shrinking /nix/store/9pq87i897npipqxm6naq0qgp917qzb8w-calamares-3.4.2/lib/calamares/modules/interactiveterminal/libcalamares_viewmodule_interactiveterminal.so
shrinking /nix/store/9pq87i897npipqxm6naq0qgp917qzb8w-calamares-3.4.2/lib/calamares/modules/machineid/libcalamares_job_machineid.so
shrinking /nix/store/9pq87i897npipqxm6naq0qgp917qzb8w-calamares-3.4.2/lib/calamares/modules/tracking/libcalamares_viewmodule_tracking.so
shrinking /nix/store/9pq87i897npipqxm6naq0qgp917qzb8w-calamares-3.4.2/lib/calamares/modules/luksbootkeyfile/libcalamares_job_luksbootkeyfile.so
shrinking /nix/store/9pq87i897npipqxm6naq0qgp917qzb8w-calamares-3.4.2/lib/calamares/modules/plasmalnf/libcalamares_viewmodule_plasmalnf.so
shrinking /nix/store/9pq87i897npipqxm6naq0qgp917qzb8w-calamares-3.4.2/lib/calamares/modules/license/libcalamares_viewmodule_license.so
shrinking /nix/store/9pq87i897npipqxm6naq0qgp917qzb8w-calamares-3.4.2/lib/calamares/modules/locale/libcalamares_viewmodule_locale.so
shrinking /nix/store/9pq87i897npipqxm6naq0qgp917qzb8w-calamares-3.4.2/lib/calamares/modules/removeuser/libcalamares_job_removeuser.so
shrinking /nix/store/9pq87i897npipqxm6naq0qgp917qzb8w-calamares-3.4.2/lib/calamares/modules/partition/libcalamares_viewmodule_partition.so
shrinking /nix/store/9pq87i897npipqxm6naq0qgp917qzb8w-calamares-3.4.2/lib/calamares/modules/initramfs/libcalamares_job_initramfs.so
shrinking /nix/store/9pq87i897npipqxm6naq0qgp917qzb8w-calamares-3.4.2/lib/calamares/modules/initcpio/libcalamares_job_initcpio.so
shrinking /nix/store/9pq87i897npipqxm6naq0qgp917qzb8w-calamares-3.4.2/lib/calamares/modules/finished/libcalamares_viewmodule_finished.so
shrinking /nix/store/9pq87i897npipqxm6naq0qgp917qzb8w-calamares-3.4.2/lib/calamares/modules/keyboard/libcalamares_viewmodule_keyboard.so
shrinking /nix/store/9pq87i897npipqxm6naq0qgp917qzb8w-calamares-3.4.2/lib/calamares/modules/fsresizer/libcalamares_job_fsresizer.so
shrinking /nix/store/9pq87i897npipqxm6naq0qgp917qzb8w-calamares-3.4.2/lib/calamares/modules/oemid/libcalamares_viewmodule_oemid.so
shrinking /nix/store/9pq87i897npipqxm6naq0qgp917qzb8w-calamares-3.4.2/lib/calamares/modules/umount/libcalamares_job_umount.so
shrinking /nix/store/9pq87i897npipqxm6naq0qgp917qzb8w-calamares-3.4.2/lib/calamares/modules/finishedq/libcalamares_viewmodule_finishedq.so
shrinking /nix/store/9pq87i897npipqxm6naq0qgp917qzb8w-calamares-3.4.2/lib/calamares/modules/preservefiles/libcalamares_job_preservefiles.so
shrinking /nix/store/9pq87i897npipqxm6naq0qgp917qzb8w-calamares-3.4.2/lib/calamares/modules/welcome/libcalamares_viewmodule_welcome.so
shrinking /nix/store/9pq87i897npipqxm6naq0qgp917qzb8w-calamares-3.4.2/lib/calamares/modules/zfs/libcalamares_job_zfs.so
shrinking /nix/store/9pq87i897npipqxm6naq0qgp917qzb8w-calamares-3.4.2/lib/calamares/modules/unpackfsc/libcalamares_job_unpackfsc.so
shrinking /nix/store/9pq87i897npipqxm6naq0qgp917qzb8w-calamares-3.4.2/lib/calamares/modules/summaryq/libcalamares_viewmodule_summaryq.so
shrinking /nix/store/9pq87i897npipqxm6naq0qgp917qzb8w-calamares-3.4.2/lib/calamares/modules/packagechooser/libcalamares_viewmodule_packagechooser.so
shrinking /nix/store/9pq87i897npipqxm6naq0qgp917qzb8w-calamares-3.4.2/lib/calamares/modules/netinstall/libcalamares_viewmodule_netinstall.so
shrinking /nix/store/9pq87i897npipqxm6naq0qgp917qzb8w-calamares-3.4.2/lib/calamares/modules/keyboardq/libcalamares_viewmodule_keyboardq.so
shrinking /nix/store/9pq87i897npipqxm6naq0qgp917qzb8w-calamares-3.4.2/lib/calamares/modules/localeq/libcalamares_viewmodule_localeq.so
shrinking /nix/store/9pq87i897npipqxm6naq0qgp917qzb8w-calamares-3.4.2/lib/calamares/modules/dummycpp/libcalamares_job_dummycpp.so
shrinking /nix/store/9pq87i897npipqxm6naq0qgp917qzb8w-calamares-3.4.2/lib/calamares/modules/notesqml/libcalamares_viewmodule_notesqml.so
shrinking /nix/store/9pq87i897npipqxm6naq0qgp917qzb8w-calamares-3.4.2/lib/calamares/modules/users/libcalamares_viewmodule_users.so
shrinking /nix/store/9pq87i897npipqxm6naq0qgp917qzb8w-calamares-3.4.2/lib/calamares/modules/contextualprocess/libcalamares_job_contextualprocess.so
shrinking /nix/store/9pq87i897npipqxm6naq0qgp917qzb8w-calamares-3.4.2/lib/calamares/modules/dracutlukscfg/libcalamares_job_dracutlukscfg.so
shrinking /nix/store/9pq87i897npipqxm6naq0qgp917qzb8w-calamares-3.4.2/lib/calamares/modules/summary/libcalamares_viewmodule_summary.so
shrinking /nix/store/9pq87i897npipqxm6naq0qgp917qzb8w-calamares-3.4.2/lib/calamares/modules/shellprocess/libcalamares_job_shellprocess.so
shrinking /nix/store/9pq87i897npipqxm6naq0qgp917qzb8w-calamares-3.4.2/lib/calamares/modules/hostinfo/libcalamares_job_hostinfo.so
shrinking /nix/store/9pq87i897npipqxm6naq0qgp917qzb8w-calamares-3.4.2/lib/calamares/modules/packagechooserq/libcalamares_viewmodule_packagechooserq.so
shrinking /nix/store/9pq87i897npipqxm6naq0qgp917qzb8w-calamares-3.4.2/lib/libcalamares.so.3.4.2
shrinking /nix/store/9pq87i897npipqxm6naq0qgp917qzb8w-calamares-3.4.2/bin/.calamares-wrapped
shrinking /nix/store/9pq87i897npipqxm6naq0qgp917qzb8w-calamares-3.4.2/bin/calamares
checking for references to /build/ in /nix/store/9pq87i897npipqxm6naq0qgp917qzb8w-calamares-3.4.2...
gzipping man pages under /nix/store/9pq87i897npipqxm6naq0qgp917qzb8w-calamares-3.4.2/share/man/
patching script interpreter paths in /nix/store/9pq87i897npipqxm6naq0qgp917qzb8w-calamares-3.4.2
stripping (with command strip and flags -S -p) in  /nix/store/9pq87i897npipqxm6naq0qgp917qzb8w-calamares-3.4.2/lib /nix/store/9pq87i897npipqxm6naq0qgp917qzb8w-calamares-3.4.2/bin
wrapping Qt applications in /nix/store/mna5310lw79xm17j0pqvn97ih2fbx6rb-calamares-3.4.2-debug/bin /nix/store/mna5310lw79xm17j0pqvn97ih2fbx6rb-calamares-3.4.2-debug/sbin /nix/store/mna5310lw79xm17j0pqvn97ih2fbx6rb-calamares-3.4.2-debug/libexec /nix/store/mna5310lw79xm17j0pqvn97ih2fbx6rb-calamares-3.4.2-debug/Applications
shrinking RPATHs of ELF executables and libraries in /nix/store/mna5310lw79xm17j0pqvn97ih2fbx6rb-calamares-3.4.2-debug
checking for references to /build/ in /nix/store/mna5310lw79xm17j0pqvn97ih2fbx6rb-calamares-3.4.2-debug...
patching script interpreter paths in /nix/store/mna5310lw79xm17j0pqvn97ih2fbx6rb-calamares-3.4.2-debug
stripping (with command strip and flags -S -p) in  /nix/store/mna5310lw79xm17j0pqvn97ih2fbx6rb-calamares-3.4.2-debug/lib
making symlink relative: /nix/store/mna5310lw79xm17j0pqvn97ih2fbx6rb-calamares-3.4.2-debug/lib/debug/libcalamares_job_initramfs.so
making symlink relative: /nix/store/mna5310lw79xm17j0pqvn97ih2fbx6rb-calamares-3.4.2-debug/lib/debug/libcalamares_job_luksopenswaphookcfg.so
making symlink relative: /nix/store/mna5310lw79xm17j0pqvn97ih2fbx6rb-calamares-3.4.2-debug/lib/debug/libcalamares_job_fsresizer.so
making symlink relative: /nix/store/mna5310lw79xm17j0pqvn97ih2fbx6rb-calamares-3.4.2-debug/lib/debug/.calamares-wrapped
making symlink relative: /nix/store/mna5310lw79xm17j0pqvn97ih2fbx6rb-calamares-3.4.2-debug/lib/debug/libcalamares_job_contextualprocess.so
making symlink relative: /nix/store/mna5310lw79xm17j0pqvn97ih2fbx6rb-calamares-3.4.2-debug/lib/debug/libcalamares_job_shellprocess.so
making symlink relative: /nix/store/mna5310lw79xm17j0pqvn97ih2fbx6rb-calamares-3.4.2-debug/lib/debug/libcalamares_viewmodule_locale.so
making symlink relative: /nix/store/mna5310lw79xm17j0pqvn97ih2fbx6rb-calamares-3.4.2-debug/lib/debug/libcalamares_viewmodule_license.so
making symlink relative: /nix/store/mna5310lw79xm17j0pqvn97ih2fbx6rb-calamares-3.4.2-debug/lib/debug/libcalamares_viewmodule_packagechooser.so
making symlink relative: /nix/store/mna5310lw79xm17j0pqvn97ih2fbx6rb-calamares-3.4.2-debug/lib/debug/libcalamares_job_initcpio.so
making symlink relative: /nix/store/mna5310lw79xm17j0pqvn97ih2fbx6rb-calamares-3.4.2-debug/lib/debug/libcalamares_job_dummycpp.so
making symlink relative: /nix/store/mna5310lw79xm17j0pqvn97ih2fbx6rb-calamares-3.4.2-debug/lib/debug/.build-id/a7/255e43f207acd9d9a4b1a4d016114bee2d71e4.sourceoverlay
making symlink relative: /nix/store/mna5310lw79xm17j0pqvn97ih2fbx6rb-calamares-3.4.2-debug/lib/debug/.build-id/07/4f9df2c10afc71cc36312277d679c1107509d5.sourceoverlay
making symlink relative: /nix/store/mna5310lw79xm17j0pqvn97ih2fbx6rb-calamares-3.4.2-debug/lib/debug/.build-id/29/ccade18a58a3b13ceb00c505fb8d63856a1a22.sourceoverlay
making symlink relative: /nix/store/mna5310lw79xm17j0pqvn97ih2fbx6rb-calamares-3.4.2-debug/lib/debug/.build-id/7b/e3684a7479a9bcb792f5b4687d38f8f5f053f8.sourceoverlay
making symlink relative: /nix/store/mna5310lw79xm17j0pqvn97ih2fbx6rb-calamares-3.4.2-debug/lib/debug/.build-id/d9/d26b3eb0176c512d16bc0cd1cdcba525cb8eb6.sourceoverlay
making symlink relative: /nix/store/mna5310lw79xm17j0pqvn97ih2fbx6rb-calamares-3.4.2-debug/lib/debug/.build-id/e9/29bd83e1b90559100b3492a2360c1023fee28b.sourceoverlay
making symlink relative: /nix/store/mna5310lw79xm17j0pqvn97ih2fbx6rb-calamares-3.4.2-debug/lib/debug/.build-id/f3/263cbb2b0b99388c4891364de7aa07d4b22e02.sourceoverlay
making symlink relative: /nix/store/mna5310lw79xm17j0pqvn97ih2fbx6rb-calamares-3.4.2-debug/lib/debug/.build-id/8c/530aec7d13eee591200a525e55626c69acb885.sourceoverlay
making symlink relative: /nix/store/mna5310lw79xm17j0pqvn97ih2fbx6rb-calamares-3.4.2-debug/lib/debug/.build-id/97/7b88a3464763bd4461586a74cee089607b2669.sourceoverlay
making symlink relative: /nix/store/mna5310lw79xm17j0pqvn97ih2fbx6rb-calamares-3.4.2-debug/lib/debug/.build-id/9b/98756e1ebc29891bc2a28881cdf7d0726b8a55.sourceoverlay
making symlink relative: /nix/store/mna5310lw79xm17j0pqvn97ih2fbx6rb-calamares-3.4.2-debug/lib/debug/.build-id/ba/c59e6c01361cf43ecc983cca06aef9d5f57d37.sourceoverlay
making symlink relative: /nix/store/mna5310lw79xm17j0pqvn97ih2fbx6rb-calamares-3.4.2-debug/lib/debug/.build-id/ba/df393fa3ef4637cdbda64020c3fe2c967f69e6.sourceoverlay
making symlink relative: /nix/store/mna5310lw79xm17j0pqvn97ih2fbx6rb-calamares-3.4.2-debug/lib/debug/.build-id/34/6dd1e769880e15d0d1e39931ea4b7cabce013d.sourceoverlay
making symlink relative: /nix/store/mna5310lw79xm17j0pqvn97ih2fbx6rb-calamares-3.4.2-debug/lib/debug/.build-id/b6/667e0f313256ab505cd954cda7efdb0fe143bc.sourceoverlay
making symlink relative: /nix/store/mna5310lw79xm17j0pqvn97ih2fbx6rb-calamares-3.4.2-debug/lib/debug/.build-id/19/1f48df348f408f6a7e775647a8f24baba1e471.sourceoverlay
making symlink relative: /nix/store/mna5310lw79xm17j0pqvn97ih2fbx6rb-calamares-3.4.2-debug/lib/debug/.build-id/19/8d7d6dc85141111bcf7f5c2d608e0971bd3293.sourceoverlay
making symlink relative: /nix/store/mna5310lw79xm17j0pqvn97ih2fbx6rb-calamares-3.4.2-debug/lib/debug/.build-id/3f/bd373c03f861062d76bfe8e0bcf7dda1a68424.sourceoverlay
making symlink relative: /nix/store/mna5310lw79xm17j0pqvn97ih2fbx6rb-calamares-3.4.2-debug/lib/debug/.build-id/63/5a9a235b72453543ce90a8748475d4ae5a8da2.sourceoverlay
making symlink relative: /nix/store/mna5310lw79xm17j0pqvn97ih2fbx6rb-calamares-3.4.2-debug/lib/debug/.build-id/d1/20690efd9548bce6ea645f06a452a2be223cc9.sourceoverlay
making symlink relative: /nix/store/mna5310lw79xm17j0pqvn97ih2fbx6rb-calamares-3.4.2-debug/lib/debug/.build-id/18/63fa43c2076737a63766347e50328b7deaf3eb.sourceoverlay
making symlink relative: /nix/store/mna5310lw79xm17j0pqvn97ih2fbx6rb-calamares-3.4.2-debug/lib/debug/.build-id/5e/adb860506ec2e6a91d18eb284171091a8f1c1f.sourceoverlay
making symlink relative: /nix/store/mna5310lw79xm17j0pqvn97ih2fbx6rb-calamares-3.4.2-debug/lib/debug/.build-id/33/c25ec4633e81327a14670a65fbb4bcd06c2f6c.sourceoverlay
making symlink relative: /nix/store/mna5310lw79xm17j0pqvn97ih2fbx6rb-calamares-3.4.2-debug/lib/debug/.build-id/50/5e62d5b6959437926e7a90be220223f0274828.sourceoverlay
making symlink relative: /nix/store/mna5310lw79xm17j0pqvn97ih2fbx6rb-calamares-3.4.2-debug/lib/debug/.build-id/77/d4eac9e200b733c8c98194d8b236ce32ddee9e.sourceoverlay
making symlink relative: /nix/store/mna5310lw79xm17j0pqvn97ih2fbx6rb-calamares-3.4.2-debug/lib/debug/.build-id/cd/61dd6620bf3c394d2b5fd3ba71ad39422c442b.sourceoverlay
making symlink relative: /nix/store/mna5310lw79xm17j0pqvn97ih2fbx6rb-calamares-3.4.2-debug/lib/debug/.build-id/76/130b6637c0a8c8ab841f403732c5b0ffafe04f.sourceoverlay
making symlink relative: /nix/store/mna5310lw79xm17j0pqvn97ih2fbx6rb-calamares-3.4.2-debug/lib/debug/.build-id/82/3b4a5095c9bb0133d6e69703bc6c7e340b4418.sourceoverlay
making symlink relative: /nix/store/mna5310lw79xm17j0pqvn97ih2fbx6rb-calamares-3.4.2-debug/lib/debug/.build-id/4b/8cc534cc08f8d09aa4b8769a408200b32bfa25.sourceoverlay
making symlink relative: /nix/store/mna5310lw79xm17j0pqvn97ih2fbx6rb-calamares-3.4.2-debug/lib/debug/.build-id/fa/f79e2c019bf7899811e896b2e17cff7a7712cd.sourceoverlay
making symlink relative: /nix/store/mna5310lw79xm17j0pqvn97ih2fbx6rb-calamares-3.4.2-debug/lib/debug/.build-id/ce/43ed8eef1abcb0790097fec2d8c93618539206.sourceoverlay
making symlink relative: /nix/store/mna5310lw79xm17j0pqvn97ih2fbx6rb-calamares-3.4.2-debug/lib/debug/.build-id/6f/0a3a7048068851104b05f8b61f073510c00cdb.sourceoverlay
making symlink relative: /nix/store/mna5310lw79xm17j0pqvn97ih2fbx6rb-calamares-3.4.2-debug/lib/debug/.build-id/17/6584bd92a1efd670d274b2a50407ce672ba543.sourceoverlay
making symlink relative: /nix/store/mna5310lw79xm17j0pqvn97ih2fbx6rb-calamares-3.4.2-debug/lib/debug/.build-id/17/dd786d2ccbe317f214bc1f85121623f54a79ad.sourceoverlay
making symlink relative: /nix/store/mna5310lw79xm17j0pqvn97ih2fbx6rb-calamares-3.4.2-debug/lib/debug/.build-id/06/c7014dd02f54901018ce3c801e267e7598b2fb.sourceoverlay
making symlink relative: /nix/store/mna5310lw79xm17j0pqvn97ih2fbx6rb-calamares-3.4.2-debug/lib/debug/.build-id/a6/d07a7221ef6dc72fb752db71a3fe145eada62b.sourceoverlay
making symlink relative: /nix/store/mna5310lw79xm17j0pqvn97ih2fbx6rb-calamares-3.4.2-debug/lib/debug/.build-id/28/b53b07a83837517d12e4db7e74df0fa62dd690.sourceoverlay
making symlink relative: /nix/store/mna5310lw79xm17j0pqvn97ih2fbx6rb-calamares-3.4.2-debug/lib/debug/.build-id/28/e652480e4778ecf7f8cf04766ba467e8c8e9df.sourceoverlay
making symlink relative: /nix/store/mna5310lw79xm17j0pqvn97ih2fbx6rb-calamares-3.4.2-debug/lib/debug/.build-id/9a/fe637b505b17a8f97802e1ca740394e2905ddc.sourceoverlay
making symlink relative: /nix/store/mna5310lw79xm17j0pqvn97ih2fbx6rb-calamares-3.4.2-debug/lib/debug/.build-id/5f/1cb045f5531e2c56757d851faf1a794a9151f9.sourceoverlay
making symlink relative: /nix/store/mna5310lw79xm17j0pqvn97ih2fbx6rb-calamares-3.4.2-debug/lib/debug/.build-id/c4/fd060c578ce1c26e544557daa33afc20909a05.sourceoverlay
making symlink relative: /nix/store/mna5310lw79xm17j0pqvn97ih2fbx6rb-calamares-3.4.2-debug/lib/debug/.build-id/5a/f5e803a000392e9e8272398896ffe3b0599a3b.sourceoverlay
making symlink relative: /nix/store/mna5310lw79xm17j0pqvn97ih2fbx6rb-calamares-3.4.2-debug/lib/debug/.build-id/1d/b4f86e6db22417e8c076ecfd0c600b9af4cd0b.sourceoverlay
making symlink relative: /nix/store/mna5310lw79xm17j0pqvn97ih2fbx6rb-calamares-3.4.2-debug/lib/debug/libcalamares_viewmodule_usersq.so
making symlink relative: /nix/store/mna5310lw79xm17j0pqvn97ih2fbx6rb-calamares-3.4.2-debug/lib/debug/libcalamares_job_umount.so
making symlink relative: /nix/store/mna5310lw79xm17j0pqvn97ih2fbx6rb-calamares-3.4.2-debug/lib/debug/libcalamares_job_preservefiles.so
making symlink relative: /nix/store/mna5310lw79xm17j0pqvn97ih2fbx6rb-calamares-3.4.2-debug/lib/debug/libcalamares_viewmodule_tracking.so
making symlink relative: /nix/store/mna5310lw79xm17j0pqvn97ih2fbx6rb-calamares-3.4.2-debug/lib/debug/libcalamares_job_unpackfsc.so
making symlink relative: /nix/store/mna5310lw79xm17j0pqvn97ih2fbx6rb-calamares-3.4.2-debug/lib/debug/libcalamares_viewmodule_packagechooserq.so
making symlink relative: /nix/store/mna5310lw79xm17j0pqvn97ih2fbx6rb-calamares-3.4.2-debug/lib/debug/libcalamares_job_removeuser.so
making symlink relative: /nix/store/mna5310lw79xm17j0pqvn97ih2fbx6rb-calamares-3.4.2-debug/lib/debug/libcalamares_job_zfs.so
making symlink relative: /nix/store/mna5310lw79xm17j0pqvn97ih2fbx6rb-calamares-3.4.2-debug/lib/debug/libcalamares_viewmodule_notesqml.so
making symlink relative: /nix/store/mna5310lw79xm17j0pqvn97ih2fbx6rb-calamares-3.4.2-debug/lib/debug/libcalamares_viewmodule_summaryq.so
making symlink relative: /nix/store/mna5310lw79xm17j0pqvn97ih2fbx6rb-calamares-3.4.2-debug/lib/debug/libcalamares_viewmodule_partition.so
making symlink relative: /nix/store/mna5310lw79xm17j0pqvn97ih2fbx6rb-calamares-3.4.2-debug/lib/debug/libcalamares_viewmodule_keyboardq.so
making symlink relative: /nix/store/mna5310lw79xm17j0pqvn97ih2fbx6rb-calamares-3.4.2-debug/lib/debug/libcalamares_viewmodule_users.so
making symlink relative: /nix/store/mna5310lw79xm17j0pqvn97ih2fbx6rb-calamares-3.4.2-debug/lib/debug/libcalamares_viewmodule_finished.so
making symlink relative: /nix/store/mna5310lw79xm17j0pqvn97ih2fbx6rb-calamares-3.4.2-debug/lib/debug/libcalamaresui.so.3.4.2
making symlink relative: /nix/store/mna5310lw79xm17j0pqvn97ih2fbx6rb-calamares-3.4.2-debug/lib/debug/libcalamares_viewmodule_localeq.so
making symlink relative: /nix/store/mna5310lw79xm17j0pqvn97ih2fbx6rb-calamares-3.4.2-debug/lib/debug/calamares
making symlink relative: /nix/store/mna5310lw79xm17j0pqvn97ih2fbx6rb-calamares-3.4.2-debug/lib/debug/libcalamares_viewmodule_oemid.so
making symlink relative: /nix/store/mna5310lw79xm17j0pqvn97ih2fbx6rb-calamares-3.4.2-debug/lib/debug/libcalamares_job_luksbootkeyfile.so
making symlink relative: /nix/store/mna5310lw79xm17j0pqvn97ih2fbx6rb-calamares-3.4.2-debug/lib/debug/libcalamares_job_dracutlukscfg.so
making symlink relative: /nix/store/mna5310lw79xm17j0pqvn97ih2fbx6rb-calamares-3.4.2-debug/lib/debug/libcalamares_viewmodule_summary.so
making symlink relative: /nix/store/mna5310lw79xm17j0pqvn97ih2fbx6rb-calamares-3.4.2-debug/lib/debug/libcalamares_job_machineid.so
making symlink relative: /nix/store/mna5310lw79xm17j0pqvn97ih2fbx6rb-calamares-3.4.2-debug/lib/debug/libcalamares_viewmodule_plasmalnf.so
making symlink relative: /nix/store/mna5310lw79xm17j0pqvn97ih2fbx6rb-calamares-3.4.2-debug/lib/debug/libcalamares_job_hostinfo.so
making symlink relative: /nix/store/mna5310lw79xm17j0pqvn97ih2fbx6rb-calamares-3.4.2-debug/lib/debug/libcalamares_viewmodule_welcome.so
making symlink relative: /nix/store/mna5310lw79xm17j0pqvn97ih2fbx6rb-calamares-3.4.2-debug/lib/debug/libcalamares_viewmodule_interactiveterminal.so
making symlink relative: /nix/store/mna5310lw79xm17j0pqvn97ih2fbx6rb-calamares-3.4.2-debug/lib/debug/libcalamares_viewmodule_welcomeq.so
making symlink relative: /nix/store/mna5310lw79xm17j0pqvn97ih2fbx6rb-calamares-3.4.2-debug/lib/debug/libcalamares_viewmodule_keyboard.so
making symlink relative: /nix/store/mna5310lw79xm17j0pqvn97ih2fbx6rb-calamares-3.4.2-debug/lib/debug/libcalamares_viewmodule_finishedq.so
making symlink relative: /nix/store/mna5310lw79xm17j0pqvn97ih2fbx6rb-calamares-3.4.2-debug/lib/debug/libcalamares_viewmodule_netinstall.so
making symlink relative: /nix/store/mna5310lw79xm17j0pqvn97ih2fbx6rb-calamares-3.4.2-debug/lib/debug/libcalamares.so.3.4.2
Running phase: postPatchMkspecs
building '/nix/store/6mi9yd52jf7s20fiwbvwipc04jvf18jg-autostart-calamares.drv'...
building '/nix/store/vlw5x6nwzsizpvi611c6s6xz7n68dfg5-calamares-offline.drv'...
building '/nix/store/71pahyqjak41q1x201n1p56kl6753122-install-nixos.desktop.drv'...
building '/nix/store/1znn60ss7knjsallrvmw40pfbvqg7d0m-system-path.drv'...
structuredAttrs is enabled
pkgs.buildEnv warning: creating dangling symlink `/nix/store/b7ivkwjab3692wdawhxhqv25srnsxgka-system-path//etc/xdg/xdg-default.desktop' -> `/nix/store/933h9xdr426bs6j17h6q3f2wh9xdz0w8-mint-artwork-1.9.3/etc/xdg/xdg-default.desktop' -> `/usr/share/mint-artwork/xfce'
pkgs.buildEnv warning: creating dangling symlink `/nix/store/b7ivkwjab3692wdawhxhqv25srnsxgka-system-path//etc/xdg/xdg-xfce' -> `/nix/store/933h9xdr426bs6j17h6q3f2wh9xdz0w8-mint-artwork-1.9.3/etc/xdg/xdg-xfce' -> `/usr/share/mint-artwork/xfce'
pkgs.buildEnv warning: creating dangling symlink `/nix/store/b7ivkwjab3692wdawhxhqv25srnsxgka-system-path//etc/xdg/xdg-default' -> `/nix/store/933h9xdr426bs6j17h6q3f2wh9xdz0w8-mint-artwork-1.9.3/etc/xdg/xdg-default' -> `/usr/share/mint-artwork/xfce'
created 17880 symlinks in user environment
install-info: warning: no info dir entry in `/nix/store/b7ivkwjab3692wdawhxhqv25srnsxgka-system-path/share/info/gawknotes.info'
gtk-update-icon-cache: Cache file created successfully.
gtk-update-icon-cache: Cache file created successfully.
gtk-update-icon-cache: Cache file created successfully.
gtk-update-icon-cache: Cache file created successfully.
gtk-update-icon-cache: Cache file created successfully.
gtk-update-icon-cache: Cache file created successfully.
gtk-update-icon-cache: Cache file created successfully.
building '/nix/store/4fzwa4hdkf3asq75qhbl4zfj9zjq90hv-X-Restart-Triggers-polkit.drv'...
building '/nix/store/mbm7ak1zcapkp1wzwcp1nnlf6h9njf2k-dbus-1.drv'...
building '/nix/store/csh1yk9r2c0nhgc20bnsi9whm6k1i7pg-unit-accounts-daemon.service.drv'...
building '/nix/store/bd51c3hzdg3nhkjn8k8dw9gfqpfkg9km-unit-polkit.service.drv'...
building '/nix/store/n1fr7bq7shk3snnj63mnk90dmj8j5fng-X-Restart-Triggers-dbus-broker.drv'...
building '/nix/store/28ssm03r94v9hw048fiw4sjygr0f3dji-unit-dbus-broker.service.drv'...
building '/nix/store/nnx9bvzbgaf991v0xss1bxvbfyfm7m22-unit-dbus-broker.service.drv'...
building '/nix/store/3xqf62fm2zjz9pi595k4gnj1g4r388s5-user-units.drv'...
building '/nix/store/garipvdg7kg4c7rplc2viw4xjvav30b4-system-units.drv'...
building '/nix/store/fhvdmga1ryddnkb63rcwra0d8pbpxw86-etc.drv'...
building '/nix/store/kzgwkja06zfkw9w09lf1mbrk7ib8fc4l-activate.drv'...
building '/nix/store/2ji49jhvl82pxz62ji1vaax9bbzw8dj3-nixos-system-nixos-bare-26.05pre-git.drv'...
structuredAttrs is enabled
building '/nix/store/4g3qz6j3g654swwhy2kdrnrmiai5230f-closure-info.drv'...
building '/nix/store/5sblaj754days7gcvdm4paa4y5c5igfr-efi-directory.drv'...
structuredAttrs is enabled
building '/nix/store/0s5x5pwlp5p6nmfqg7ww74rb1g7vpj0w-isolinux.cfg.drv'...
Building GRUB with modules:
 - fat
 - iso9660
 - part_gpt
 - part_msdos
 - normal
 - boot
 - linux
 - configfile
 - loopback
 - chain
 - halt
 - efifwsetup
 - efi_gop
 - ls
 - search
 - search_label
 - search_fs_uuid
 - search_fs_file
 - echo
 - serial
 - gfxmenu
 - gfxterm
 - gfxterm_background
 - gfxterm_menu
 - test
 - loadenv
 - all_video
 - videoinfo
 - png
Adding additional modules:
 - efi_uga
'/nix/store/y5b7003yidg3aavnmaxj15xpb7ksx92x-refind-0.14.2/share/refind/refind_x64.efi' -> '/nix/store/668iz3bgqxkf60q68c1zkxkna3fqql1p-efi-directory/EFI/BOOT/refind_x64.efi'
building '/nix/store/4dw8px2im08ykd2pshmv1l6bfqh4p2zj-efi-image_eltorito.drv'...
Usage size: 2097152
Image size: 3145728
mkfs.fat 4.2 (2021-01-31)
Copying BOOTX64.EFI
Copying grub.cfg
Copying refind_x64.efi
fsck.fat 4.2 (2021-01-31)
Checking we can access the last sector of the filesystem
Boot sector contents:
System ID "mkfs.fat"
Media byte 0xf8 (hard disk)
       512 bytes per logical sector
      2048 bytes per cluster
         1 reserved sector
First FAT starts at byte 512 (sector 1)
         2 FATs, 12 bit entries
      2560 bytes per FAT (= 5 sectors)
Root directory starts at byte 5632 (sector 11)
       512 root directory entries
Data area starts at byte 22016 (sector 43)
      1525 data clusters (3123200 bytes)
32 sectors/track, 2 heads
         0 hidden sectors
      6144 sectors total
Checking for unused clusters.
/nix/store/4ky2pnfs746iak2qx7pv1a7n07xy1n3r-efi-image_eltorito: 6 files, 719/1525 clusters
building '/nix/store/v0lsl9xjqrk7y2b9ig2fxvhbbsby9q4r-nixos-26.05pre-git-x86_64-linux.iso.drv'...
structuredAttrs is enabled
Parallel mksquashfs: Using 2 processors
Creating 4.0 filesystem on nix-store.squashfs, block size 1048576.
